cycle,basename,failure_type,gemini_name,gemini_const,gemini_party,manifest_name,manifest_const,manifest_party,manifest_aff_id,ocr_char_count,ocr_sample
andhrapradesh-2024,ADALA_PRABHAKARA_REDDY__2006.pdf,both_empty,,,,ADALA PRABHAKARA REDDY,Nellore Rural,Yuvajana Sramika Rythu Congress Party,2006,0,
andhrapradesh-2024,DADDALA_NARAYANA__865.pdf,raw,,,,DADDALA NARAYANA,Kanigiri,Yuvajana Sramika Rythu Congress Party,865,31671,                                                                                                                                                                                                     !NDIA NON JUDICIAT                                                                                     
andhrapradesh-2024,DARA_SUDHEER__2280.pdf,both_empty,,,,DARA SUDHEER,Nandikotkur (SC),Yuvajana Sramika Rythu Congress Party,2280,0,
andhrapradesh-2024,KAMINENI_SRINIVAS__3053.pdf,both_empty,,,,KAMINENI SRINIVAS,Kaikalur,Bharatiya Janata Party,3053,0,
andhrapradesh-2024,MADDULURI_MALA_KONDAIAH__2625.pdf,both_empty,,,,MADDULURI MALA KONDAIAH,Chirala,Telugu Desam,2625,0,
andhrapradesh-2024,NARAYANA_PONGURU__2143.pdf,raw,,,,NARAYANA PONGURU,Nellore City,Telugu Desam,2143,119217,INDIA NON JUDICIAL Government of Andhra Pradesh A70167342622+56W e-Stamp Certificate No Certificate Issued Date Account Palarence DOC Code Unique Doc Rorence Purchased by Desorption of Document Property Description Consideration Price (Rs.) IN-AP79167342622466 15-Apr-2004 11:22 AM NEWIMPACC (SV ap 8
andhrapradesh-2024,RAMAKRISHNAREDDY__PINNELLI__7283.pdf,raw,,,,RAMAKRISHNAREDDY. PINNELLI,Macherla,Yuvajana Sramika Rythu Congress Party,7283,48501,Certificato No. Certificate Issued Date Account Reference DDO Code Unique Doc. Reference Purchased by Description of Document INDIA NON JUDICIAL Government of Andhra Pradesh IN-AP80880256688247W e-Stamp IN-AP90880256888247W 20-Apr-2024 08:37 PM NEWIMPACC (SV) ap10014904/ AP-PLN/ AP-MCL/apshamouu 270
andhrapradesh-2024,ROSHAN_KUMAR_SONGA__2322.pdf,raw,,,,ROSHAN KUMAR SONGA,Chintalapudi,Telugu Desam,2322,22029,₹100 2024 06:24 PM 19-Apr सत्यमेव जयते INDIA NON JUDICIAL Government of Andhra Pradesh e-Stamp Certificate No. Certificate Issued Date Account Reference DDO Code Unique Doc. Reference : IN-AP80569668978550W 19-Apr-2024 06:24 PM NEWIMPACC (SV)/ ap18050404/ AP-ELR/ AP-VJW/apshaheeu : 27002308001 O/O I
andhrapradesh-2024,TALARI_VENKATA_RAO__981.pdf,empty_const,TALARI VENKATA RAO,,YSRCP,TALARI VENKATA RAO,Kovvur,Yuvajana Sramika Rythu Congress Party,981,15844,                                                                                                                 INDIA NON JUDICIAT                                                                                                                                                                         
andhrapradesh-2024,VARUPULA_SATYA_PRABHA__3233.pdf,both_empty,,,,VARUPULA SATYA PRABHA,Prathipadu,Telugu Desam,3233,0,
andhrapradesh-2024,VISHNU_KUMAR_RAJU_PENMETSA__2721.pdf,raw,,,,VISHNU KUMAR RAJU PENMETSA,Visakhapatnam North,Bharatiya Janata Party,2721,86664,SHOH Certificate No. Certificate Issued Date Account Reference DOO Code Unique Doc. Reference Purchased by Description of Document Property Description Consideration Price (Rs.) INDIA NON JUDICIAL Government of Andhra Pradesh IN-AP78813031858948W AGIL e-Stamp SHOIL IN-AP78813031898948W 12-Apr-2024 0
andhrapradesh-2024,VISWARUPU_PINIPE__1907.pdf,both_empty,,,,VISWARUPU PINIPE,Amalapuram,Yuvajana Sramika Rythu Congress Party,1907,0,
bihar-2025,AJAY_KUMAR__1662.pdf,empty_const,Vijay Kumar Verma,,JANATA DAL(united),AJAY KUMAR,MINAPUR,Janata Dal (United),1662,6661,                                                                                                                                                                                                                                                                                                            
bihar-2025,AMOD_KUMAR_SINGH__5943.pdf,both_empty,,,,AMOD KUMAR SINGH,NABINAGAR,Rashtriya Janata Dal,5943,6337,                                                                                                                                                                                                                                                                                                            
bihar-2025,ANAND_SHANKAR_SINGH__1368.pdf,empty_const,RAMRAJ PASWAN,,,ANAND SHANKAR SINGH,AURANGABAD,Indian National Congress,1368,14796,                                                                                                                                                                                                                                                                                                            
bihar-2025,ANIL_KUMAR__535.pdf,empty_const,AVZPALSK,,,ANIL KUMAR,BIKRAM,Indian National Congress,535,13641,                                                                                                                                                                                                                                                                                                            
bihar-2025,ANIRUDDHA_PRASAD_YADAV__750.pdf,empty_const,Anirudh Yadav,,,ANIRUDDHA PRASAD YADAV,NIRMALI,Janata Dal (United),750,13102,"अनुसूची 14- फारम सं0 511. जिल्द- संख्या 03 €.540104 वर्ष 15:46**** किससे प्राप्त हुआ अनिरुद्ध बाद मादव पेठ-महाराजी यादव किस मदे विधान आनर्वाचन :- 205 नमोवुन झुड बिहार विधान समा आम निर्वाचन - 2015 नामदेर्शन युत्छु रकम नकद ६० 10.000/ स्टाम्प के रूप में. कुल"" 10,000/- दस हजार रुपये मात्रा (केवल ......."
bihar-2025,ANWARUL_HAQUE__2121.pdf,empty_const,ANWARUL HAQUE,,,ANWARUL HAQUE,GORIAKOTHI,Rashtriya Janata Dal,2121,2227,                                               BRECRO76Ccz50900239380                                                            WELEARE STAMP                                                                       BIHAR! S2e0p                                                                      6    
bihar-2025,AWADHESH_SINGH__1244.pdf,both_empty,,,,AWADHESH SINGH,HAJIPUR,Bharatiya Janata Party,1244,18249,                                                                                                                                                                                                                                                                                                            
bihar-2025,BHAI_BIRENDRA__228.pdf,both_empty,,,,BHAI BIRENDRA,MANER,Rashtriya Janata Dal,228,0,
bihar-2025,BIJENDRA_PRASAD_YADAV__174.pdf,both_empty,,,,BIJENDRA PRASAD YADAV,SUPAUL,Janata Dal (United),174,0,
bihar-2025,BINITA_MEHTA__6334.pdf,both_empty,,,,BINITA MEHTA,GOBINDPUR,Lok Janshakti Party (Ram Vilas),6334,14526,                                                                                                                                                                                                                                                                                                            
bihar-2025,BRIJ_KISHOR_BIND__4945.pdf,empty_const,BRIJKISHOR BIND,,,BRIJ KISHOR BIND,CHAINPUR,Rashtriya Janata Dal,4945,2579,                                                                                                                                                                                                                               B02RE0C4R0O6s20e51                                                           
bihar-2025,CHANDAN_KUMAR__4927.pdf,empty_const,Pawan Kumar Mishra,,Rashtriya Janata Dal,CHANDAN KUMAR,RUNNISAIDPUR,Rashtriya Janata Dal,4927,15801,"                          BRECRO72C251000022670                                                                                                                               ""WELEARE STAMP                                                                                                                "
bihar-2025,DEEPAK_YADAV__6258.pdf,raw,,,,DEEPAK YADAV,NARKATIAGANJ,Rashtriya Janata Dal,6258,30466,                                                                                                                                                                                                                                                                                                            
bihar-2025,DEO_KUMAR_CHAURASIA__379.pdf,empty_const,Deokrchaurasia,,,DEO KUMAR CHAURASIA,HAJIPUR,Rashtriya Janata Dal,379,22669,                                                                                                                                                                                                                                                                                                            
bihar-2025,DR__RAMANAND_YADAV__358.pdf,empty_const,DR. RAMANAND YADAV,,,DR. RAMANAND YADAV,FATUHA,Rashtriya Janata Dal,358,17736,"                                                                                                                ,enkk  p,rct-N                                                                                   o- BR EaRooSc 2gto 6 oo17 l9g                                                              "
bihar-2025,DR__VIPIN_KUMAR_SINGH__4858.pdf,both_empty,,,,DR. VIPIN KUMAR SINGH,CHHATAPUR,Rashtriya Janata Dal,4858,7871,                                                                                                                                                                                                                                                                               kdr{                         
bihar-2025,GAUTAM_KRISHNA__2690.pdf,raw,,,,GAUTAM KRISHNA,MAHISHI,Rashtriya Janata Dal,2690,15787,BRECR008C251000026146 २५ WELFARE STAMP बिहार STATE BAR BIHARS PATNA CO BIHAR पच्चीस रूपये Rs. Twenty Five 8406pate 16-10-2021 * arsa ₹ 25 JA प्ररूप 26 नियम 4क देखिए ) d. K. Singh Regd No -268/04 * (India) Govt. of Bihar l 17- मोहा बिहार विधानसभा ( निर्वाचन क्षेत्र का नाम ) ATTESTED M.K. Singe/L5 L.N
bihar-2025,GHULAM_SHAHID__6006.pdf,empty_const,GHULAM SHAHID,,,GHULAM SHAHID,RAFIGANJ,Rashtriya Janata Dal,6006,15031,                                                                                                                                                                                                                                                                                                            
bihar-2025,GOPAL_KUMAR_AGARWAL__80.pdf,both_empty,,,,GOPAL KUMAR AGARWAL,THAKURGANJ,Janata Dal (United),80,0,
bihar-2025,JITENDRA_KUMAR__1748.pdf,both_empty,,,,JITENDRA KUMAR,ASTHAWAN,Janata Dal (United),1748,0,
bihar-2025,KARNJEET_SINGH_ALIAS_VYAS_SINGH__1614.pdf,both_empty,,,,KARNJEET SINGH ALIAS VYAS SINGH,DARAUNDA,Bharatiya Janata Party,1614,0,
bihar-2025,KAVITA_KUMARI_SAHA__2871.pdf,both_empty,,,,KAVITA KUMARI SAHA,MADHEPURA,Janata Dal (United),2871,0,
bihar-2025,KUMAR_SHAILENDRA__4579.pdf,both_empty,,,,KUMAR SHAILENDRA,BIHPUR,Bharatiya Janata Party,4579,0,
bihar-2025,LAKSHMI_NARAYAN_PRASAD_YADAV__4785.pdf,both_empty,,,,LAKSHMI NARAYAN PRASAD YADAV,CHIRAIA,Rashtriya Janata Dal,4785,0,
bihar-2025,MANISH_YADAV__6204.pdf,both_empty,,,,MANISH YADAV,NARPATGANJ,Rashtriya Janata Dal,6204,10909,                                                                                                                                                                                                                                                                                                            
bihar-2025,MANJARIK_MRINAL__196.pdf,empty_const,Tonar,,,MANJARIK MRINAL,WARISNAGAR,Janata Dal (United),196,10060,                                                                                                                                                                                                                                                                                                            
bihar-2025,MD__QAMRUL_HODA__4680.pdf,empty_const,MUMTAZ ZARRIN,,,MD. QAMRUL HODA,KISHANGANJ,Indian National Congress,4680,13586,                           rutuu                    /v/>>->a4      I                  frqls.       ...:..L                                                                                                                                                                                                  
bihar-2025,MINNATULLAH_RAHMANI__5384.pdf,raw,,,,MINNATULLAH RAHMANI,SUPAUL,Indian National Congress,5384,10051,"I                                                                                                                                               tolls                                                 FF                                                                                          [h;59]J.;,"
bihar-2025,MITHILESH_KUMAR_CHOUDHARY__2326.pdf,both_empty,,,,MITHILESH KUMAR CHOUDHARY,BENIPUR,Indian National Congress,2326,0,
bihar-2025,NAND_KISHOR_RAM__4310.pdf,empty_const,Nandkishor,,,NAND KISHOR RAM,RAMNAGAR,Bharatiya Janata Party,4310,8883,                                                                                                                                                                                                                                                                                                            
bihar-2025,PHOOLBABU_SINGH__807.pdf,empty_const,Halda Ch,,,PHOOLBABU SINGH,WARISNAGAR,Communist Party of India (Marxist-Leninist) (Liberation),807,10283,                                                                                                                                                                                                                                                                                                            
bihar-2025,RAJEEV_KUMAR_URF_MUNNA_YADAV__1502.pdf,empty_const,Vijay Kumar Verma,,,RAJEEV KUMAR URF MUNNA YADAV,MINAPUR,Rashtriya Janata Dal,1502,7309,                                                                                                                                                                                                                                  Essn4PEECRDA6CE51000D0224BREERS26                                         
bihar-2025,RAJENDRA_KUMAR__5745.pdf,empty_const,Rajendra Kumar Ram,,,RAJENDRA KUMAR,HARSIDHI,Rashtriya Janata Dal,5745,13977,                                  $                                                                                                                                                                                                                                  E  t{6t{                               
bihar-2025,RAJESH_KUMAR__6242.pdf,both_empty,,,,RAJESH KUMAR,KUTUMBA,Indian National Congress,6242,0,
bihar-2025,RAJU_TIWARI__4039.pdf,both_empty,,,,RAJU TIWARI,GOVINDGANJ,Lok Janshakti Party (Ram Vilas),4039,0,
bihar-2025,RAKESH_KUMAR_PANDEY__4232.pdf,empty_const,Rakesh Kumar Pandey,,,RAKESH KUMAR PANDEY,HARLAKHI,Communist Party of India,4232,13270,                                                                                                                                                                                                                                                                                                            
bihar-2025,RAMESH_RISHI__3364.pdf,empty_const,A KRPB,,,RAMESH RISHI,SINGHESHWAR,Janata Dal (United),3364,13595,                                                                                                                                                                                                      INDIA  JUDIClAL                                                                                       
bihar-2025,RAM_KRIPAL_YADAV__690.pdf,empty_const,Ram Kripal Yadav,,,RAM KRIPAL YADAV,DANAPUR,Bharatiya Janata Party,690,9362,                              BRECROOSC2510000266A7                                                                                                             S4.Date.                                                                                                                                    
bihar-2025,RATNESH_KUMAR__1479.pdf,empty_const,Shashi Kumar Sinha,,,RATNESH KUMAR,PATNA SAHIB,Bharatiya Janata Party,1479,7977,                                                                                                       WELEARE M                                                                                                                                                                                            
bihar-2025,RATNESH_SADA__2055.pdf,empty_const,Ratnesh Sada,,,RATNESH SADA,SONBARSHA,Janata Dal (United),2055,16112,                                                                                                                                                                                                                                                                                                            
bihar-2025,RIT_LAL_ROY__803.pdf,both_empty,,,,RIT LAL ROY,DANAPUR,Rashtriya Janata Dal,803,0,
bihar-2025,ROHIT_PANDEY__1921.pdf,empty_const,ROHIT PANDEY,,,ROHIT PANDEY,BHAGALPUR,Bharatiya Janata Party,1921,2305,           BRECRI26C251000041550                                                                                                                                            WELEARE SAME                                                                                                                    
bihar-2025,RUPA_KUMARI__2403.pdf,both_empty,,,,RUPA KUMARI,FATUHA,Lok Janshakti Party (Ram Vilas),2403,15153,                                                                                                                                                                                                                                                                                                            
bihar-2025,SANJAY_KUMAR_PANDEY__3902.pdf,empty_const,SANJAY KUMAR PANDEY,,BJP,SANJAY KUMAR PANDEY,NARKATIAGANJ,Bharatiya Janata Party,3902,13590,"                                                                                                                       eot84,r                                                                  {^k2{o                                                                                                      "
bihar-2025,SARITA_DEVI__2638.pdf,empty_const,Amarendra Kumar Trivedi,,INDIAN NATIONAL CONGRESS,SARITA DEVI,SONBARSHA,Indian National Congress,2638,12809, .lrlllFrtrtrt ErrI                                                                                 r.                                                                                  -                                                                                  !-.t167723                       
bihar-2025,SHAKEEL_AHMAD_KHAN__6376.pdf,empty_const,Shakeel Ahmad Khan,,Indian National Congress,SHAKEEL AHMAD KHAN,KADWA,Indian National Congress,6376,18681,19 BROM 1500011900 २५ WELFARE STAMP बिहार 48 पच्चीस BIHAR AR HTTONE VICHARD AreaTIHAR (Reet /A6-18/30/2 Date-652026 12025 प्ररूप 26 ( नियम 4क देखिए 4 कदवा 1.2 20/10/25 ( निर्वाचन क्षेत्र का नाम ) निर्वाचन क्षेत्र से बिहार विधान सभा 2018 सदन का नाम ) के निर्वाचन के लिए रिटर्निंग ऑफिसर के समक्ष अभ्यर्
bihar-2025,SHASHI_SHANKAR_KUMAR_ALIAS_RAJESH_YADAV__6142.pdf,both_empty,,,,SHASHI SHANKAR KUMAR ALIAS RAJESH YADAV,DINARA,Rashtriya Janata Dal,6142,5850,                                                                                                                                                                                                                                       F{fl{                                                                
bihar-2025,SIDDHARTH_SAURAV__716.pdf,empty_const,JAI PRAKASH,,Samajwadi Party,SIDDHARTH SAURAV,BIKRAM,Bharatiya Janata Party,716,17980,                                                                                                                                                                                                                                                                                                            
bihar-2025,SUBODH_KUMAR__5512.pdf,both_empty,,,,SUBODH KUMAR,RAMNAGAR,Rashtriya Janata Dal,5512,12855,                                                                                                                                                                                                                                                                                                            
bihar-2025,SUSHIL_KUMAR__2898.pdf,both_empty,,,,SUSHIL KUMAR,CHERIA - BARIARPUR,Rashtriya Janata Dal,2898,0,
bihar-2025,TANUSHREE_KUMARI__6037.pdf,both_empty,,,,TANUSHREE KUMARI,BARACHATTI,Rashtriya Janata Dal,6037,0,
bihar-2025,TARKISHORE_PRASAD__3877.pdf,both_empty,,,,TARKISHORE PRASAD,KATIHAR,Bharatiya Janata Party,3877,0,
gujarat-2022,AHIR_MULUBHAI_RANMALBHAI_KANDORIYA__1320.pdf,empty_const,MULUBHAI RANMALBHAI KANDORIYA,,,AHIR MULUBHAI RANMALBHAI KANDORIYA,Dwarka,Indian National Congress,1320,18828,                                                                                                                                                                                                                                                                                                            
gujarat-2022,ARUNSINH_AJITSINH_RANA__1091.pdf,empty_const,ARUNSINH AJITSINH RANA,,,ARUNSINH AJITSINH RANA,Vagra,Bharatiya Janata Party,1091,5122,                                L                                                                                                                                                                                                                                                                           
gujarat-2022,ARVINDBHAI_JINABHAI_LADANI__1051.pdf,empty_const,LADANI ANVINDBHAI JINABHAL,,,ARVINDBHAI JINABHAI LADANI,Manavadar,Indian National Congress,1051,19075,                                                                                                                                                                                                                                                                                                            
gujarat-2022,ASHVINBHAI_NATVARBHAI_PATEL__KAKA__2876.pdf,empty_const,PATEL ASHVINBHAI NATVARBHAI,,,ASHVINBHAI NATVARBHAI PATEL (KAKA),Vaghodia,Bharatiya Janata Party,2876,28492,"                                                                                                                                                                                                                                                ""'·1~01,crtnN:OOt)1e1AL~'1::t                               "
gujarat-2022,BABUSINHJI_MOHANSINHJI_THAKOR__2776.pdf,empty_const,BABUSINHJI MOHANSINHJI THAKOR,,Indian National Congress,BABUSINHJI MOHANSINHJI THAKOR,Mansa,Indian National Congress,2776,18402,"                                                                                                                                                                                                                     \\\t/,i                                                           INDIA  NON   JUDICIAL"
gujarat-2022,BAHECHARSINH_HARISINH_RATHOD__4447.pdf,empty_const,RATHOD BAHECHARSINH HARISINH,,BTYPR,BAHECHARSINH HARISINH RATHOD,Prantij,Indian National Congress,4447,3941,        :       .                                                                                                                                                                                                                                                                                           
gujarat-2022,BALDEVJI_CHANDUJI_THAKOR__1888.pdf,empty_const,THAKOR BALDEVJI CHANDUJI,,INC,BALDEVJI CHANDUJI THAKOR,Kalol,Indian National Congress,1888,27912,                                                                                                                                                                                                                    \ r\\\t                                                                                 
gujarat-2022,BALKRUSHNA_KHANDERAO_SHUKLA__BALU_SHUKLA__2798.pdf,raw,,,,BALKRUSHNA KHANDERAO SHUKLA (BALU SHUKLA),Raopura,Bharatiya Janata Party,2798,23042,7300 सत्यमेव जयते Certificate No. Certificate Issued Date Account Reference Unique Doc. Reference Purchased by Description of Document INDIA NON JUDICIAL Government of Gujarat Certificate of Stamp Duty IN-GJ58897690627315U 14-Nov-2022 11:33 AM CSCACC (GV)/ gjcsceg07/ GJ-BARIT0112/ GJ-BA SUBIN-GJGJCS
gujarat-2022,BHARATBHAI_KIKUBHAI_PATEL__922.pdf,empty_const,PATEL BHARATBHAI KIKUBHAI,,,BHARATBHAI KIKUBHAI PATEL,Valsad,Bharatiya Janata Party,922,6073,                                                                                                                                                                                                                                                                                                            
gujarat-2022,BHIKHIBEN_GIRVATSINH_PARMAR__2900.pdf,empty_const,BHIKHIBEN PARMAR,,,BHIKHIBEN GIRVATSINH PARMAR,Bayad,Bharatiya Janata Party,2900,3307,                                                                                                                                                                                                                                                                                                            
gujarat-2022,CHANDANJI_TALAJI_THAKOR__3973.pdf,empty_const,CHANDANJI TALAJI THAKOR,,,CHANDANJI TALAJI THAKOR,Sidhpur,Indian National Congress,3973,8945,                                                                                                                                                                                                                                                                                                            
gujarat-2022,DARSHNA_M__VAGHELA__2815.pdf,empty_const,DARSHNAVAGHELA,,,DARSHNA M. VAGHELA,Asarwa,Bharatiya Janata Party,2815,23994,                                                                                                                                                                                                                                                                                                            
gujarat-2022,DESAI_YATISH_GOVINDLAL__1266.pdf,empty_const,DESAI YATISH GOVINDBHAI,,,DESAI YATISH GOVINDLAL,Gondal,Indian National Congress,1266,18047,                                                                                                                                                                                                                                                                                                            
gujarat-2022,DEVABHAI_PUNJABHAI_MALAM__924.pdf,empty_const,Malam Devabhai Punjabhai,,,DEVABHAI PUNJABHAI MALAM,Keshod,Bharatiya Janata Party,924,3194,                                                                                                                                                                                                                                         RA                                                                 
gujarat-2022,DHARMENDRASINH_RANUBHA_VAGHELA__BAPU__1642.pdf,raw,,,,DHARMENDRASINH RANUBHA VAGHELA (BAPU),Vaghodia,Independent,1642,62072,12-Nov-2022 11:36 AM 12-Nov-2022 11:36 AM 12-Nov-2022 11:36 AM 12-Nov-2022 11:36 AM 12-Nov-2022 11:36 AM 12-Nov-20221 12-Nov-2022 11:36 AM 12-Nov-2022 11:36 AM 12-Nov-2022 11:36 AM 12-Nov-2022 11:36 AM 12-Nov-2022 11:36 AM 12-Nov-2022 11.36 AM 12 INDIA NON JUDICIAL Government of Gujarat SUGIL Certif
gujarat-2022,DINESHSINH_RAJENDRASINH_KUSHWAHA__2967.pdf,empty_const,KUSHWAHA DINESHSINGH RAJENDRASINGH,,,DINESHSINH RAJENDRASINH KUSHWAHA,Bapunagar,Bharatiya Janata Party,2967,20167,                                                                                                                                                                                                                                                                                                            
gujarat-2022,DR__KANUBHAI_V__KALSARIA__833.pdf,both_empty,,,,DR. KANUBHAI V. KALSARIA,Mahuva,Indian National Congress,833,0,
gujarat-2022,DR__MAHENDRABHAI_PADALIA__1286.pdf,empty_const,MAHENDRA KARSANBHAI PADALIA,,,DR. MAHENDRABHAI PADALIA,Dhoraji,Bharatiya Janata Party,1286,9603,                                                                                                                                                                                   INDIA   NON JUDICIAL                                                                                                     
gujarat-2022,DR__PRAKASH_BUDHABHAI_PARMAR__DOCTOR__4514.pdf,empty_const,PARMAR PRAKASHKUMAR BUDHABHAI,,,DR. PRAKASH BUDHABHAI PARMAR (DOCTOR),Petlad,Indian National Congress,4514,46527,                                                                                                                                                                                                                                                                                                            
gujarat-2022,DURLABHJIBHAI_HARAKHJIBHAI_DETHARIYA__1274.pdf,empty_const,DURLABHJIBHAI HARAKHJIBHAI DETHARIYA,,,DURLABHJIBHAI HARAKHJIBHAI DETHARIYA,Tankara,Bharatiya Janata Party,1274,6063,                                                                                                                                                                                     INDIA  NON  JUDICIAL                                                                                                   
gujarat-2022,FATESINH_VAKHATSINH_CHAUHAN__1671.pdf,empty_const,CHAUHAN FATESINH VAKHATSINH,,,FATESINH VAKHATSINH CHAUHAN,Kalol,Bharatiya Janata Party,1671,3897,                                                                                                                                                                          INDIA  NON  JUDICIAL                                                                                                              
gujarat-2022,GAJENDRASINH_UDESINH_PARMAR__2827.pdf,empty_const,GAJENDRASINH UDESINH PARMAR,,BJP,GAJENDRASINH UDESINH PARMAR,Prantij,Bharatiya Janata Party,2827,4582,                                                                                                                                                                                                                                                                                                            
gujarat-2022,GEETABA_JAYRAJSINH_JADEJA__1261.pdf,empty_const,GITABA JAYRAJSINH JADEJA,,,GEETABA JAYRAJSINH JADEJA,Gondal,Bharatiya Janata Party,1261,16873,                                                                                                                                                                                                                                             ?0lt                                                           
gujarat-2022,GHANSHYAMBHAI_PRAGJIBHAI_VIRANI__2393.pdf,empty_const,VIRANI GHANSHYAMBHAI PRAGJIBHAI,,,GHANSHYAMBHAI PRAGJIBHAI VIRANI,Botad,Bharatiya Janata Party,2393,3875,                                                                                                                                          2394/2022                                                                                                                       INDIAN   ON  3TCIAA            3/ 
gujarat-2022,GOVINDBHAI_DALABHAI_PARMAR__2964.pdf,empty_const,PARMAR GOVINDBHAI DALABHAI,,,GOVINDBHAI DALABHAI PARMAR,Fatepura,Aam Aadmi Party,2964,2835,                                                                                                                                                                                                                                                       INDIA  NON  JUDICIAL                                 
gujarat-2022,GULABSINH_PIRABHAI_RAJPUT__3483.pdf,empty_const,RAJPUT GULABSINH PIRABHAI,,,GULABSINH PIRABHAI RAJPUT,Tharad,Indian National Congress,3483,20804,                                                                                                                                                                                                                                                                                                            
gujarat-2022,GUNJARIYA_CHHATRASINH_SHANKARBHAI__2122.pdf,empty_const,GUNJARIYA CHHATRASINH SHANKARBHAI,,,GUNJARIYA CHHATRASINH SHANKARBHAI,Dhrangadhra,Indian National Congress,2122,5541,                                                                                                                                                                                                                     Go                                                  INDIA   NON  JUDICIAL              
gujarat-2022,HARSH_RAMESH_SANGHVI__2283.pdf,empty_const,HARSH RAMESH SANGHVI,,,HARSH RAMESH SANGHVI,Majura,Bharatiya Janata Party,2283,23901,                                                                                                                                                                                                                                                                                                            
gujarat-2022,HIMMATSINH_PATEL__4448.pdf,empty_const,HIMMATSINH PRAHLADSINH PATEL,,,HIMMATSINH PATEL,Bapunagar,Indian National Congress,4448,23075,                                                                                                                                                                                                                                                                                                            
gujarat-2022,HITESHKUMAR_DEVJIBHAI_VASAVA__1600.pdf,empty_const,VASAVA HITESHKUMAR DEVJIBHAI,,,HITESHKUMAR DEVJIBHAI VASAVA,Dediapada,Bharatiya Janata Party,1600,6903,                                                                                                                                                                                                                                                      INDIA  NON  JUDICIAL                                  
gujarat-2022,INDRANIL_RAJGURU__2275.pdf,empty_const,INDRANIL SANJAYBHAI RAJGURU,,,INDRANIL RAJGURU,Rajkot East,Indian National Congress,2275,7583,                                                                                                                                                                                                                                                                                                     INDIA  
gujarat-2022,ISHWARSINH_THAKORBHAI_PATEL__980.pdf,empty_const,Ishwarsinh Thakorbhai Patel,,,ISHWARSINH THAKORBHAI PATEL,Ankleshwar,Bharatiya Janata Party,980,10936,                                                                                                                                                                                                                                                                                                            
gujarat-2022,JAMNABEN_SURESHBHAI_VEGDA__3745.pdf,empty_const,VEGDA JAMNABEN SURESHBHAI,,,JAMNABEN SURESHBHAI VEGDA,Danilimda,Independent,3745,8406,                                                                                                                                                                                                                                                                                    INDIA  NON  JUDICIAL    
gujarat-2022,JAYANTIBHAI_SOMABHAI_PATEL__J_S__PATEL__3861.pdf,raw,,,,JAYANTIBHAI SOMABHAI PATEL (J.S. PATEL),Mansa,Bharatiya Janata Party,3861,58466,"3M Nov 2003-03-20121 सत्यमेव जयते Certificate No. Certificate Issued Date Account Reference Unique Doc. Reference Purchased by Description of Document INDIA NON JUDICIAL Government of Gujarat BOOK NO 7\/ Certificate of Stamp Duty IN-GJ60854097150527U 17-Nov-2022 01:13 AM SR. NO., 711 1086 DATE 17 NO"
gujarat-2022,JAYDRATHSINHJI_PARMAR__3036.pdf,raw,,,,JAYDRATHSINHJI PARMAR,Halol,Bharatiya Janata Party,3036,29298,                                                                      t                                                                                     M                                                                                                                                INDIA   NON   J
gujarat-2022,KALABHAI_RAIJIBHAI_DABHI__3823.pdf,empty_const,DABHI KALABHAI RAIJI,,Indian National Congress,KALABHAI RAIJIBHAI DABHI,Kapadvanj,Indian National Congress,3823,22135,                                                                                                                                                                                                                                                                                                            
gujarat-2022,KALPESH_PATEL__1479.pdf,empty_const,PATEL KALPESHKUMAR AMRATBHAI,,,KALPESH PATEL,Dharampur,Independent,1479,4331,                                                                                                                                                                                                                                                                                                            
gujarat-2022,KALUBHAI_CHANABHAI_RATHOD__1926.pdf,empty_const,RATHOD KALUBHAI CHANABHAI,,,KALUBHAI CHANABHAI RATHOD,Una,Bharatiya Janata Party,1926,31272,                                                                                                                                                                                                 ...\\\-)\\i                                                                                                
gujarat-2022,KALUBHAI_RUPABHAI_DABHI__3013.pdf,empty_const,DABHI KALUBHAI ROOPABHAI,,,KALUBHAI RUPABHAI DABHI,Dhandhuka,Bharatiya Janata Party,3013,5555,                                                                                                                                                                                          INDIA  NON   JUDICIAL                                                                                             
gujarat-2022,KAMLESHBHAI_RAMESHBHAI_PATEL__MASTER__4528.pdf,empty_const,PATEL KAMLESHBHAI RAMESHBHAI,,,KAMLESHBHAI RAMESHBHAI PATEL (MASTER),Petlad,Bharatiya Janata Party,4528,15464,                                                                                                                                                                                                                                                                                                            
gujarat-2022,KANUBHAI_MOHANLAL_DESAI__818.pdf,empty_const,KANUBHAI MOHANBHAI DESAI,,,KANUBHAI MOHANLAL DESAI,Pardi,Bharatiya Janata Party,818,4179,                                                                                                                                                                                                                                                                                                            
gujarat-2022,KARSANBHAI_PUNJABHAI_SOLANKI__3318.pdf,empty_const,ARWAJ PUNJA SOLANKI,,,KARSANBHAI PUNJABHAI SOLANKI,Kadi,Bharatiya Janata Party,3318,26208,                                                                                                                                                                                                                                                                                                            
gujarat-2022,KESHAJI_SHIVAJI_CHAUHAN__2822.pdf,empty_const,KESHAJI SHIVAJI CHAUHAN,,,KESHAJI SHIVAJI CHAUHAN,Deodar,Bharatiya Janata Party,2822,2458,                                                                                                                                                                             INDIAN   ON JUDICIAL                                                                                                           
gujarat-2022,KIRITBHAI_ISHVARBHAI_PATEL__4083.pdf,empty_const,KIRITBHAI ISHWARBHAI PATEL,,,KIRITBHAI ISHVARBHAI PATEL,Visnagar,Indian National Congress,4083,6964,                                                                                                                                                                                                                                                                                                            
gujarat-2022,KIRITKUMAR_CHIMANLAL_PATEL__3241.pdf,empty_const,PATEL KIRITKUMAR CHIMANLAL,,,KIRITKUMAR CHIMANLAL PATEL,Patan,Indian National Congress,3241,8279,                                                                                                                                                                                                                                                                                                            
gujarat-2022,KISHORSINH_KUMBHAJIBHAI_GOHIL__K__K__GOHIL__2548.pdf,empty_const,KISHORSINH KUMBHAJI GOHIL,,,KISHORSINH KUMBHAJIBHAI GOHIL (K. K. GOHIL),Bhavnagar West,Indian National Congress,2548,4634,                                                                                                                                                                                                                                     248)    2022                                                           
gujarat-2022,LALIT_VASOYA__1372.pdf,empty_const,VASOYALALITKUMAR JASMATBHAI,,,LALIT VASOYA,Dhoraji,Indian National Congress,1372,5779,                                                                                                                                                                                 INDIA  NON   JUDICIAL                                                                                                      
gujarat-2022,MAHESHKUMAR_AMRUTLAL_PATEL__4104.pdf,empty_const,MAHESHKUMAR AMRUTLAL PATEL,,,MAHESHKUMAR AMRUTLAL PATEL,Palanpur,Indian National Congress,4104,8590,                                                                                                                                                                                                                                                                  INDIA  NON   JUDICIAL                     
gujarat-2022,MANOJ_SORATHIYA__1017.pdf,empty_const,Sorathiya Manojkumar Tulsibhai,,,MANOJ SORATHIYA,Karanj,Aam Aadmi Party,1017,21550,"                                                                                                                                                                                    ,t1'rf,o[a'""AL                                                                                                          "
gujarat-2022,NARESHBHAI_VAJIRBHAI_VADVI__1043.pdf,empty_const,NARESHBHAI VAJIRBHAI VADVI,,,NARESHBHAI VAJIRBHAI VADVI,Umbergaon,Indian National Congress,1043,3450,                                                                                                                                                                                                                                                                                                            
gujarat-2022,PABUBHA_VIRAMBHA_MANEK__1272.pdf,raw,,,,PABUBHA VIRAMBHA MANEK,Dwarka,Bharatiya Janata Party,1272,28750,                                                                                                                                                                                                                                                                                           INDIA   NON   JUD
gujarat-2022,PARMAR_RAJENDRASINH_DHIRSINH__2989.pdf,empty_const,RAJENDRASINH DHIRSINH PARMAR,,,PARMAR RAJENDRASINH DHIRSINH,Borsad,Indian National Congress,2989,29580,                                                                                                                                                                                                                                                                                                            
gujarat-2022,PATEL_MUKESHKUMAR_D__4675.pdf,empty_const,Mukesh Patel,,,PATEL MUKESHKUMAR D.,Mahesana,Bharatiya Janata Party,4675,6935,                                                                                                                                                                                                                                                                                                            
gujarat-2022,PATKAR_RAMANLAL_NANUBHAI__998.pdf,empty_const,RAMANLAL NANUBHAI PATKAR,,,PATKAR RAMANLAL NANUBHAI,Umbergaon,Bharatiya Janata Party,998,5025,                                                                                                                                                                                                                                                                                                            
gujarat-2022,POONAMBHAI_MADHABHAI_PARMAR__4473.pdf,both_empty,,,,POONAMBHAI MADHABHAI PARMAR,Sojitra,Indian National Congress,4473,0,
gujarat-2022,PRABHATSINH_PRATAPSINH_CHAUHAN__1780.pdf,empty_const,RAAHUHAR AY HIAEhHEHH,,,PRABHATSINH PRATAPSINH CHAUHAN,Kalol,Indian National Congress,1780,5403,                                                                                                                                                                        INDIA   NON  JUDICIAL                                                                                                               
gujarat-2022,PRATAP_DUDHAT__1047.pdf,raw,,,,PRATAP DUDHAT,Savarkundla,Indian National Congress,1047,37779,750 INDIA NON JUDICIAL Government of Gujarat ✓ Rs. Certificate No. सत्यमेव जयते Certificate of Stamp Duty : IN-GJ57575133942800U Certificate Issued Date 10-Nov-2022 04:09 PM Account Reference Unique Doc. Reference Purchased by 50 Page No. Serial No. 151012022 Receipt Ho/5/2022 Date 10/11/2022 £10 NO
gujarat-2022,P_C_BARANDA__2737.pdf,raw,,,,P.C.BARANDA,Bhiloda,Bharatiya Janata Party,2737,18977,14-Nov-2022 10:55 AM 14-Nov-2022 10:55 AM 14-Nov-2022 10:55 AM 14-Nov 2022 10:55 AM 2022 10:55 AM 14-Nov-2022 1055 AM 14-Nov-2022 10-55 INDIA NON JUDICIAL Government of Gujarat VOM A T SHCIL Rs. ₹100 HCIL 100 CIL Certificate No. Certificate Issued Date Account Reference Unique Doc. Reference Purchas
gujarat-2022,P_K_PARMAR__2569.pdf,empty_const,PARMAR PARSOTAMBHAI KHENGARBHAI,,,P.K.PARMAR,Dasada,Bharatiya Janata Party,2569,24656,"                                                                                                                                                                                                                     ,, \ :                                                                                 "
gujarat-2022,P_K__PATEL__4627.pdf,empty_const,PRAVINKUMAR KESHAVLAL PATEL,,,P.K. PATEL,Mahesana,Indian National Congress,4627,4507,                                                                                                                                                                                                                Serial No:. 2dtt                                  INDIA  NON  JUDICIAL       Book No..      
gujarat-2022,RAJENDRASINH_MOHANSINH_RATHVA__3542.pdf,empty_const,RATHAVA RAJENDRASINH MOHANSINH,,BJP,RAJENDRASINH MOHANSINH RATHVA,Chhota Udaipur,Bharatiya Janata Party,3542,32188,                                                                                                                                                                                                                                                                                      INDIA   NON   JUDICIAL
gujarat-2022,RANJIT__MUNNABHAI__PANCHAL__941.pdf,raw,,,,RANJIT (MUNNABHAI) PANCHAL,Jalalpore,Indian National Congress,941,42902,"(G.P.V.)-Y-5338-18,250-10-2022-A4*. FORM 26 [See rule 4 A) AL 5.51mm REG NO 1011 AFFIDAVIT TO BE FILED BY THE CANDIDATE ALONGWITINATION PAPER BEFORE THE RETURNING OFFICER FOR ELECTION TO GUJARAT . (NAME OF THE HOUSE) FROM. 174. JALALPORE .............. CONSTITUENCY (NAME OF THE CONSTITUENCY) PART A "
gujarat-2022,RATHWA_JAYANTIBHAI_SAVJIBHAI__4293.pdf,empty_const,RATHAVA JAYANTIBHAI SAVJIBHAI,,,RATHWA JAYANTIBHAI SAVJIBHAI,Jetpur,Bharatiya Janata Party,4293,19580,                                                                                                                                                                                                                                                                                       INDIA  NON   JUDICIAL
gujarat-2022,SEJALBEN_RAJIVKUMAR_PANDYA__2762.pdf,empty_const,Sejal Pandya,,,SEJALBEN RAJIVKUMAR PANDYA,Bhavnagar East,Bharatiya Janata Party,2762,21639,                                                                                                                                                                                                                                                                                                            
gujarat-2022,SONAL_RAMANBHAI_PATEL__4011.pdf,empty_const,SONAL RAMANBHAI PATEL,,,SONAL RAMANBHAI PATEL,Naranpura,Indian National Congress,4011,5849,                                                                                                                                                                                                                                                                                                            
gujarat-2022,SULEMAN_PATEL__2172.pdf,empty_const,PATEL SULEMANBHAI MUSHABHAI,,,SULEMAN PATEL,Vagra,Indian National Congress,2172,4619,                                                                                                                                                                                                                                                                                                            
gujarat-2022,THAKOR_LAXMANJI_PUNJAJI__BAKAJI__4734.pdf,empty_const,THAKOR LAXMANJI PUNJAJI,,,THAKOR LAXMANJI PUNJAJI (BAKAJI),Kalol,Bharatiya Janata Party,4734,23496,r                                                                                                                                                                                                                                                                                       INDIA   NON  JUDICIA
gujarat-2022,VIJAYBHAI_RAMESHBHAI_PATEL__1414.pdf,empty_const,PATEL VIJAYBHAI RAMESHBHAI,,,VIJAYBHAI RAMESHBHAI PATEL,Dangs,Bharatiya Janata Party,1414,20770,                                                                                                                                                                                                  'NA                 lll//                                I                                                
gujarat-2022,VIJAYSINH_THAKORBHAI_PATEL__VALLABHDAS__2000.pdf,empty_const,VIJAYSINH THAKORBHAI PATEL,,,VIJAYSINH THAKORBHAI PATEL (VALLABHDAS),Ankleshwar,Indian National Congress,2000,4733,                                                                                                                                                                                                                                                                                                            
gujarat-2022,YOGESH_R__PATEL__BAPJI__3001.pdf,empty_const,YOGESHBHAI RAOJIBHAI PATEL,,Bharatiya Janata Party,YOGESH R. PATEL (BAPJI),Anand,Bharatiya Janata Party,3001,29072,S INDIA NON JUDICIAL Government of Gujarat Rs. Certificate No. SHOIL Hel Certificate Issued Date Account Reference Unique Doc. Reference Purchased by सत्यमेव जयते HCIL Certificate of Stamp Duty IN-GJ59206945130554U 14-Nov-2022 02:44 PM 50 IMPACC (AC)/ gj13264711/ ANAND/ GJ-AN SUBIN-GJGJ1326471147073
gujarat-2022,ZALA_RAJESHKUMAR_MAGANBHAI__3336.pdf,empty_const,RAJESH ZALA,,,ZALA RAJESHKUMAR MAGANBHAI,Kapadvanj,Bharatiya Janata Party,3336,18810, r                                                                                                                                                                                                                                                                                       INDIA  NON   JUDICI
karnataka-2023,AIHOLE_DURYODHAN_MAHALINGAPPA__1980.pdf,raw,,,,AIHOLE DURYODHAN MAHALINGAPPA,Raybag,Bharatiya Janata Party,1980,19793,1 INDIA NON JUDICIAL | जयते Government of Karnataka e-Stamp : Jed Date : IN-KA42529807804414V 15-Apr-2023 03:51 PM : Reference : ence Price (Rs.) ARY *NOT Rs... RAIBAS TALOY OF RARNATAKA GOVERNMENT OF KARNATAKA GOVERNMENT OF PPA AIHOLE OF RAIBAG DROOMAN MAHALINGA URYODHAN MAHALINGANHOLE ORAL HOLE OF
karnataka-2023,AJAY_SINGH__1219.pdf,raw,,,,AJAY SINGH,Jewargi,Indian National Congress,1219,29991,                                                                                                                                                                                                                                                                           ヘ                                
karnataka-2023,ANDALAGI_VEERABHADRAGOUDA_SHIVANAGOUD_PATIL__458.pdf,both_empty,,,,ANDALAGI VEERABHADRAGOUDA SHIVANAGOUD PATIL,Yellapur,Indian National Congress,458,0,
karnataka-2023,ARUNKUMAR_GUTTUR__427.pdf,empty_const,ARUNKUMAR GUTTUR,,,ARUNKUMAR GUTTUR,Ranibennur,Bharatiya Janata Party,427,12820,                                                                                                                                                                                                                                                                                                            
karnataka-2023,A__S__PATIL__NADAHALLI__546.pdf,raw,,,,A. S. PATIL (NADAHALLI),Muddebihal,Bharatiya Janata Party,546,30394,INDIA NON JUDICIAL O सत्यमेव जयते Government of Karnataka e-Stamp Certificate No. Certificate Issued Date Account Reference Unique Doc. Reference Purchased by IN-KA42781797656425V : 17-Apr-2023 10:00 AM : NONACC (FI)/ kaksfcl08/ MUDDEBIHAL/ KA-BJ : SUBIN-KAKAKSFCL0868630727113784V AMINAPPAGOUDA SANG
karnataka-2023,BHAGIRATHI_MURULYA__4313.pdf,empty_const,BHAGIRATHI,,,BHAGIRATHI MURULYA,Sullia,Bharatiya Janata Party,4313,19100,"                                                                                         i'i*.ry,?':%                                                                          .4).!4                                                                                                                       "
karnataka-2023,BHASKAR_RAO__631.pdf,empty_const,Bhaskar Rao,,,BHASKAR RAO,Chamrajpet,Bharatiya Janata Party,631,3403,                                                                                                                                                                                                                                                                                                            
karnataka-2023,BHIMANNA_T__NAIK__531.pdf,empty_const,BHIMANNAT NAIK,,,BHIMANNA T. NAIK,Sirsi,Indian National Congress,531,33389,                                                                                                                                                                                                                                                                                                            
karnataka-2023,B__A__BASAVARAJA__1438.pdf,both_empty,,,,B. A. BASAVARAJA,K.R. Pura,Bharatiya Janata Party,1438,12389,                                                                                                                                                                                                                                                                                                            
karnataka-2023,CHIKKAREVANNA__907.pdf,empty_const,CHIKKAREVANNA,,,CHIKKAREVANNA,Ramdurg,Bharatiya Janata Party,907,20751,                                                                                                                                                                                                                                                                                                     Page t 
karnataka-2023,C__PUTTARANGASHETTY__945.pdf,empty_const,C PUTTARANGA SHETTY,,,C. PUTTARANGASHETTY,Chamarajanagar,Indian National Congress,945,21653,"  t'                                                                                                            ""fi                                                                                                                                                                                         "
karnataka-2023,C__S__PUTTARAJU__1524.pdf,empty_const,CSPUTTARAJU,,,C. S. PUTTARAJU,Melukote,Janata Dal (Secular),1524,8254,                                                                                                                                                                                                                                                                                                            
karnataka-2023,DHARSHAN_PUTTANNAIAH__4974.pdf,empty_const,DARSHAN PUTTANAIAH,,,DHARSHAN PUTTANNAIAH,Melukote,Sarvodaya Karnataka Paksha,4974,5738,                                                                                                                                                                                                                                                                                                            
karnataka-2023,DODDANAGOUDA_G_PATIL__1288.pdf,both_empty,,,,DODDANAGOUDA G PATIL,Hungund,Bharatiya Janata Party,1288,0,
karnataka-2023,DR__K_SRINIVASAMURTHY__791.pdf,empty_const,Dr K SRINIVASAMURTHY,,,DR. K.SRINIVASAMURTHY,Nelamangala,Janata Dal (Secular),791,12916,                                                                                                                                                                                                                                                                                                  I         
karnataka-2023,DR__SHIVARAJ_PATIL__481.pdf,raw,,,,DR. SHIVARAJ PATIL,Raichur,Bharatiya Janata Party,481,24757,सत्यमेव जयते Certificate No. INDIA NON JUDICIAL Government of Karnataka e-Stamp IN-KA40433122418356V Certificate Issued Date : 12-Apr-2023 09:00 PM Account Reference Unique Doc. Reference : : NONACC (FI)/ kagcs108/ RAICHUR2/ KA-RC SUBIN-KAKAGCSL0864154949589748V Purchased by : DR S SHIVARAJ PATIL De
karnataka-2023,DR___H_D_RANGANATH__850.pdf,both_empty,,,,DR|| H D RANGANATH,Kunigal,Indian National Congress,850,0,
karnataka-2023,D_C_GOWRISHANKAR_SWAMY__2081.pdf,empty_const,D C GOWRI SHANKAR SWAMY,,,D.C.GOWRISHANKAR SWAMY,Tumkur Rural,Janata Dal (Secular),2081,16894,                                                                                                                                                                                                                                                                                                            
karnataka-2023,D_K_SHIVAKUMAR__1184.pdf,raw,,,,D K SHIVAKUMAR,Kanakapura,Indian National Congress,1184,115259,INDIA NON JUDICIAL सत्यमेव जयते Government of Karnataka e-Stamp Certificate No. Certificate Issued Date Account Reference Unique Doc. Reference Purchased by Description of Document Description Consideration Price (Rs.) IN-KA41935982316626V : 15-Apr-2023 11:26 AM : NONACC (BK)/ kakscub08/ MALLESHWARA
karnataka-2023,G_K__VENKATASHIVAREDDY__4334.pdf,empty_const,G K VENKATASHIVAREDDY,,,G.K. VENKATASHIVAREDDY,Srinivaspur,Janata Dal (Secular),4334,15352,                                                                                                                                                                                                                                                                                                            
karnataka-2023,H_K__SURESH__HULLALLI_SURESH__1145.pdf,raw,,,,H.K. SURESH (HULLALLI SURESH),Belur,Bharatiya Janata Party,1145,44125,सत्यमेव जयते INDIA NON JUDICIAL Government of Karnataka e-Stamp Certificate No. Certificate Issued Date Account Reference Unique Doc. Reference Purchased by Description of Document Description Consideration Price (Rs.) First Party Second Party Stamp Duty Paid By Stamp Duty Amount(Rs.) IN-KA398635167
karnataka-2023,H_M_GANESH_PRASAD__27.pdf,empty_const,H M GANESHPRASAD,,,H.M.GANESH PRASAD,Gundlupet,Indian National Congress,27,21438,                                                                                                                                                                                                                                                                                                            
karnataka-2023,H__A__IQBAL_HUSSAIN__659.pdf,raw,,,,H. A. IQBAL HUSSAIN,Ramanagaram,Indian National Congress,659,38201,INDIA NON JUDICIAL सत्यमेव जयते Government of Karnataka A IQBAL HUSSAIN PAIONA *TAS NOBZ HUSSAIN HAIORAL Certificate No. Certificate Issued Date Account Reference e-Stamp ORAL HUSSAIN IN-KA41216519572776V 125 JAN TOB Unique Doc. Reference Purchased by AL Description of Document Description AS Consid
karnataka-2023,IQBAL_ANSARI__2457.pdf,both_empty,,,,IQBAL ANSARI,Gangawati,Indian National Congress,2457,0,
karnataka-2023,KELACHANDRA_JOSEPH_GEORGE__1457.pdf,raw,,,,KELACHANDRA JOSEPH GEORGE,Sarvagnanagar,Indian National Congress,1457,27243,                                                                                                                                                                                                                                                                                                            
karnataka-2023,K_R_SRIDHARA__4338.pdf,raw,,,,K.R.SRIDHARA,B.T.M Layout,Bharatiya Janata Party,4338,47983,INDIA NON JUDICIAL सत्यमेव जयते Government of Karnataka KSRIDHARA SA KR SRIDHARA KRSRE AKASHARA KESIHARA KR BR e-Stamp KNMR SPHONARY KIS ☐ Certificate No. IN-KA43427596159468V SEWMARA KRS Certificate Issued Date : 17-Apr-2023 02:01 PM ARA KRB RAHBARCA T NONACC (FI)/kacrsf108/ KORAMAGALA9/ KAJY Accou
karnataka-2023,MANIKANTA_RATHOD__4641.pdf,empty_const,MANIKANTA NARENDRA RATHOD,,,MANIKANTA RATHOD,Chittapur,Bharatiya Janata Party,4641,33838,                                                                                                                                                                                                                                                                                                            
karnataka-2023,M_T_KRISHNAPPA__309.pdf,empty_const,M T KRISHNAPPA,,,M.T.KRISHNAPPA,Turuvekere,Janata Dal (Secular),309,22810,                                                                                                                                                                                                                                                                                                            
karnataka-2023,N_NAGARAJU__1019.pdf,both_empty,,,,N NAGARAJU,Hosakote,Bharatiya Janata Party,1019,0,
karnataka-2023,N_R__SANTHOSH__525.pdf,empty_const,NRSANTHOSH,,,N.R. SANTHOSH,Arsikere,Janata Dal (Secular),525,4825,                                                                                                                                                                                                                                                                                                            
karnataka-2023,N__CHALUVARAYASWAMY__1004.pdf,empty_const,N CHALUVARAYA SWAMY,,,N. CHALUVARAYASWAMY,Nagamangala,Indian National Congress,1004,27001,                                                                                                                                                                                                                                                                                                            
karnataka-2023,P_M_NARENDRASWAMY__2145.pdf,empty_const,P M NARENDRA SWAMY,,,P.M.NARENDRASWAMY,Malavalli,Indian National Congress,2145,4843,                                                                                                                                                      A                                                                             \ÊWe                                                                    
karnataka-2023,RAJKUMAR_PATIL_TELKUR__2649.pdf,empty_const,RAJKUMAR VEERASHETTAPPA SEDAM,,,RAJKUMAR PATIL TELKUR,Sedam,Bharatiya Janata Party,2649,15563,                                                                                                                                                                                                                                                                  ffi-                                      
karnataka-2023,R_K_RAMESH__1317.pdf,empty_const,RK RAMESH,,,R K RAMESH,Bangalore South,Indian National Congress,1317,7024,                                                                                                                                                                                                                                                                                                            
karnataka-2023,R__NARENDRA__1297.pdf,raw,,,,R. NARENDRA,Hanur,Indian National Congress,1297,26337,सत्यमेव जयते GRAJUGODA DEFLATE GRADOV Certificate No. 3 RAJUGOWDA ATE GRA Certificate Issued Date RAJUGO Account Reference LATE G RAJ INDIA NON JUDICIAL Government of Karnataka Rs. 10 CHANICALCITRICTANCE ARCI SHGIL RHCIO SHGIL BHĊIL BMCIL SHOIU SHO e-Stamp RA SOIN DE LATE GRAUGOWDA DODDINDUVAD RNA P
karnataka-2023,SHILPA_RAGHAVENDRA__569.pdf,empty_const,SHILPA PATIL,,bjp,SHILPA RAGHAVENDRA,Sandur,Bharatiya Janata Party,569,4757,                                                                                                                                                                                                                                                                                                            
karnataka-2023,SIDDARAMAIAH__2721.pdf,both_empty,,,,SIDDARAMAIAH,Varuna,Indian National Congress,2721,0,
karnataka-2023,S__KUMARA_BANGARAPPA__517.pdf,empty_const,S KUMAR BANGARAPPA,,,S. KUMARA BANGARAPPA,Sorab,Bharatiya Janata Party,517,4715,                                                                                                                                                                                                                                                                                                            
karnataka-2023,UJANESHWAR_BASAVANNAPPA_BANAKAR__3354.pdf,raw,,,,UJANESHWAR BASAVANNAPPA BANAKAR,Hirekerur,Indian National Congress,3354,25133,सत्यमेव जयते Certificate No. Certificate Issued Date Account Reference Unique Doc. Reference Purchased by Description of Document 1 INDIA NON JUDICIAL Government of Karnataka e-Stamp IN-KA43970629110538V 18-Apr-2023 10:22 AM NONACC (FI)/ kacardb08/ HIREKERUR/KA-HV SUBIN-KAKACARDB0870872261042530V : 
karnataka-2023,V_SUNILL_KUMAR__15.pdf,empty_const,V SUNIL KUMAR,,,V SUNILL KUMAR,Karkal,Bharatiya Janata Party,15,19596,"                                                                                                                                             /r                                                                                  2   lt,),+t                                                                "
kerala-2026,ADVOCATE_A_M_ARIFF__830.pdf,empty_const,A M Arifi,,,ADVOCATE A.M.ARIFF,ALUVA,Communist Party of India (Marxist),830,28026,                                                                                                                                                                                                                                                                                                            
kerala-2026,JAYANTHI_RAJAN__2770.pdf,empty_const,JAYANTHI C R,,,JAYANTHI RAJAN,KUTHUPARAMBA,Indian Union Muslim League,2770,25129,"                                                                                                                                                            *'di;,                                                                              ail""                                                        "
kerala-2026,KALLATRA_MAHIN__1572.pdf,raw,,,,KALLATRA MAHIN,KASARAGOD,Indian Union Muslim League,1572,38173,MANH -നോൺ ജുഡീഷ്വൽ ₹200 കേരള സർക്കാർ GOVERNMENT OF KERALA e-Stamp NON JUDICIAL 200 e-Stamp Serial Number: 202526000008760136 Govt. Reference No.(GRN) Purpose Amount of Stamp Paper Purchased in Numeral Amount of Stamp Paper Purchased in Words Stamp Paper Purchased on First Party Name First Party Addr
kerala-2026,K_SURENDRAN__920.pdf,raw,,,,K SURENDRAN,MANJESHWAR,Bharatiya Janata Party,920,79927,IDRAN KSU നോൺ ജുഡീഷ്യൽ 200 കേരള സർക്കാർ GOVERNMENT OF KERALA e-Stamp NON JUDICIAL 200 ENDRAH SU RENDRAN e-Stamp Serial Number: 202526000008722068 Govt. Reference No. (GRN) Purpose SERENDRE KL051601997202526EAN Amount of Stamp Paper Purchased in Numeral Affidavit : *200 Verification Code: 945705661V 
kerala-2026,K__MURALEEDHARAN__875.pdf,empty_const,K Muraleedharan,,,K. MURALEEDHARAN,VATTIYOORKAVU,Indian National Congress,875,30455,നോൺ ജുഡീഷ്യൽ NON JUDICIAL 200 കേരള സർക്കാർ GOVERNMENT OF KERALA e-Stamp 200 e-Stamp Serial Number: 202526000008704032 Govt. Reference No. (GRN) Purpose Amount of Stamp Paper Purchased in Numeral Amount of Stamp Paper Purchased in Words Stamp Paper Purchased on First Party Name First Party Address Se
kerala-2026,MUHAMMED_MUHSIN__M__K_MANJERIKUNNATH__2913.pdf,empty_const,Muhammar Grimm MK,,,MUHAMMED MUHSIN. M. K MANJERIKUNNATH,PATTAMBI,Independent,2913,17455,"__ ഫാറം 26 (ചട്ടം 4 എ കാണുക) 050 ..(നിയോജക മണ്ഡലത്തിന്റെ പേര്) നിയോജക മണ്ഡലത്തിൽ നിന്നും നാ. സഭയുടെ പേര്)-ലേയ്ക്കുള്ള തിരഞ്ഞെടുപ്പിനായി സ്ഥാനാർത്ഥി, വരണാധികാരി മുൻപാകെ നാമനിർദ്ദേശ പത്രികയോടൊപ്പം സമർപ്പിക്കേണ്ട സത്യവാങ്മൂലം. ഭാഗം എ മേൽപ്രകാരമുള്ള തിരഞ്ഞെടുപ്പിലെ ഒരു സ്ഥാനാർത്ഥിയായ MK a 3.3]). (പൂർണ്ണ"
kerala-2026,M_S_VISWANATHAN__1085.pdf,empty_const,VISWANATHAN M S,,,M S VISWANATHAN,SULTHANBATHERY,Communist Party of India (Marxist),1085,20371,20 നോൺ ജുഡീഷ്വൽ 100 കേരള സർക്കാർ GOVERNMENT OF KERALA e-Stamp be NON JUDICIAL 100 e-Stamp Serial Number: 202526000008743321 Govt. Reference No.(GRN) Purpose Amount of Stamp Paper Purchased in Numeral Amount of Stamp Paper Purchased in Words Stamp Paper Purchased on First Party Name First Party Addre
kerala-2026,M__M__NASEER__4065.pdf,empty_const,Naseer,,,M. M. NASEER,CHADAYAMANGALAM,Indian National Congress,4065,24770,                                                                                                                                                                                                                                                                                                            
kerala-2026,O_S_AMBIKA__910.pdf,both_empty,,,,O.S AMBIKA,ATTINGAL,Communist Party of India (Marxist),910,13633,                                                                                                                                                                                                                                                                                                            
kerala-2026,PREETHI_KONCHATH__1849.pdf,empty_name,,Kottakkal,,PREETHI KONCHATH,KOTTAKKAL,Communist Party of India (Marxist),1849,2973,ethere state & time teste the sam Tar defon h or before 1300px GOY NOTARY IV. RATHISH APEA OF PRACTICE TRU MAM KERALA Reg No 43180 boria: -10 INDEP A 12 ഭാഗം ബി മുതൽ (10) വരെ നൽകിയ വിശദവിവരങ്ങളുടെ സംഗ്രഹം സ്ഥാ OF 01/unlamajasal പൂർണ്ണമായ പൊയ് വിലാസം കുറ്റി 679571 DY നിയോജകണ്ഡലത്തിന് നമ്പറും പേരും 46
kerala-2026,P_T_AJAY_MOHAN__3697.pdf,empty_const,PT Ajay Mohan,,,P T AJAY MOHAN,KUNNAMKULAM,Indian National Congress,3697,22808,നോൺ ജുഡീഷ്യൽ 200 കേരള സർക്കാർ GOVERNMENT OF KERALA NON JUDICIAL 200 S Mohan PT Ajay PT Ajay e-Stamp e-Stamp Serial Number: 202526000008706091 by Mohan Govt. Reference No. (GRN) Mohan PTA Ajay Mohan an P Alay Moh Purpose PT Ajay Mohan Verification Code: 973928240V Ajay Mohan PT Ajay Moh KL05152951720
kerala-2026,SAJU_K_P__592.pdf,empty_name,,Rajani,,SAJU K P,THALASSERY,Indian National Congress,592,16739,"ഫാറം 26 (ചട്ടം 4 എ കാണുക) ..(നിയോജക മണ്ഡലത്തിന്റെ പേര്) നിയോജക മണ്ഡലത്തിൽ നിന്നും രജനി..(സഭയുടെ പേര്)-ലേയ്ക്കുള്ള തിരഞ്ഞെടുപ്പിനായി സ്ഥാനാർത്ഥി, വരണാധികാരി മുൻപാകെ നാമനിർദ്ദേശ പത്രികയോടൊപ്പം സമർപ്പിക്കേണ്ട സത്യവാങ്മൂലം. ഭാഗം എ മേൽപ്രകാരമുള്ള തിരഞ്ഞെടുപ്പിലെ ഒരു സ്ഥാനാർത്ഥിയായ AN 670676.. (പൂർണ്ണമായ "
kerala-2026,SALEEM_MADAVOOR__4385.pdf,both_empty,,,,SALEEM MADAVOOR,KODUVALLY,Independent,4385,11696,                                                                                                                                                                                                                                                                                                            
madhyapradesh-2023,ABHIJEET_SHAH__ANKIT_BABA__2740.pdf,empty_const,P. M. A.,,,ABHIJEET SHAH (ANKIT BABA),Timarni,Indian National Congress,2740,13562,                                                                                                                                                                                                                                                                                                            
madhyapradesh-2023,ABHILASH_PANDEY__1950.pdf,empty_const,Abhilash Pandey,,BJP,ABHILASH PANDEY,Jabalpur Uttar,Bharatiya Janata Party,1950,3523,                                                                                                                                                                                                                                                      IA                                                    
madhyapradesh-2023,ALOK_CHATURVEDI__PAJJAN_BHAIYA__3169.pdf,raw,,,,ALOK CHATURVEDI (PAJJAN BHAIYA),Chhatarpur,Indian National Congress,3169,41110,oists Chhatar Notory Chandla Public NOTORY OMPRAKASH PATEL (Adv) Reg No MP/1/01/CHANDLA CHHATARPUR 06/23/() 25/07/23 To 24/07/28 NOTA GOVE OFWARARIAL M.P.) Chanda Dishi PT NOTORY Chhatarpur OMPRAKASH PATEL (Adv) Reg No MP/11/01/CHANDLA (CHHATARPURI/06/21/() 25/07/23 To 24/07/28 (M.P.) NOTARIAL OF MI
madhyapradesh-2023,ANIL_JAIN__3750.pdf,empty_const,Anil Jain,,,ANIL JAIN,Niwari,Bharatiya Janata Party,3750,16069,                                                                                                                                                                                                                                                                                                            
madhyapradesh-2023,ARCHANA_DIDI__1543.pdf,empty_const,Archana Chitnis,,,ARCHANA DIDI,Burhanpur,Bharatiya Janata Party,1543,17395,                                                                                                                                                                                                                                                                                                            
madhyapradesh-2023,BALKRISHN_PATIDAR__701.pdf,both_empty,,,,BALKRISHN PATIDAR,Khargone,Bharatiya Janata Party,701,2364,                                                                                                                                                                                                                                                                                                            
madhyapradesh-2023,BAPU_SINGH_TANWAR__2905.pdf,empty_const,Bapu Singh Tanwar,,,BAPU SINGH TANWAR,Rajgarh,Indian National Congress,2905,4850,                                                                                                                                                                                                                                                                                                            
madhyapradesh-2023,BHANU_BHURIYA__784.pdf,empty_const,BunYa,,CKPs Bqss B,BHANU BHURIYA,Jhabua,Bharatiya Janata Party,784,11697,                                                                                                                                                                                                                                                                                J                           
madhyapradesh-2023,BODHSINGH_BHAGAT__1794.pdf,empty_const,Anandrao Tembhre,,,BODHSINGH BHAGAT,Katangi,Indian National Congress,1794,5220,                                                                                                                                                                                                                                                                                                            
madhyapradesh-2023,CHANDA_SURENDRA_SINGH_GOUR__656.pdf,both_empty,,,,CHANDA-SURENDRA SINGH GOUR,Khargapur,Indian National Congress,656,1483,                                                                                                                                                                                                                                                                                                            
madhyapradesh-2023,CHETAN_PREMNARAYAN_YADAV__1978.pdf,raw,,,,CHETAN PREMNARAYAN YADAV,Ujjain Dakshin,Indian National Congress,1978,21068,                                                                                                                                                                                                                                                                                                            
madhyapradesh-2023,DEEPAK_MAHESH_JOSHI___PINTU__1220.pdf,empty_const,Deepak Mahesh Joshi Pintu,,,"DEEPAK MAHESH JOSHI "" PINTU """,Indore-3,Indian National Congress,1220,13519,                                                                                                                                                                                                                                                                                                            
madhyapradesh-2023,DHARMENDRA_BHAV_SINGH_LODHI__2790.pdf,both_empty,,,,DHARMENDRA BHAV SINGH LODHI,Jabera,Bharatiya Janata Party,2790,0,
madhyapradesh-2023,DR_SATISH_SIKARWAR__684.pdf,empty_const,Satish S Gwalior,,,DR SATISH SIKARWAR,Gwalior East,Indian National Congress,684,12006,                                                                                                                                                                                                                                                                                                            
madhyapradesh-2023,DR__GOVIND_SINGH__1230.pdf,raw,,,,DR. GOVIND SINGH,Lahar,Indian National Congress,1230,20798,भारतीय गैर न्यायिक एक सौ रुपये रु. 100 00100 100100100100 100100100100 CANCELLED CANCELLED NOTARIAL NOT NOTARIAL सत्यमेव जयते CANCELLED NOTARIAL REES NOTARIAL AMING VELCO • भारत IND OTAL CANCELLED 0010010010010 100100 0010 3380 Date 25/10/202 INDIA NON JU मध्य प्रदेश MADHYA PRADESH D.K. Shrivastava 
madhyapradesh-2023,DR__MOHAN_YADAV__4808.pdf,empty_const,DR. MOHAN YADAV,,,DR. MOHAN YADAV,Ujjain Dakshin,Bharatiya Janata Party,4808,15844,                                                                                                                                                                                                                                                                                                            
madhyapradesh-2023,DR__VIJAY_ANAND_MARAVI__1503.pdf,empty_const,Pratibha,,,DR. VIJAY ANAND MARAVI,Bichhiya,Bharatiya Janata Party,1503,2596,                                                                                                                                                                                                                                                                                                            
madhyapradesh-2023,DR__VIKRANT_BHURIA__2760.pdf,empty_const,ABT,,,DR. VIKRANT BHURIA,Jhabua,Indian National Congress,2760,17500,                                                                                                                                                                                                                                                                                                            
madhyapradesh-2023,DR__YOGESH_PANDAGRE__1141.pdf,both_empty,,,,DR. YOGESH PANDAGRE,Amla,Bharatiya Janata Party,1141,0,
madhyapradesh-2023,ER__RAJENDRA_SHARMA__1227.pdf,empty_const,Vinod Kumar,,,ER. RAJENDRA SHARMA,Rewa,Indian National Congress,1227,15460,                                                                                                                                                                                                Registration and Stamp Department                                                                           
madhyapradesh-2023,GHANSHYAM_PIRONIYA__3285.pdf,both_empty,,,,GHANSHYAM PIRONIYA,Bhander,Bharatiya Janata Party,3285,14587,                                                                                                                                                                                                                                                                                                            
madhyapradesh-2023,GHANSHYAM_SINGH__1320.pdf,empty_const,Ghanshyam Singh,,,GHANSHYAM SINGH,Sewda,Indian National Congress,1320,17234,                                                                                                                                                                                                                                                                                                            
madhyapradesh-2023,GOLU_SHUKLA_RAKESH__1951.pdf,empty_const,Golu Shukla,,,GOLU SHUKLA RAKESH,Indore-3,Bharatiya Janata Party,1951,18438,                                                                                                    o                 TA&                                                       ! r**-                                       gTA               o                                                            
madhyapradesh-2023,HARI_SINGH_SAPRE__4553.pdf,empty_const,RAJNEESH KUMAR JAIN,,BJP,HARI SINGH SAPRE,Kurwai,Bharatiya Janata Party,4553,12888,                                                                                                                                                                        t                                                                                                             1fffiq{tT W  vr-q frqr
madhyapradesh-2023,HEERENDRA_SINGH_BUNTY_PEELAGHATA__1094.pdf,empty_const,Heerendra Singh Peelaghata,,,HEERENDRA SINGH BUNTY PEELAGHATA,Raghogarh,Bharatiya Janata Party,1094,5419,                                                                                                                                                                                                                                                                                                            
madhyapradesh-2023,KAILASH_VIJAYVARGIYA__4924.pdf,empty_const,Kailash Vijayvargiya,,,KAILASH VIJAYVARGIYA,Indore-1,Bharatiya Janata Party,4924,15800,"                                                                                                                                                                                                                                                                                      qrrsnd'""rr''llqilt*-ff"
madhyapradesh-2023,KAMLESHWAR_INDRAJEET_KUMAR__1113.pdf,empty_const,Kamleshwar Patel,,,KAMLESHWAR INDRAJEET KUMAR,Sihawal,Indian National Congress,1113,14634,                                                                                                                                                                                                                                                                                                            
madhyapradesh-2023,KAPIDHWAJ_SINGH__BHAIYA_SAHEB__3092.pdf,empty_const,KAPIL DHWAJ SINGH,,,"KAPIDHWAJ SINGH ""BHAIYA SAHEB""",Gurh,Indian National Congress,3092,7162,                                                                                                                                                                                                                                                                                                            
madhyapradesh-2023,KAWRE_RAMKISHOR__NANO__1812.pdf,both_empty,,,,KAWRE RAMKISHOR (NANO),Paraswada,Bharatiya Janata Party,1812,6375,                                                                                                                                                                                                                                                                         Registration and Stamp Department  
madhyapradesh-2023,LAKHAN_SINGH_PATEL__752.pdf,empty_const,Lakhan Singh Patel,,,LAKHAN SINGH PATEL,Narsingpur,Indian National Congress,752,2348,                                                                                                                                                                                                                                                                                                            
madhyapradesh-2023,LAKHAN_SINGH_YADAV__1714.pdf,empty_const,LAKHAN SINGH YADAV,,,LAKHAN SINGH YADAV,Bhitarwar,Indian National Congress,1714,11918,                                                                                                                                                                                                                                                                                                            
madhyapradesh-2023,LAXMAN_SINGH_DINDOR__5564.pdf,empty_const,LAXMAN SINGH ROY,,,LAXMAN SINGH DINDOR,Ratlam Rural,Indian National Congress,5564,3012,                                                                                                                                                                                                                                                                                                            
madhyapradesh-2023,MADHU_BHAU_BHAGAT__742.pdf,empty_const,DILIP TEMBHRE,,,MADHU BHAU BHAGAT,Paraswada,Indian National Congress,742,3215,                                                                                                                                                                                                                                                                                                            
madhyapradesh-2023,MAHENDRA_HARDIA__1696.pdf,empty_const,Mahendra Hardia,,,MAHENDRA HARDIA,Indore-5,Bharatiya Janata Party,1696,16818,                                                                                                                                                                                                                                                                                                            
madhyapradesh-2023,MAHESH_PARMAR__820.pdf,empty_name,,Tarana 214,,MAHESH PARMAR,Tarana,Indian National Congress,820,3794,                                                                                                      R Y                                                                                                                Sorial Mo.A.8..at.lol2042                      JAR                                 
madhyapradesh-2023,MALINI_LAXMANSINGH_GAUR__2471.pdf,empty_const,SUBHASH N. MAL KUSHWAH,,,MALINI LAXMANSINGH GAUR,Indore-4,Bharatiya Janata Party,2471,12041,                                                                                                                                                                                                                                                                                                            
madhyapradesh-2023,MANOJ_NIRBHAY_SINGH_PATEL__2604.pdf,empty_const,MANOJ PATEL,,,MANOJ NIRBHAY SINGH PATEL,Depalpur,Bharatiya Janata Party,2604,3789,                                                                                                                                                                                                                                                                                                            
madhyapradesh-2023,MATHURA_LAL_DAMAR__1433.pdf,empty_const,MATHURALAL DAMAR,,BJP,MATHURA LAL DAMAR,Ratlam Rural,Bharatiya Janata Party,1433,4510,                                                                                                                                                                                                                                                                         M(MAM?                             
madhyapradesh-2023,MAYA_SINGH__MAMI_JI__807.pdf,empty_const,Maya Singh,,BJP,MAYA SINGH (MAMI JI),Gwalior East,Bharatiya Janata Party,807,13518,                                                                                                                                                                                                                                                                                                            
madhyapradesh-2023,MOHAN_SINGH_RATHORE__1847.pdf,empty_const,R. K. HIVHARE,,,MOHAN SINGH RATHORE,Bhitarwar,Bharatiya Janata Party,1847,16564,                                                                                                                                                                                                                                                                                                            
madhyapradesh-2023,MUKESH_TANDAN__4876.pdf,empty_const,Rakesh Kumar Yadav,,,MUKESH TANDAN,Vidisha,Bharatiya Janata Party,4876,15771,                                                                    I                                                                                    a                                                                                    a                                                         iffi
madhyapradesh-2023,NAGENDRA_SINGH__2033.pdf,empty_const,N Singh,,,NAGENDRA SINGH,Gurh,Bharatiya Janata Party,2033,8838,                                                                                                                                                                                                                                                                                                            
madhyapradesh-2023,NARAYAN_SINGH_PANWAR__1098.pdf,both_empty,,,,NARAYAN SINGH PANWAR,Biaora,Bharatiya Janata Party,1098,16507,                                 I                                                                                                                                                   eqlsTfrftf;s                                                                                                           
madhyapradesh-2023,NARAYAN_SINGH_PATTA__1337.pdf,empty_const,NARAYAN SINGH PATTA,,,NARAYAN SINGH PATTA,Bichhiya,Indian National Congress,1337,4649,                                                                                                                                                                                                                                                                                                            
madhyapradesh-2023,NARENDRA_SINGH_TOMAR__2270.pdf,empty_const,NARENDRA SINGH TOMAR,,BJP,NARENDRA SINGH TOMAR,Dimani,Bharatiya Janata Party,2270,15377,                                                                                                                                                                                                                                                                                                            
madhyapradesh-2023,NEERAJ_DADA__1461.pdf,empty_const,NEERAJ BAGHEL,,,NEERAJ DADA,Vijayraghavgarh,Indian National Congress,1461,2530,                                                                                                                                                                                                                                                                                                            
madhyapradesh-2023,NEERAJ_SINGH_LODHI__1522.pdf,empty_const,Neeraj Singh Thakur,,,NEERAJ SINGH LODHI,Bargi,Bharatiya Janata Party,1522,4907,                                                                                                                                                                                                                                                                                                            
madhyapradesh-2023,NIRMALA_DILEEPSINGH_BHURIA__1046.pdf,empty_const,Nirmala Bhuria,,,NIRMALA DILEEPSINGH BHURIA,Petlawad,Bharatiya Janata Party,1046,2524,                                                                                                                                                                                                                                                                                                            
madhyapradesh-2023,NISHANK_JAIN__2859.pdf,both_empty,,,,NISHANK JAIN,Basoda,Indian National Congress,2859,0,
madhyapradesh-2023,PADMESH_GAUTAM__2381.pdf,empty_const,Padmesh Gautam,,,PADMESH GAUTAM,Deotalab,Indian National Congress,2381,14169,                                                                                                                                                                                                  Registration and Stamp Department                                         EGISTRAiION AND $IAfuiPS DEPART 
madhyapradesh-2023,PHOOL_SINGH_BARAIYA__2817.pdf,empty_const,HIVDUYOISH,,,PHOOL SINGH BARAIYA,Bhander,Indian National Congress,2817,14754,                                                                                                                                                                                                                                                                                                            
madhyapradesh-2023,PRADEEP_AGRAWAL__2558.pdf,empty_const,Pradeep Agarwal,,,PRADEEP AGRAWAL,Sewda,Bharatiya Janata Party,2558,12950,                                                                                                                                                                                                                                                                                                            
madhyapradesh-2023,PRADEEP_PATEL__1805.pdf,empty_const,Pradeep Kumar Patel,,,PRADEEP PATEL,Mauganj,Bharatiya Janata Party,1805,7481,                                                                                                                                                                                                                                                                                                            
madhyapradesh-2023,PRAHLAD_SINGH_PATEL__856.pdf,empty_const,Prahlad Singh Patel,,,PRAHLAD SINGH PATEL,Narsingpur,Bharatiya Janata Party,856,4071,                                                                                                                                                                                                                                                         HIRGIINRIIe                                        
madhyapradesh-2023,PURUSHOTTAM_DANGI__2551.pdf,empty_const,Purshottam Dangi,,,PURUSHOTTAM DANGI,Biaora,Indian National Congress,2551,17363,                                                                                                                                                                                                                                                                                                            
madhyapradesh-2023,PUSHPRAJ_SINGH__1180.pdf,empty_const,IIcq Y(YT,,,PUSHPRAJ SINGH,Sohagpur,Indian National Congress,1180,12977,                                                                                                                                                                                                                                                                                                            
madhyapradesh-2023,P_L_RAJA_MANDHWANI__3423.pdf,empty_const,P L Raja Mandhwani,,,P L RAJA MANDHWANI,Indore-4,Indian National Congress,3423,15091,                                                                       T                                                                                                                                                                                                                                    
madhyapradesh-2023,RAHUL_SINGH_LODHI__1076.pdf,empty_const,Rahul Singh Lodhi,,,RAHUL SINGH LODHI,Khargapur,Bharatiya Janata Party,1076,5596,                                                                                                                                                                                                                                                         oÇANCELED                                          
madhyapradesh-2023,RAJENDRA_SHUKLA__694.pdf,empty_const,RAJENDRA SHUKLA,,,RAJENDRA SHUKLA,Rewa,Bharatiya Janata Party,694,6158,                                                                                                                                                                                                _聰                                                                                      gi繊恥tO準  嬰d.Stattp  
madhyapradesh-2023,RAJKUMAR_PATEL__1402.pdf,empty_const,HEMENDRA TIWARI,,Congress,RAJKUMAR PATEL,Bhojpur,Indian National Congress,1402,3736,                                                                                                                                                                                                                                                                                                            
madhyapradesh-2023,RAKESH_GIRI__765.pdf,empty_const,Rakesh Giri,,,RAKESH GIRI,Tikamgarh,Bharatiya Janata Party,765,6456,                                                                                                                                                                                                                            99)2   0%                                                                       
madhyapradesh-2023,RAKESH_SINGH__1217.pdf,empty_const,Rakesh Singh,,Bharatiya Janata Party,RAKESH SINGH,Jabalpur Paschim,Bharatiya Janata Party,1217,2998,                                                                                                                                                                                                                                                                                                            
madhyapradesh-2023,RAMESH_MENDOLA__3156.pdf,empty_const,Rameshmendola,,,RAMESH MENDOLA,Indore-2,Bharatiya Janata Party,3156,17645, /                                                                                                                                                                                                                                                                                                          
madhyapradesh-2023,RANI_AHIRWAR__1082.pdf,empty_const,RANI AHIRWAR,,,RANI AHIRWAR,Kurwai,Indian National Congress,1082,13370,                                                                                                                                                                                                  Registration and Stamp Department                                                                         
madhyapradesh-2023,SAHAB_SINGH_GURJAR__1751.pdf,both_empty,,,,SAHAB SINGH GURJAR,Gwalior Rural,Indian National Congress,1751,0,
madhyapradesh-2023,SANJAY_SHAH__MAKDAI__1093.pdf,raw,,,,"SANJAY SHAH ""MAKDAI""",Timarni,Bharatiya Janata Party,1093,21531,"                                                                                                                                                                                                                                                                           Il :iir*: jlty A x L r,R#€L*ratrt"
madhyapradesh-2023,SANJAY_SHUKLA__2099.pdf,empty_const,ADARSH IWARI,,,SANJAY SHUKLA,Indore-1,Indian National Congress,2099,38860,                                                                                                                                                                                         I                                                                                                                  
madhyapradesh-2023,SANJAY_YADAV__SEONI_TOLA__2084.pdf,raw,,,,"SANJAY YADAV ""SEONI TOLA""",Bargi,Indian National Congress,2084,31402,50505 भारतीय गैर न्यायिक 1500 • पचास रुपये T NO WINDHA NINDIA INDIA 5 ऑच रुपये NOTARIAL NGIA Pradeep kuessy Benc weg 24/7 15/21-4 2023 PVT. OF ADIN रुपये पांच रुपये NOTARIAL भारतINDIA INDIA 5RO 10 TARIAL पाँच रुपये FIVE RUPEES NOTARIAL पाँच रुपये NOTARIAL 24/17/ VCC 21-79202 SONG : MOD पाच रूप NOTAR
madhyapradesh-2023,SARDAR_SINGH_MEDA__5002.pdf,empty_const,SARDAR SINGH MEDA,,,SARDAR SINGH MEDA,Gandhwani,Bharatiya Janata Party,5002,13248,                                                                                                                                                                                                                                                                                                            
madhyapradesh-2023,SATYANARAYAN_RAMESHWAR_PATEL__1396.pdf,raw,,,,SATYANARAYAN RAMESHWAR PATEL,Indore-5,Indian National Congress,1396,22033,                                                                                                                                                        8.  r+3                                                                                                                                             
madhyapradesh-2023,SENA___MAHESH_PATEL__1221.pdf,empty_const,Sena Mahesh Patel,,,SENA - MAHESH PATEL,Jobat,Indian National Congress,1221,16394,                                                                                                                                                                                                                                                                                                            
madhyapradesh-2023,SHALENDRA_KUMAR_JAIN__644.pdf,both_empty,,,,SHALENDRA KUMAR JAIN,Sagar,Bharatiya Janata Party,644,0,
madhyapradesh-2023,SMT_UMADEVI_LALCHAND_KHATIK__4054.pdf,empty_const,Qaadex,,,SMT UMADEVI LALCHAND KHATIK,Hatta,Bharatiya Janata Party,4054,2496,                                                                                                                                                                                                                                                                                                            
madhyapradesh-2023,SMT__MAYA_RAJESH_TRIVEDI__2276.pdf,empty_const,Maya Rajesh Trivedi,,,SMT. MAYA RAJESH TRIVEDI,Ujjain Uttar,Indian National Congress,2276,4217,                                                                                                                                                                                                                                                                                                            
madhyapradesh-2023,SUKHDEO_PANSE__1105.pdf,empty_const,sukhdeo panse,,,SUKHDEO PANSE,Multai,Indian National Congress,1105,15932,"  ""r                                                                                                                                                                                                                                                                                                        "
madhyapradesh-2023,SUKHENDRA_SINGH_BANNA__689.pdf,both_empty,,,,SUKHENDRA SINGH BANNA,Mauganj,Indian National Congress,689,7597,                                                                                                                                                                                                                                                                                                            
madhyapradesh-2023,SUKHRAM_SALVE__6935.pdf,empty_const,Sukhram Shalwe,,,SUKHRAM SALVE,Harsud,Indian National Congress,6935,14083,                                                                                                                                                                                                                                                                                                            
madhyapradesh-2023,SUNIL_UIKEY__3080.pdf,raw,,,,SUNIL UIKEY,Junnardeo,Indian National Congress,3080,34032,रजिस्ट्रीकरण एवं स्टाम्प विभाग मध्य प्रदेश स्टाम्प शुल्क का प्रमाण पत्र स्टाम्प विवरण for नोटरी स्टाम्प कोड स्टाम्प राशि (रुपए) शासकीय स्टाम्प ड्यूटी (रुपए) जनपद ड्यूटी (रुपए) छूट दी गई राशि (रुपए) ई स्टाम्प का प्रकार निर्गमन तिथि एवं समय यूजर आईडी / जारीकर्ता एस पी / एस आर ओ / डीआर ओ / एच ओ विवरण व
madhyapradesh-2023,SUNITA_PATEL__2029.pdf,empty_const,Devendra Prasad Soni,,,SUNITA PATEL,Gadarwara,Indian National Congress,2029,16599,                                                                                                                                                                                                                                                                                                            
madhyapradesh-2023,SURENDRA_PATWA__1895.pdf,raw,,,,SURENDRA PATWA,Bhojpur,Bharatiya Janata Party,1895,33081,भारतीय गैर न्यायिक एक सौ रुपये रु. 1.00 NOTARL SKAGAR Dist Barsen (M. PAY NOTARIAL NOTARIAL मध्य प्रदेश MADHYA PRADESH आजपेश शपथपत्र 31-10-2023 10150 Any Dist STAR Rs.100 ONE HUNDRED RUPEES S.K.MAGAN Raisen NOTARIA 'प्रारुप ' 26 (नियम 4 क देखिए ) क्रमांक ( 141 भोजपुर (सामान्य) ) विधानसभा निर्वाचन क्
madhyapradesh-2023,SURESH_DHAKAD_RANTHKHEDA__1712.pdf,empty_const,Suresh Dhakad,,,SURESH DHAKAD RANTHKHEDA,Pohari,Bharatiya Janata Party,1712,3262,                                                                                                                      1                                                                                                                                                                                     
madhyapradesh-2023,TARACHAND_GOYAL__1683.pdf,empty_const,TARACHAND GOYAL,,BJP,TARACHAND GOYAL,Tarana,Bharatiya Janata Party,1683,2845,                                                                                                                                                                                                                                                                                                            
madhyapradesh-2023,TARUN_BHANOT__1990.pdf,empty_const,Tarun Kumar Bhanot,,,TARUN BHANOT,Jabalpur Paschim,Indian National Congress,1990,8255,                                                                                                                                                                                                                                                                                                            
madhyapradesh-2023,THAKUR_SURENDRA_SINGH__SHERA_BHAIYA__1542.pdf,empty_const,Thakur Surendra Singh,,Indian National Congress,"THAKUR SURENDRA SINGH ""SHERA BHAIYA""",Burhanpur,Indian National Congress,1542,13334,                                                                                       I                                                                                                                                                                 I                                                  
madhyapradesh-2023,UDAY_PRATAP_SINGH__716.pdf,empty_const,UDAY PRATAP,,,UDAY PRATAP SINGH,Gadarwara,Bharatiya Janata Party,716,4306,                                                                                   /                                                                                                                                                                                                                        
madhyapradesh-2023,UMANG_SINGHAR__2638.pdf,empty_const,UMANG SINGHAR,,,UMANG SINGHAR,Gandhwani,Indian National Congress,2638,16976,                                                                                                                                 ltu:+                                                                        l\ 4s                                                                                         
madhyapradesh-2023,VALSINGH_MAIDA__1154.pdf,empty_const,CHANDRA SINGH,,,VALSINGH MAIDA,Petlawad,Indian National Congress,1154,3018,"                                                                                                                                                                                                                                                       ASING H, AO     yhy 26                               "
madhyapradesh-2023,VIKRAM_SINGH__NAATI_RAJA__1127.pdf,both_empty,,,,VIKRAM SINGH (NAATI RAJA),Rajnagar,Indian National Congress,1127,0,
madhyapradesh-2023,VINAY_SAXENA__777.pdf,empty_const,Vinay Kumar Saxena,,,VINAY SAXENA,Jabalpur Uttar,Indian National Congress,777,7022,                                                                                                                                                                                            NOTARIALTARIALN OTARIS OTAR             A0TARY                                         OTAR                     
madhyapradesh-2023,VISHAL_JAGDISH_PATEL__2602.pdf,empty_const,Vishal Patel,,INC,VISHAL JAGDISH PATEL,Depalpur,Indian National Congress,2602,5028,                                                                                                                                                                                        EHDIA                                                                                                               
madhyapradesh-2023,VISHAL_RAWAT__905.pdf,empty_const,Vishal Rawat,,,VISHAL RAWAT,Jobat,Bharatiya Janata Party,905,17179,                                                                                                                                                                                                                                                                                                            
madhyapradesh-2023,VISHWAMITRA_PATHAK__754.pdf,both_empty,,,,VISHWAMITRA PATHAK,Sihawal,Bharatiya Janata Party,754,3610,                                                                                                                                                                                                                                                                                                            
madhyapradesh-2023,YADVENDRA_SINGH__844.pdf,empty_const,Yadvendra,,,YADVENDRA SINGH,Nagod,Bahujan Samaj Party,844,11961,                                                                                                                                                                                                            and Stamp                                                                                       
maharashtra-2024,ABU_ASIM_AZMI__4791.pdf,both_empty,,,,ABU ASIM AZMI,MANKHURD SHIVAJI NAGAR,Samajwadi Party,4791,0,
maharashtra-2024,ADV__YASHOMATI_CHANDRAKANT_THAKUR__1081.pdf,both_empty,,,,ADV. YASHOMATI CHANDRAKANT THAKUR,TEOSA,Indian National Congress,1081,0,
maharashtra-2024,AGRAWAL_GOPALDAS_SHANKARLAL__12255.pdf,raw,,,,AGRAWAL GOPALDAS SHANKARLAL,GONDIYA,Indian National Congress,12255,35042,                                                                                                                                                                                                                                                                                                            
maharashtra-2024,AGRAWAL_VIJAY_KAMALKISHOR__8340.pdf,raw,,,,AGRAWAL VIJAY KAMALKISHOR,AKOLA WEST,Bharatiya Janata Party,8340,66093,                                                                                                  I                                                                                                                                                                                                         
maharashtra-2024,AKASH_PANDURANG_FUNDKAR__792.pdf,empty_const,Akash Fundkar,,,AKASH PANDURANG FUNDKAR,KHAMGAON,Bharatiya Janata Party,792,20535,                                                                          4                                                         Noted & Registe                                                                                       \a                                                          /44fi 
maharashtra-2024,ANIL_ALIAS_BALASAHEB_SHANKARRAO_MANGULKAR__6572.pdf,empty_const,Balasaheb Mangulkar,,,ANIL ALIAS BALASAHEB SHANKARRAO MANGULKAR,YAVATMAL,Indian National Congress,6572,14437,"                                                                                                                                                                                                                s-, ,N r, h ysl *(, D+   27,  t, L4                                                         "
maharashtra-2024,ANNA_ALIAS_BAPU_JAYWANTRAO_BHEGADE__1308.pdf,raw,,,,ANNA ALIAS BAPU JAYWANTRAO BHEGADE,MAVAL,Independent,1308,29025,"* NOTARY SHILPA J. LAWANGHARE Talegaon Dabhade, Maval, Pune, Maharashtra-410506 Regd. No. 15154 GOVERNMENT OF INDIA 66 "" नमुना २६ "" (नियम ४ - अ पहा ) * (ARY SHILPA LAWANG ARE Talegaon Dabhana, Havel, Pune, Maharashtra-410506 Regd. No. 15154 Exp. Date-22/10/2029 OF २०४ मावळ (मतदारसंघाचे नाव) मतदारसंघ"
maharashtra-2024,ASHISH_NANDKISHORE_JAISWAL_VAKIL__7903.pdf,empty_const,Suresh Meshral,,,ASHISH NANDKISHORE JAISWAL(VAKIL),RAMTEK,Shiv Sena,7903,15835,                                                                                                                                                                                                                                                                                                            
maharashtra-2024,AWHAD_JITENDRA_SATISH__1723.pdf,both_empty,,,,AWHAD JITENDRA SATISH,MUMBRA - KALWA,Nationalist Congress Party – Sharadchandra Pawar,1723,0,
maharashtra-2024,BABANRAO_DATTATRAY_YADAV__LONIKAR__11824.pdf,both_empty,,,,BABANRAO DATTATRAY YADAV (LONIKAR),PARTUR,Bharatiya Janata Party,11824,0,
maharashtra-2024,BANKAR_SURESH_PANDURANG__4838.pdf,both_empty,,,,BANKAR SURESH PANDURANG,SILLOD,Shiv Sena (Uddhav Balasaheb Thackrey),4838,4532,"(५) प्रलंबित फौजदारी खटले- V (एक) मी असे घोषित करतो / करते की, माझ्या विरोधात कोणताही फौजदारी खटला प्रलंबित नाही. (जर उमेदवाराच्या विरोधात कोणताही खटला प्रलंबित नसेल तर, या पर्यायापुढे खूण करा आणि खालील पर्याय (दोन) च्या पुढे लागू नाही असे लिहा ) किंवा (दोन) माझ्या विरोधात पुढील फौजदारी खटले प्रलंबि"
maharashtra-2024,BAWANKULE_RAJENDRA_BHIMRAO_SHAHIR__13089.pdf,both_empty,,,,BAWANKULE RAJENDRA BHIMRAO SHAHIR,RAMTEK,Rashtriya Gondvana Party,13089,11461,                                                                                                                                                                                                                                                                                                            
maharashtra-2024,BHIMRAO_RAMJI_KERAM__5122.pdf,empty_const,AKASH,,,BHIMRAO RAMJI KERAM,KINWAT,Bharatiya Janata Party,5122,15423,                                                                                                                                                                                                                                                                                                            
maharashtra-2024,BODKURWAR_SANJIVREDDY_BAPURAO__7127.pdf,empty_name,,Yavatmal,Bharatiya Janata Party,BODKURWAR SANJIVREDDY BAPURAO,WANI,Bharatiya Janata Party,7127,23666,                                                                                                                                                                            Aox4                                                                                                                            
maharashtra-2024,CHANDRAKANT_ALIAS_RAJUBHAIYA_RAMAKANT_NAVGHARE__8392.pdf,both_empty,,,,CHANDRAKANT ALIAS RAJUBHAIYA RAMAKANT NAVGHARE,BASMATH,Nationalist Congress Party,8392,4710,                                                                                                                                     25   0CT 2024                                                                                                                                                          
maharashtra-2024,CHANDRAKANT_BALBHIM_MOKATE__14265.pdf,both_empty,,,,CHANDRAKANT BALBHIM MOKATE,KOTHRUD,Shiv Sena (Uddhav Balasaheb Thackrey),14265,0,
maharashtra-2024,CHANDRASHEKHAR_KRUSHNARAO_BAWANKULE__14501.pdf,empty_const,Chandrashekhar Bawankule,,,CHANDRASHEKHAR KRUSHNARAO BAWANKULE,KAMTHI,Bharatiya Janata Party,14501,21352,                                                                                                                                                                                                                                                                                                            
maharashtra-2024,CHARANSING_BABULALJI_THAKUR__8269.pdf,empty_const,CHARANSINGH THAKUR,,,CHARANSING BABULALJI THAKUR,KATOL,Bharatiya Janata Party,8269,17309,                                                                                                                                                                G                                                                                   D{                                                      
maharashtra-2024,CHAVAN_SATISH_BHANUDASRAO__5248.pdf,raw,,,,CHAVAN SATISH BHANUDASRAO,GANGAPUR,Nationalist Congress Party – Sharadchandra Pawar,5248,20284,as Mapalad Dhange Notary Govt. Of India Regd No.15064/ Exp Dt.10/10/2029 Aurangabad NOTARIAL Auranga bad Vilas Madanrao Adv. Notary phamne Govt. Of India Regd No.15064 Exp Dt.10/10/2029 Aurangabad NOTARIALOabad Madanta Adv. Vilas hamne Notary Govt. Of India Read No.15064 (Dist) NOTARIAL..ვეგი hamne 
maharashtra-2024,DANDEGAONKAR_JAYPRAKASH_RAOSAHEB_SALUNKE__4363.pdf,both_empty,,,,DANDEGAONKAR JAYPRAKASH RAOSAHEB SALUNKE,BASMATH,Nationalist Congress Party – Sharadchandra Pawar,4363,4508,                                                                                                                                                23  0CT 2024                                                                                                                                                
maharashtra-2024,DATTATRAY_RADHAKISAN_GORDE__4470.pdf,empty_const,Dattatraya Gorde Patil,,,DATTATRAY RADHAKISAN GORDE,PAITHAN,Shiv Sena (Uddhav Balasaheb Thackrey),4470,18700,              o                                                                                                                                                              //;k                                                                                                                           
maharashtra-2024,DERKAR_SANJAY_NILKANTHRAO__6564.pdf,empty_const,Nitin Mahadeorao Junghare,,,DERKAR SANJAY NILKANTHRAO,WANI,Shiv Sena (Uddhav Balasaheb Thackrey),6564,18414,                                                                                                                                                                                                                                                                                                            
maharashtra-2024,DHIRAJ_VILASRAO_DESHMUKH__16229.pdf,both_empty,,,,DHIRAJ VILASRAO DESHMUKH,LATUR RURAL,Indian National Congress,16229,0,
maharashtra-2024,DILIP_BHAUSAHEB_LANDE__13439.pdf,empty_const,Dilip Mama Lande,,,DILIP BHAUSAHEB LANDE,CHANDIVALI,Shiv Sena,13439,21084,                                                                                                                                                                                                                                                                                                            
maharashtra-2024,DILIP_DATTATRAY_MOHITE__5826.pdf,raw,,,,DILIP DATTATRAY MOHITE,KHED ALANDI,Nationalist Congress Party,5826,39163,"भारतीय गैर न्यायिक भारत INDIA रु.500 पाँच सौ रुपये 6005005 00500 सत्यमेव जयते 500 FIVE HUNDRED RUPEES Rs.500, 8888 INDIA NON JUDICIAL महाराष्ट्र MAHARASHTRA अनुक्रमांक १६१९४ ..दिनांक, ► 2023 O ..... रुपये. yuo 24/90/28 500500500500 CP 463485 मुद्रांक वापराचे कारण अधिनियम, १९५८ चे अनुच्छेद क्र.. मुद्"
maharashtra-2024,DR_ATULBABA_SURESH_BHOSALE__1214.pdf,both_empty,,,,DR ATULBABA SURESH BHOSALE,KARAD SOUTH,Bharatiya Janata Party,1214,24140,"                                                                                                                                                                                                                                                               •,                                           "
maharashtra-2024,DR_RAJENDRA_BHASKARRAO_SHINGNE__2445.pdf,empty_const,gnvrihwwrrrra,,,DR RAJENDRA BHASKARRAO SHINGNE,SINDKHED RAJA,Nationalist Congress Party – Sharadchandra Pawar,2445,20171,                                                                                                                                                                                         I                                                                                                                  
maharashtra-2024,DR__SURESH__BHAU__DAGADU_KHADE__1199.pdf,empty_const,Suresh Khade,,,DR. SURESH (BHAU) DAGADU KHADE,MIRAJ,Bharatiya Janata Party,1199,11538,                                                                                                                                                                                                                                                                                                            
maharashtra-2024,EKNATHDADA_PAWAR__2354.pdf,empty_const,Eknath Pawar,,,EKNATHDADA PAWAR,LOHA,Shiv Sena (Uddhav Balasaheb Thackrey),2354,23655,                                                                                                                                                                                                                                                                                                            
maharashtra-2024,GAIKWAD_SANJAY_RAMBHAU__4566.pdf,empty_const,Sanjay Gaikwad,,,GAIKWAD SANJAY RAMBHAU,BULDHANA,Shiv Sena,4566,16626,                                                                                                                                                                                  I                                                                                                                         
maharashtra-2024,GOPAL_ALIAS_ASHISH_RAMRAO_DATKAR__4892.pdf,empty_const,Gopal Datkar,,,GOPAL ALIAS ASHISH RAMRAO DATKAR,AKOLA EAST,Shiv Sena (Uddhav Balasaheb Thackrey),4892,21751,                                                                                                                                                                             e                                                                                                                              
maharashtra-2024,GULABRAO_BABURAO_DEOKAR__10421.pdf,empty_const,Prashant V.Baviskar,,,GULABRAO BABURAO DEOKAR,JALGAON RURAL,Nationalist Congress Party – Sharadchandra Pawar,10421,8110,                                                                                                                                                                                                                                                                                                            
maharashtra-2024,HARISH_MAROTIAPPA_PIMPLE__15380.pdf,empty_const,Harish Marotiappa Pimple,,BJP,HARISH MAROTIAPPA PIMPLE,MURTIZAPUR,Bharatiya Janata Party,15380,23343,                                                                                                                                                                                                                                                                                                            
maharashtra-2024,JAYSHREE_SUNIL_SHELKE__5908.pdf,empty_const,Jayshree Shelke,,,JAYSHREE SUNIL SHELKE,BULDHANA,Shiv Sena (Uddhav Balasaheb Thackrey),5908,22049,                                                                                                                                                                                  I                                                                                                                         
maharashtra-2024,KADAM_KONDHEKAR_TIRUPATI_ALIAS_PAPPU_BABURAO__6500.pdf,empty_const,TIRUPATI KADAMKOTDHEKAR,,,KADAM KONDHEKAR TIRUPATI ALIAS PAPPU BABURAO,BHOKAR,Indian National Congress,6500,18102,                                                                                                                                                                                                                                                                                             v              
maharashtra-2024,KAYANDE_MANOJ_DEVANAND__13505.pdf,empty_const,Manoj Kayande,,,KAYANDE MANOJ DEVANAND,SINDKHED RAJA,Nationalist Congress Party,13505,16873,                                                                                                                                                                                                                                                                                                            
maharashtra-2024,KHARAT_SIDDHARTH_RAMBHAU__4949.pdf,empty_const,Siddharth Kharat,,,KHARAT SIDDHARTH RAMBHAU,MEHKAR,Shiv Sena (Uddhav Balasaheb Thackrey),4949,24268,                                                                                                                                                                                                                                                                                                            
maharashtra-2024,KISAN_SHANKAR_KATHORE__10407.pdf,empty_const,Kisan Kathore,,,KISAN SHANKAR KATHORE,MURBAD,Bharatiya Janata Party,10407,27427,                                                                                                                                                                                                                                                                                                            
maharashtra-2024,KISHOR_APPA_PATIL__1595.pdf,raw,,,,KISHOR APPA PATIL,PACHORA,Shiv Sena,1595,30164,भारतीय गैर न्यायिक भारत INDIA 55.500 पाँच सौ रुपये 00500500500 050 OC सत्यमेव जयते 500 FIVE HUNDRED RUPEES Rs.500 5005005 0500500500 INDIA NON JUDICIAL महाराष्ट्र MAHARASHTRA चिक सदर मुद्रांक उप कोषागार पाचोरा येथुन // दि रोजी विक्री प्रमाणित करण्यात आलेला आहे. M उपकार अधिकारी पाचोरा 22/10/24 22 OCT
maharashtra-2024,KRISHNALAL_BAJIRAO_SAHARE__4692.pdf,empty_const,Krishna Sahare,,,KRISHNALAL BAJIRAO SAHARE,BRAHMAPURI,Bharatiya Janata Party,4692,15463,                                                                                                                                    CD                                                                                                                                                                      
maharashtra-2024,NAMITA_AKSHAY_MUNDADA__678.pdf,raw,,,,NAMITA AKSHAY MUNDADA,KAIJ,Bharatiya Janata Party,678,68625,भारतीय गैर न्यायिक भारत INDIA 55.500 पाँच सौ रुपये 10 895899 सत्यमेव जयते 500 FIVE HUNDRED RUPEES Rs.500 500 8888 INDIA NON JUDICIAL महाराष्ट्र MAHARASHTRA NOTAR जाडपत्र • 2023 O दस्ताचा प्रकार. शपथफत नोंदणी करणार हाय / नाही नोंदणी होणार असल्यास दु. निःकार्यालयाचे नाव........... .. मिळकतीचे वर्णन ..
maharashtra-2024,PACHPUTE_VIKRAM_BABANRAO__14573.pdf,empty_const,vrug< F+a ecrrr<,,,PACHPUTE VIKRAM BABANRAO,SHRIGONDA,Bharatiya Janata Party,14573,14915,                                                                                                                                                                                                                                                                                                            
maharashtra-2024,PRAFULLA_VINODRAO_GUDADHE__5012.pdf,empty_const,Prafulla Gudadhe,,,PRAFULLA VINODRAO GUDADHE,NAGPUR SOUTH WEST,Indian National Congress,5012,23423,"                                                                                                                                                                  r,)                                                                                                                                       "
maharashtra-2024,PRASHANT_RAMSHETH_THAKUR__6756.pdf,raw,,,,PRASHANT RAMSHETH THAKUR,PANVEL,Bharatiya Janata Party,6756,59079," TRA NOTA Adv. Bhash Tal, Pan 000 जोडपत्र- १ / Annexure 1 फक्त प्रतिज्ञापत्रासाठी अ. क्र. १९०१ मु.शु. रक्कम ५००८ दिनांक 22170122 मुद्रांक विकत घेणाऱ्याचे नांव.... पत्ता पनवेल प्रशांत राम ठाकूट हस्ते असल्यास त्यांचे नांव पत्ता योगेश नाइक हेमंतकुम ए-१०३, शिवा कॉम्पलेक्स, से.१९ नविन पनवेल प. क्र.१/२००२"
maharashtra-2024,PROF__DR__ASHOK_RAMAJI_WOOIKE__1286.pdf,empty_const,Ashok Uike,,,PROF. DR. ASHOK RAMAJI WOOIKE,RALEGAON,Bharatiya Janata Party,1286,2362,                                                                                                                                                                                                                                                                                                            
maharashtra-2024,RAJAN_BALKRISHNA_NAIK__2505.pdf,raw,,,,RAJAN BALKRISHNA NAIK,NALASOPARA,Bharatiya Janata Party,2505,33824,NOTAP) गरतीय गैर न्यायिक H. M. PANDEY Mumbai Maharashtra Regd. No. 8134 GOVT. WIRE INDIA FIVE RUPE NOTARIAL * INDIA भारत INDIA 500 NOTARY H. M. PANDEY: Mumbai Maharashtras Regd. No. 8134 HOTARIA/7/2025 GOVT. INDIA NOTARIAL OF IND महाराष्ट्र MAHARASHTRA Office NO * TARI H. M. PANDEY Mumba Maharashtra
maharashtra-2024,RAJESHBHAIYYA_TOPE__753.pdf,raw,,,,RAJESHBHAIYYA TOPE,GHANSAWANGI,Nationalist Congress Party – Sharadchandra Pawar,753,47662,COA 00500500500 २०३६ Noted & Registered At. Sr. No.2027 भारतीय गैर न्यायिक भारत INDIA रु.500 पाँच सौ रुपये 60050 500 FIVE HUNDREDT RUPEES सत्यमेव जयते 5005 Rs.500 INDIA NON JUDICIAL ६३९० महाराष्ट्र. MAHARASHTRA District Treasury JALNA 1.4 OCT 2024' Office READ CLERK ५००1१ दि 2219012028 • 2023 O ह:- 
maharashtra-2024,RAJKUMAR_LOTUJI_PURAM__5710.pdf,raw,,,,RAJKUMAR LOTUJI PURAM,AMGAON,Indian National Congress,5710,14412,                                                                                                                                                                                                                                                                                                            
maharashtra-2024,RANA_DILIPKUMAR_GOKULCHAND_SANANDA__11305.pdf,empty_const,DILIPKUMAR SANANDA,,INC,RANA DILIPKUMAR GOKULCHAND SANANDA,KHAMGAON,Indian National Congress,11305,21570,                                                                                                                                                  nist3r'qd      ( tl                                                        Noted &                    U                                                   
maharashtra-2024,RANJANATAI__SANJANA__HARSHVARDHAN_JADHAV__9612.pdf,empty_const,Sanjana Jadhav,,,RANJANATAI (SANJANA) HARSHVARDHAN JADHAV,KANNAD,Shiv Sena,9612,20369,"                                                                                                                                                                                                                                                                                fq_@TyTr:<:{!,IpTz+€{jTti#  "
maharashtra-2024,RATHOD_SANJAY_DULICHAND__1685.pdf,empty_const,Sanjay Rathod,,,RATHOD SANJAY DULICHAND,DIGRAS,Shiv Sena,1685,17032,                                                                                                                                                                                                                                                                                                            
maharashtra-2024,SAJID_KHAN_PATHAN__12834.pdf,empty_const,Sajid Khan Pathan,,,SAJID KHAN PATHAN,AKOLA WEST,Indian National Congress,12834,17652,                                                                                                                                                                  @                                                                                                                                         
maharashtra-2024,SAMIR_TRYAMBAKRAO_KUNAWAR__821.pdf,raw,,,,SAMIR TRYAMBAKRAO KUNAWAR,HINGANGHAT,Bharatiya Janata Party,821,18514,                                                                                                                                                                                                                                                                                                            
maharashtra-2024,SAMRAT_DONGARDIVE__6682.pdf,empty_const,Samrat Dongardive,,,SAMRAT DONGARDIVE,MURTIZAPUR,Nationalist Congress Party – Sharadchandra Pawar,6682,15379,                                                                                                                                                                                                                                                                                                            
maharashtra-2024,SANJAY_BHASKAR_RAYMULKAR__928.pdf,empty_const,Sanjay Raymutkar,,,SANJAY BHASKAR RAYMULKAR,MEHKAR,Shiv Sena,928,22393,                                                                                                                                                              G-g)                                                                                                                                          
maharashtra-2024,SANJAY_CHANDUKAKA_JAGTAP__7173.pdf,empty_const,Sanjay Jagtap,,,SANJAY CHANDUKAKA JAGTAP,PURANDAR,Indian National Congress,7173,27568,                                                                                                                                                                                    i                                                                                                dMtf??WbA  bV          
maharashtra-2024,SANJAY_NARAYANRAO_MESHRAM__11629.pdf,both_empty,,,,SANJAY NARAYANRAO MESHRAM,UMRED,Indian National Congress,11629,14068,                                                                                                                                                                                     F                                                                                                                      
maharashtra-2024,SANJAY_PURAM__1583.pdf,both_empty,,,,SANJAY PURAM,AMGAON,Bharatiya Janata Party,1583,11358,t                                                                                                                                                                                                                                                                                                           
maharashtra-2024,SHYAM_RAMCHARAN_KHODE__10148.pdf,empty_const,Shyam Ramcharan Khode,,,SHYAM RAMCHARAN KHODE,WASHIM,Bharatiya Janata Party,10148,14585,               ncgtsrrd                                                                      Noted &           2-s7\\t2L\                                                                                                               280cTlrj?t                        Serial Number                     
maharashtra-2024,SIDDHARTH_AKARAMJI_DEOLE__5225.pdf,empty_const,Dr. Siddharth Akramji Deote,,,SIDDHARTH AKARAMJI DEOLE,WASHIM,Shiv Sena (Uddhav Balasaheb Thackrey),5225,23707,                                                                                                                                                                                                                                                                                                            
maharashtra-2024,SUHAS__AANNA__DWARKANATH_KANDE__8045.pdf,both_empty,,,,SUHAS (AANNA) DWARKANATH KANDE,NANDGAON,Shiv Sena,8045,0,
maharashtra-2024,SUNIL_WAMAN_PRABHU__7686.pdf,raw,,,,SUNIL WAMAN PRABHU,DINDOSHI,Shiv Sena (Uddhav Balasaheb Thackrey),7686,30306,"1 00900 भारतीय गैर न्यायिक भारत INDIA 500 रुपये FIVE HUNDRED RUPEES Rs. 500, 50050050 05005 INDIA NON JUDICIAL RESING 2 / CADAR MUNCAT MAHARASHTRA ACOS महाराष्ट्र MAHARASHTRA 2024 O Notary Regi. No. 112 500500500500 Financial Year completed CT 414008 प्रधान मुद्रांक, कार्यालय, मुंबई NOTARY NAME: Sh."
maharashtra-2024,SURESH_YADAVRAO_BHOYAR__6479.pdf,raw,,,,SURESH YADAVRAO BHOYAR,KAMTHI,Indian National Congress,6479,27187,                                                                                                                                                                                                                                                                                                            
maharashtra-2024,SUVARNA_SAHADEV_KARANJE__11746.pdf,empty_const,Plaso1a,,,SUVARNA SAHADEV KARANJE,VIKHROLI,Shiv Sena,11746,9381,                                                                                                                                                                                                                                                                                                I       dtF·
maharashtra-2024,TANAJI_ANANDA_SATPUTE__12550.pdf,empty_const,Tanaji Dada Satpute,,,TANAJI ANANDA SATPUTE,MIRAJ,Shiv Sena (Uddhav Balasaheb Thackrey),12550,16671,                                                                                                                                                                                                                                                                                                            
maharashtra-2024,VIJAYBAPU_SHIVTARE__7054.pdf,empty_const,Vijay Shivtare,,,VIJAYBAPU SHIVTARE,PURANDAR,Shiv Sena,7054,14426,                                                                                                                                                                                                                                                                                                            
maharashtra-2024,VISHWANATH_ATMARAM_BHOIR__11181.pdf,both_empty,,,,VISHWANATH ATMARAM BHOIR,KALYAN WEST,Shiv Sena,11181,0,
odisha-2024,BHASKAR_MADHEI__10174.pdf,empty_const,R K BEHERA,,,BHASKAR MADHEI,Udala,Bharatiya Janata Party,10174,13104,                                                                                                                                                            qL.-                                                                                                                                            
odisha-2024,DHRUBA_CHARAN_SAHOO__10131.pdf,raw,,,,DHRUBA CHARAN SAHOO,Rajanagar,Biju Janata Dal,10131,35897,                                                                                                                                                                                                                                                                       ffi                                  
odisha-2024,PRADEEP_BAL_SAMANTA__10139.pdf,raw,,,,PRADEEP BAL SAMANTA,Sukinda,Bharatiya Janata Party,10139,68160,Ad Re SPECIAL ADHESIVE RUFEE O ON * and Sl. No. 2344 Date 09.05.2024 भारतीय गैर न्यायिक दस रुपये रु.10 भारत INDIAR हैरुपपा SPECIAL ADHESIVE PUPZE ONE भारत ॐ सत्यमेव जयते INDIA TEN RUPEES Rs.10 DIA NON JUDICIAL A ोड ODISHA Dist: Regd No On Expiry. De 18 OF ODISHA GOVT. OF Form 26 (See rule 4A) 69AA 2
odisha-2024,PRAFULLA_CHANDRA_PRADHAN__8307.pdf,empty_const,"Sh.lSml.i{""2:ttt.",,Congress Party,PRAFULLA CHANDRA PRADHAN,G. Udayagiri,Indian National Congress,8307,17268," E-                                                                                                                                                                        \i,'E                                                                                                                            "
odisha-2024,PRANAB_KUMAR_BALABANTARAY__10311.pdf,raw,,,,PRANAB KUMAR BALABANTARAY,Dharmasala,Biju Janata Dal,10311,49102,भारतीय गैर न्यायिक एक सौ रुपये 2.100 Rs. 100 ONE HUNDRED RUPEES BIKE TRO CINDIA 1 varen SPECIAL ADHESIVE ON CH MUDUL हा 00100 00100100100 100100100100 281881 सत्यमेव जयते भारत INDIA 100 00100100100 00100100100 28128188188 INDIA NON JUDICIAL REGO NO.-27/20 ODISHA Expiry Dt.-28.02.2029 * GOVT. OD H BE
odisha-2024,RABI_NARAYAN_NAIK__8356.pdf,both_empty,,,,RABI NARAYAN NAIK,Kuchinda,Bharatiya Janata Party,8356,0,
odisha-2024,RAJKISHORE_BEHERA__10011.pdf,both_empty,,,,RAJKISHORE BEHERA,Tirtol,Bharatiya Janata Party,10011,0,
odisha-2024,SATYANARAYAN_PRADHAN__9642.pdf,both_empty,,,,SATYANARAYAN PRADHAN,Ranpur,Biju Janata Dal,9642,0,
odisha-2024,SUBASINI_SAHOO__9984.pdf,raw,,,,SUBASINI SAHOO,Simulia,Biju Janata Dal,9984,71402,                                                                                                                                                                                                                                                                                                            
odisha-2024,SUKANTA_KUMAR_NAYAK__9901.pdf,empty_const,L. K. S. M. Nayak,,,SUKANTA KUMAR NAYAK,Nilgiri,Biju Janata Dal,9901,12732,"                                                                                                    .lrrrrlr-,.- -r (                                                                               G6lr                                                                                                    "
odisha-2024,TUKUNI_SAHU__8706.pdf,both_empty,,,,TUKUNI SAHU,Titlagarh,Biju Janata Dal,8706,0,
tamilnadu-2026,BALAKRISHNAN__5864.pdf,empty_const,M.P. Balakrishnan,,,BALAKRISHNAN,BHAVANI,Tamilaga Vettri Kazhagam,5864,25849,                                                                                                                                                                                                                                                                                                            
tamilnadu-2026,BALAMURUGAN_G__6003.pdf,empty_const,Ambattur G.Balamurugan,,,BALAMURUGAN.G,AMBATTUR,Tamilaga Vettri Kazhagam,6003,24092,                                                                                                                                                                                                                                                                                       >                    
tamilnadu-2026,C__KRISHNAMURALI__8053.pdf,empty_const,C. KRISHNAMURALI,,,C. KRISHNAMURALI,KADAYANALLUR,All India Anna Dravida Munnetra Kazhagam,8053,32002,                                                                                                                                                                                     I                                                                                                                      
tamilnadu-2026,DR_M_SUDHAKAR__7410.pdf,empty_const,M. SUDHAKAR,,,DR M SUDHAKAR,KATPADI,Tamilaga Vettri Kazhagam,7410,25530,                                                                                                                                                                                       E                                                                                                                    
tamilnadu-2026,DR__DHILIPAN_JAISHANKAR__7532.pdf,empty_const,J. DHILIPAN,,,DR. DHILIPAN JAISHANKAR,SANKARANKOVIL,All India Anna Dravida Munnetra Kazhagam,7532,24539,                                                                                                 I                                                                                                                                                                                                          
tamilnadu-2026,ELANGOVAN_D__9485.pdf,empty_const,D. Durai Elango,,,ELANGOVAN.D,MANAMADURAI,Tamilaga Vettri Kazhagam,9485,24879,"                                                                                                                                                                                     .,l                                                                                                                    "
tamilnadu-2026,GOPI__R__12647.pdf,empty_const,G. Gopi,,,GOPI. R.,PALACODU,Tamilaga Vettri Kazhagam,12647,27226,                                                                                                                                                                                                                                                                                                            
tamilnadu-2026,G_HARI__15176.pdf,empty_const,A.I.N. BADR,,,G.HARI,TIRUTTANI,All India Anna Dravida Munnetra Kazhagam,15176,35347,                                                                                                                                                                                                                                                                                                            
tamilnadu-2026,J__MURUGAN__9574.pdf,raw,,,,J. MURUGAN,TIRUCHENDUR,Tamilaga Vettri Kazhagam,9574,31558,Page | 1 भारतीय गैर न्यायिक एक सौ रुपये 55.100 00100 100100100100 सत्यमेव जयते Rs. 100 ONE HUNDRED RUPEES ATIRT INDIA 100100100100 88188128188189 00100 00100 100100 00100100100 0100100100 INDIA NON JUDICIAL தமிழ் நாடு A-IS TAMILNADU J.முருகன் தூத்துக்குடி NOTARIAL REGISTER - 100100 8010 0010 100 FM 
tamilnadu-2026,KALAIVANAN_POONDI_K__7413.pdf,empty_name,,திருவாரூர்,திராவிட முன்னேற்றக் கழகம்,KALAIVANAN POONDI K,THIRUVARUR,Dravida Munnetra Kazhagam,7413,29206,"भारतीय गैर न्यायिक एक सौ रुपये 5.100 Rs. 100 ONE HUNDRED RUPEES 200100 100100100 100100100100 सत्यमेव जयते RGT INDIA 80188198188189 10 00100100 0100100 001001001 888 INDIA NON JUDICIAL 88 தமிழ்நாடு A-IS TAMILNADU 24நல் 5 2028 கி.கலைவாணன் கொரடாச்சேரி. T.S. JAWAHAR STAMP VENDOR, TIRUVARUR-TAMILNADU L."
tamilnadu-2026,KANDASAMY__16693.pdf,empty_const,EBEsrLd,,,KANDASAMY,ALANGUDI,Tamilaga Vettri Kazhagam,16693,23108,                                                                                                                                                                                                                                                                                                            
tamilnadu-2026,KARTHIK_MOHAN__10070.pdf,raw,,,,KARTHIK MOHAN,VILLIVAKKAM,Dravida Munnetra Kazhagam,10070,74643,भारतीय गैर न्यायिक एक सौ रुपये रु. 100 Rs. 100 飛 ONE HUNDRED RUPEES மாவட் க் அக்டோபர் 10.10.2025 சென் GUT 607 60T 00100 100100 सत्यमेव जयते भारत INDIA 20180129198188188186 100100100100 100100100100 00100100100100 1001001 100100 100100 00.100 100100100100 01001001 00 0100100 0100100 INDIA NON JUDICIA
tamilnadu-2026,KIRUTHIGA_THANGAPANDI__7657.pdf,raw,,,,KIRUTHIGA THANGAPANDI,THIRUPARANKUNDRAM,Dravida Munnetra Kazhagam,7657,30070,भारतीय गैर न्यायिक एक सौ रुपये ரூ.100 200100 सत्यमेव जयते 20 Rs. 100 ONE HUNDRED RUPEES भारत INDIA100100100100 100100100100 100100100100 001001001001OO OO 00100 0010 8010010616616618- INDIA NON JUDICIAL 0100100 100100 SшÓÁÍ ª¬ış TAMILNADU ①100 B.Dulashibrundha 4.4.2026 கிருத்திகா தங்கப்பாண்டி மதுரை 
tamilnadu-2026,K__S__RAVICHANDRAN__11783.pdf,empty_const,K. S. RAVICHANDRAN,,DMK,K. S. RAVICHANDRAN,THIRU-VI-KA-NAGAR,Dravida Munnetra Kazhagam,11783,24628,                                                                                                                                                                                                                                                                              I                             
tamilnadu-2026,LEEMAROSE_MARTIN__16529.pdf,raw,,,,LEEMAROSE MARTIN,LALGUDI,All India Anna Dravida Munnetra Kazhagam,16529,183297,"FORM 2B (See rule 4 of the Conduct of Elections Rules, 1961) NOMINATION PAPER Election to the Tamil Nadu Legislative Assembly 15/LA/2024/20 11:08 AM 06/4/26 RoRDO STRIKE OFF PART I OR PART II BELOW WHICHEVER IS NOT APPLICABLE PARTI (To be used by candidate set up by recognised political party) I nom"
tamilnadu-2026,MARIA_JOHN__7756.pdf,raw,,,,MARIA JOHN,PALAYAMKOTTAI,Tamilaga Vettri Kazhagam,7756,49013,"भारतीय गैर न्यायिक एक सौ रुपये 5.100 00100 00100100100 HOOT00100100 सत्यमेव जयते Rs. 100 ONE HUNDRED RUPEES ATIRGT INDIA 001001001001001 100100 100100 0919Q 100100 001001001OO 01001001OO 881881 1001 OC INDIA NON JUDICIAL 88 தமிழ்நாடு எரிAM-IS TAMILNADU நவூலம், ஆகரு உ טעטחרלא மாவட்ட மே 02-2025 சென் G"
tamilnadu-2026,MURUGESAN__P__11995.pdf,empty_const,RAJAN,,,MURUGESAN. P,VIRALIMALAI,Tamilaga Vettri Kazhagam,11995,25220,                                                                                                                                                                                                                                                                                                            
tamilnadu-2026,M__K__STALIN__5483.pdf,empty_const,M.K. STALIN,,DMK,M. K. STALIN,KOLATHUR,Dravida Munnetra Kazhagam,5483,27249,                                                                                                                                                                                                                                                                                                            
tamilnadu-2026,M__R__PALLAVI__8585.pdf,empty_const,M. SHANTHI,,,M. R. PALLAVI,THIRU-VI-KA-NAGAR,Tamilaga Vettri Kazhagam,8585,23141,l-'                                                                                                                                                                                                                                                                                                         
tamilnadu-2026,N__SUBRAMANIAN__15207.pdf,empty_const,N. G. Eswaran,,,N. SUBRAMANIAN,GANDHARVAKOTTAI,Tamilaga Vettri Kazhagam,15207,23061,                                                                                                                                                                                                                                                                                                            
tamilnadu-2026,PANDIYAN_S__7349.pdf,empty_const,Candidate Name,,,PANDIYAN.S,THIRUTHURAIPOONDI,Tamilaga Vettri Kazhagam,7349,24252,                                 o+/LA/arel            ftb                                       q                                                                                                                                                                                                          
tamilnadu-2026,PITCHANDI_K__11016.pdf,empty_const,K. PITCHAJDI,,,PITCHANDI.K,KILPENNATHUR,Dravida Munnetra Kazhagam,11016,5664,                                                                                                                                                                                                                                                                                                            
tamilnadu-2026,PRAKASH_S__9156.pdf,empty_const,S. Prakash,,,PRAKASH.S,BODINAYAKANUR,Tamilaga Vettri Kazhagam,9156,20969,                                                                                                                                                                                                                                                                                                            
tamilnadu-2026,RAJENDRAN_S__11573.pdf,both_empty,,,,RAJENDRAN S,ARIYALUR,All India Anna Dravida Munnetra Kazhagam,11573,0,
tamilnadu-2026,RAJENDRAN__T__M__11425.pdf,empty_const,T.M.RAJENDRAN,,,RAJENDRAN. T. M,KADAYANALLUR,Dravida Munnetra Kazhagam,11425,31222,                                                                                                                                                                                      t                                                                                                                     
tamilnadu-2026,RAMACHANDRAN_S__11709.pdf,empty_const,ALAS EXARAN S.V.L,,,RAMACHANDRAN.S,KILPENNATHUR,All India Anna Dravida Munnetra Kazhagam,11709,12277,                                                                                                                                                                                                                                                                                                            
tamilnadu-2026,RANI__P__8781.pdf,empty_const,"P. rrnenrf,l",,,RANI. P,VANDAVASI,All India Anna Dravida Munnetra Kazhagam,8781,26671,                                                                                                                                                                                                                                                                                                            
tamilnadu-2026,R_JAYARAMAKRISHNAN__8426.pdf,both_empty,,,,R JAYARAMAKRISHNAN,MADATHUKULAM,Dravida Munnetra Kazhagam,8426,0,
tamilnadu-2026,SAMPATHKUMAR__V__11287.pdf,empty_const,C. MUTHURAJA,,,SAMPATHKUMAR. V,HARUR,All India Anna Dravida Munnetra Kazhagam,11287,25118,                                                                                                                                                                                                                                                                                                            
tamilnadu-2026,SATHISH_RAJU__ALIAS__K_P_R__SATHISH__17660.pdf,both_empty,,,,SATHISH RAJU (ALIAS) K.P.R. SATHISH,THONDAMUTHUR,Tamilaga Vettri Kazhagam,17660,0,
tamilnadu-2026,SEENIVASA_SETHUPATHY__R__8730.pdf,empty_const,R. Srinivasa Sethupathy,,,SEENIVASA SETHUPATHY. R,TIRUPPATTUR,Tamilaga Vettri Kazhagam,8730,28575,                                                                                                                                                                                                                                                                                                            
tamilnadu-2026,SIVAKUMAR__K__7850.pdf,empty_const,Sivakumar,,,SIVAKUMAR. K,SALEM (NORTH),Tamilaga Vettri Kazhagam,7850,26808,                                                                                                                                                                                                                                                                                                            
tamilnadu-2026,SIVA_V_MEYYANATHAN__16659.pdf,empty_const,S.V. Melyanathan,,,SIVA.V.MEYYANATHAN,ALANGUDI,Dravida Munnetra Kazhagam,16659,24179,                                                                                                                                                                                            I                                                                                                               
tamilnadu-2026,S__MARIAPPAN__8235.pdf,empty_const,S. Mariappan,,,S. MARIAPPAN,SANKARANKOVIL,Bahujan Samaj Party,8235,27081,                                                                                                                                                                                                                ffi                                                                                         
tamilnadu-2026,VEERAMANI_K_C__10992.pdf,raw,,,,VEERAMANI K.C.,JOLARPET,All India Anna Dravida Munnetra Kazhagam,10992,49783,1 M भारतीय गैर न्यायिक एक सौ रुपये 5.-100 00100 100100100100 सत्यमेव जयते Rs. 100 ONE HUNDRED RUPEES AIRG INDIA 100100100100 001001001001 1001OO 100100 100100 00100100100 01001001 00 001 0010010010 8888 INDIA NON JUDICIAL 10010 தமிழ்நாடு எரிAM-IS TAMILNADU 4.4.2026 14.C.வீரமணி ஜோலார்பேட்டை படிவம்-26
tamilnadu-2026,VIJAYABASKAR__C__13431.pdf,raw,,,,VIJAYABASKAR. C,VIRALIMALAI,All India Anna Dravida Munnetra Kazhagam,13431,48821,                                                                                                                                                                                                                                                                                                            
tamilnadu-2026,V__RAMU__11447.pdf,empty_const,V. RAMU,,AIADMK,V. RAMU,KATPADI,All India Anna Dravida Munnetra Kazhagam,11447,27158,                                                                                                                                                                                                                                                                                 1                          
telangana-2023,BALU_NAIK_NENAVATH__8578.pdf,both_empty,,,,BALU NAIK NENAVATH,Devarakonda,Indian National Congress,8578,0,
telangana-2023,DHANPAL_SURYANARAYANA__15693.pdf,raw,,,,DHANPAL SURYANARAYANA,Nizamabad (Urban),Bharatiya Janata Party,15693,32642,भारतीय गैर न्यायिक एक सौ रुपये 5.100 Rs. 100 ONE HUNDRED RUPEES HOTARY M.JAGA MOHAN GOUD NOTARIARU Dist Nizamabad T.S.-INDIA NOTACIAL सत्यमेव जयते भारत INDIA 100100 1001100100106 00100100100 00100100 100100100 812219918912818919010012812918 INDIA NON JUDICIAL Boon तेलंगाना TELANGANA Tran Id: 2311081
telangana-2023,LASYA_NANDITHA_SAYANNA__13971.pdf,both_empty,,,,LASYA NANDITHA SAYANNA,Secunderabad Cantt.,Bharat Rashtra Samithi,13971,0,
telangana-2023,MAKKAN_SINGH_RAJ_THAKUR__11801.pdf,empty_const,H. B. SINGH,,,MAKKAN SINGH RAJ THAKUR,Ramagundam,Indian National Congress,11801,14421,"                                                                                                                  H   C,as'a                                                                                                                                                                                "
telangana-2023,VIJAYUDU__12575.pdf,empty_const,U DU,,,VIJAYUDU,Alampur,Bharat Rashtra Samithi,12575,11802,                                                                                                                                                                                                                                                        J                       qmr                         
uttarpradesh-2022,ABHAY_KUMAR_ALIAS_DHIRAJ_OJHA__9824.pdf,both_empty,,,,ABHAY KUMAR ALIAS DHIRAJ OJHA,Raniganj,Bharatiya Janata Party,9824,0,                    
uttarpradesh-2022,ABHAY_SINGH__9063.pdf,both_empty,,,,ABHAY SINGH,Goshainganj,Samajwadi Party,9063,0,               
uttarpradesh-2022,ABHIJEET_SINGH_SANGA__4176.pdf,both_empty,,,,ABHIJEET SINGH SANGA,Bithoor,Bharatiya Janata Party,4176,0,                   
uttarpradesh-2022,ADITYANATH__9051.pdf,empty_const,ADITYANATH,,,ADITYANATH,Gorakhpur Urban,Bharatiya Janata Party,9051,12510,                                                                                                                                                                                                                                                                                                            
uttarpradesh-2022,AJAY_KUMAR__6778.pdf,both_empty,,,,AJAY KUMAR,Baberu,Bharatiya Janata Party,6778,2136,                                                                                                                                                                                                                                                                                                            
uttarpradesh-2022,AJAY_SHANKAR_DUBEY__12754.pdf,both_empty,,,,AJAY SHANKAR DUBEY,Mungra Badshahpur,Bharatiya Janata Party,12754,0,
uttarpradesh-2022,AJAY__9372.pdf,both_empty,,,,AJAY,Colonelganj,Bharatiya Janata Party,9372,0,                      
uttarpradesh-2022,AJAY__9690.pdf,both_empty,,,,AJAY,Bara,Samajwadi Party,9690,0,                
uttarpradesh-2022,ALOK_KUMAR_SHAKYA__5016.pdf,both_empty,,,,ALOK KUMAR SHAKYA,Bhongaon,Samajwadi Party,5016,0,             
uttarpradesh-2022,AMBRISH_RAWAT__9449.pdf,both_empty,,,,AMBRISH RAWAT,Zaidpur,Bharatiya Janata Party,9449,0,                      
uttarpradesh-2022,AMIT_SINGH_CHAUHAN__9978.pdf,empty_const,Amit Singh Chauhan,,,AMIT SINGH CHAUHAN,Bikapur,Bharatiya Janata Party,9978,3919,                                                                                                                                                                              Notary Stamp Affixed Rs. 10.00                                                                                                
uttarpradesh-2022,ANAND_KUMAR_YADAV__10151.pdf,both_empty,,,,ANAND KUMAR YADAV,Kaiserganj,Samajwadi Party,10151,0,              
uttarpradesh-2022,ANIL_KUMAR_ANIL_PRADHAN__9430.pdf,both_empty,,,,ANIL KUMAR ANIL PRADHAN,Chitrakoot,Samajwadi Party,9430,0,         
uttarpradesh-2022,ANIL_KUMAR_PAL__3975.pdf,both_empty,,,,ANIL KUMAR PAL,Tirwa,Samajwadi Party,3975,0,            
uttarpradesh-2022,ANIL_KUMAR_TRIPATHI__11547.pdf,both_empty,,,,ANIL KUMAR TRIPATHI,Menhdawal,Nirbal Indian Shoshit Hamara Aam Dal,11547,0,              
uttarpradesh-2022,ANJANI_KUMAR_SRIVASTAVA__8633.pdf,empty_const,ANJANI KUMAR SRIVASTAVA,,,ANJANI KUMAR SRIVASTAVA,Lucknow West,Bharatiya Janata Party,8633,4498,                                                                                                                                                                                                                                                                                      T  A  SI              
uttarpradesh-2022,ANJANI__12616.pdf,empty_const,Arun Kumar Dubey,,,ANJANI,Aurai,Samajwadi Party,12616,3665,                                                                                       OTAR                                                                           OTAR      F                                                                                                  www..S  ARKAIAN          
uttarpradesh-2022,ANOOP_SANDA__9450.pdf,both_empty,,,,ANOOP SANDA,Sultanpur,Samajwadi Party,9450,0,                  
uttarpradesh-2022,ANSAR_AHMAD__9609.pdf,empty_const,Ansar Ahamad,,,ANSAR AHMAD,Phaphamau,Samajwadi Party,9609,3924,                                                                                                                                                                                                                                                                                                            
uttarpradesh-2022,ANUPMA_JAISWAL__9480.pdf,both_empty,,,,ANUPMA JAISWAL,Bahraich,Bharatiya Janata Party,9480,0,              
uttarpradesh-2022,ANURAG_SINGH_BHADOURIYA__8108.pdf,both_empty,,,,ANURAG SINGH BHADOURIYA,Lucknow East,Samajwadi Party,8108,0,
uttarpradesh-2022,ARADHANA_MISHRA__MONA__9634.pdf,empty_const,ARADHANA MISHRA URF MONA,,,"ARADHANA MISHRA, MONA",Rampur Khas,Indian National Congress,9634,4860,                                                                                                                                                                                                                       Signature..                                                                     A/cNa
uttarpradesh-2022,ARCHANA_PANDEY__5759.pdf,both_empty,,,,ARCHANA PANDEY,Chhibramau,Bharatiya Janata Party,5759,2904,                                                                                                                                                                                                                                                                                                            
uttarpradesh-2022,ARMAAN_KHAN__8318.pdf,empty_const,ARMAN KHAN,,,ARMAAN KHAN,Lucknow West,Samajwadi Party,8318,5895,                                                                                                                                                                                             H    O240pM                                                                                                    
uttarpradesh-2022,ARSHAD_JAMAL_SIDDIQUI__3189.pdf,empty_const,Rakesh Kumar Gupta,,,ARSHAD JAMAL SIDDIQUI,Bhojpur,Samajwadi Party,3189,5955,                                                                                                                                                                                                                                                                 ww.wAN       wWWM                          
uttarpradesh-2022,ARTI_TIWARI__8710.pdf,both_empty,,,,ARTI TIWARI,Goshainganj,Bharatiya Janata Party,8710,0,                               
uttarpradesh-2022,ARUN_VEER_SINGH__9296.pdf,both_empty,,,,ARUN VEER SINGH,Matera,Bharatiya Janata Party,9296,0,              
uttarpradesh-2022,ARUN_VERMA__9640.pdf,both_empty,,,,ARUN VERMA,Sadar,Samajwadi Party,9640,0,           
uttarpradesh-2022,ARVIND_KUMAR_SINGH_GOPE__10091.pdf,both_empty,,,,ARVIND KUMAR SINGH GOPE,Dariyabad,Samajwadi Party,10091,0,                 
uttarpradesh-2022,ARVIND_SINGH_YADAV__2644.pdf,empty_const,AMme Soemna,,,ARVIND SINGH YADAV,Chhibramau,Samajwadi Party,2644,1963,                                                                                                                                                                                                                                                                                                            
uttarpradesh-2022,ASHOK_KUMAR__9146.pdf,both_empty,,,,ASHOK KUMAR,Salon,Bharatiya Janata Party,9146,0,           
uttarpradesh-2022,ASHUTOSH_TANDON__GOPAL_JI__8252.pdf,empty_const,ASHUTOSH TANDON ALIAS GOPAL JI,,,ASHUTOSH TANDON 'GOPAL JI ',Lucknow East,Bharatiya Janata Party,8252,5909,                                                                                                                                                                                                                                                                                                 OND        
uttarpradesh-2022,ASIM_ARUN__4557.pdf,both_empty,,,,ASIM ARUN,Kannauj,Bharatiya Janata Party,4557,0,             
uttarpradesh-2022,AVINASH_CHANDRA_DWIVEDI__10985.pdf,both_empty,,,,AVINASH CHANDRA DWIVEDI,Manikpur,Apna Dal (Soneylal),10985,0,                 
uttarpradesh-2022,AWADHESH_PRASAD__9160.pdf,both_empty,,,,AWADHESH PRASAD,Milkipur,Samajwadi Party,9160,0,              
uttarpradesh-2022,BABA_GORAKHNATH__10392.pdf,both_empty,,,,BABA GORAKHNATH,Milkipur,Bharatiya Janata Party,10392,0,                      
uttarpradesh-2022,BABULAL__12774.pdf,empty_name,,384,,BABULAL,Pindra,Bahujan Samaj Party,12774,17702,                                                                                                                                                                                                                                                                                                            
uttarpradesh-2022,BAIJNATH__9417.pdf,both_empty,,,,BAIJNATH,Katra Bazar,Samajwadi Party,9417,0,               
uttarpradesh-2022,BAJRANG_BAHADUR_SINGH__11408.pdf,empty_const,BAJRANG BAHADUR SINGH,,,BAJRANG BAHADUR SINGH,Pharenda,Bharatiya Janata Party,11408,5483,                                                                                                                                                     .                                                                   ACC Name-RAM                                                                    Acc
uttarpradesh-2022,BAWAN_SINGH__9388.pdf,both_empty,,,,BAWAN SINGH,Katra Bazar,Bharatiya Janata Party,9388,0,             
uttarpradesh-2022,BHAGELU_RAM__9070.pdf,both_empty,,,,BHAGELU RAM,Kadipur,Samajwadi Party,9070,0,                  
uttarpradesh-2022,BHAGWATI_PRASAD_SAGAR__1920.pdf,both_empty,,,,BHAGWATI PRASAD SAGAR,Ghatampur,Samajwadi Party,1920,0,                                         
uttarpradesh-2022,BIRENDRA_SINGH_RANA__1930.pdf,both_empty,,,,BIRENDRA SINGH RANA,Sikandra Rao,Bharatiya Janata Party,1930,0,             
uttarpradesh-2022,BIRPAL_SINGH__602.pdf,empty_const,Avinash,,,BIRPAL SINGH,Iglas,Rashtriya Lok Dal,602,13715,                                                                                                                                                                                                                                                                                                            
uttarpradesh-2022,BRAHMASHANKAR_TRIPATHI__11452.pdf,both_empty,,,,BRAHMASHANKAR TRIPATHI,Pathardeva,Samajwadi Party,11452,0,
uttarpradesh-2022,BRAJESH_KUMAR__4400.pdf,both_empty,,,BJP,BRAJESH KUMAR,Mohan,Bharatiya Janata Party,4400,14032,                                                                                                                                                                                   F                                                                        i                                               
uttarpradesh-2022,BRIJBHUSHAN_RAJPUT__6703.pdf,both_empty,,,,BRIJBHUSHAN RAJPUT,Charkhari,Bharatiya Janata Party,6703,0,           
uttarpradesh-2022,CHANDRAWATI_VERMA__7743.pdf,both_empty,,,,CHANDRAWATI VERMA,Rath,Samajwadi Party,7743,0,                  
uttarpradesh-2022,CHANDRA_PRAKASH_MISHRA_MATIYARI__10222.pdf,both_empty,,,,CHANDRA PRAKASH MISHRA MATIYARI,Gauriganj,Bharatiya Janata Party,10222,0,                          
uttarpradesh-2022,CHANDRIKA_PRASAD_UPADHYAY__9385.pdf,both_empty,,,,CHANDRIKA PRASAD UPADHYAY,Chitrakoot,Bharatiya Janata Party,9385,0,           
uttarpradesh-2022,CHHOTE_SINGH__6993.pdf,both_empty,,,,CHHOTE SINGH,Kalpi,Nirbal Indian Shoshit Hamara Aam Dal,6993,0,             
uttarpradesh-2022,DAYASHANKAR_VERMA__5771.pdf,both_empty,,,,DAYASHANKAR VERMA,Orai,Samajwadi Party,5771,0,           
uttarpradesh-2022,DAYA_SHANKAR_SINGH__12431.pdf,both_empty,,,,DAYA SHANKAR SINGH,Ballia Nagar,Bharatiya Janata Party,12431,0,
uttarpradesh-2022,DEEPAK_KUMAR_MISHRA__SHAKA__9155.pdf,both_empty,,,,"DEEPAK KUMAR MISHRA ""SHAKA""",Barhaj,Bharatiya Janata Party,9155,0,
uttarpradesh-2022,DEEP_NARAYAN_SINGH__DEEPAK_YADAV__2076.pdf,both_empty,,,,DEEP NARAYAN SINGH (DEEPAK YADAV),Garautha,Samajwadi Party,2076,0,                     
uttarpradesh-2022,DEVENDRA_SINGH__3839.pdf,both_empty,,,,DEVENDRA SINGH,Kasganj,Bharatiya Janata Party,3839,11004,                                                                                                                                                                                                                                                                                                            
uttarpradesh-2022,DHARMRAJ_SINGH_YADAV__9426.pdf,empty_const,Dharamraj Yadav,,,DHARMRAJ SINGH YADAV,Barabanki,Samajwadi Party,9426,4050,                                                                                                                                                                                                                                                                           HIRGIRIIN              TRIgE     
uttarpradesh-2022,DIGVIJAY_NARAYAN__11931.pdf,raw,,,,DIGVIJAY NARAYAN,Khalilabad,Samajwadi Party,11931,18235,"सत्यमेव जयते INDIA NON JUDICIAL sign........ Acc. Hame-Akash Mishra ACC Code-UP14642004 ACC Address Civil Court - Mob.No- 9450567470,9621788111 L.N. - 84 5 Tehsil & Dist-Khalilabad, Sant Kabir Nagar Government of Uttar Pradesh भारत INDIA TWINDIA e-Stamp CANCELLE NOTARIAL NOTARIAL Certificate No. Cer"
uttarpradesh-2022,DINESH_RAWAT__8649.pdf,both_empty,,,,DINESH RAWAT,Haidergarh,Bharatiya Janata Party,8649,0,                         
uttarpradesh-2022,DR_RASHMI_ARYA__4743.pdf,both_empty,,,,DR RASHMI ARYA,Mauranipur,Apna Dal (Soneylal),4743,0,           
uttarpradesh-2022,DR_R_K__PATEL__13428.pdf,raw,,,,DR R.K. PATEL,Mariyahu,Apna Dal (Soneylal),13428,16658,प्ररूप 26 (नियम 4क देखिए) 370 मड़ियाहूँ विधान सभा - ४०५० - (निर्वाचन क्षेत्र का नाम) निर्वाचन N OTARY समक्ष नोटरी .. (सदन का नाम) के निर्वाचन के लिए Chandra Shekhar Tiwari अभ्यर्थी द्वारा नाम-निर्देशन पत्र के साथ प्रस्तुत किया जाने वाला शपथ पत्र भाग-क Distt. Jaungar Advocate Regd. -1877 मैं. खेद कुमा
uttarpradesh-2022,DR_SANJAY_SINH__11066.pdf,both_empty,,,,DR.SANJAY SINH,Amethi,Bharatiya Janata Party,11066,0,            
uttarpradesh-2022,DR__ANCHAL__4545.pdf,both_empty,,,,DR. ANCHAL,Mohan,Samajwadi Party,4545,13459,                                                                                                B                                                                                                                                                                                                           
uttarpradesh-2022,DR__JAMUNA_PRASAD_SAROJ__10489.pdf,both_empty,,,,DR. JAMUNA PRASAD SAROJ,Soraon,Apna Dal (Soneylal),10489,0,                   
uttarpradesh-2022,DR__JITENDRA_SINGH_YADAV__3064.pdf,empty_const,Akhalesh Kumar Rajput,,,DR. JITENDRA SINGH YADAV,Amritpur,Samajwadi Party,3064,6522,                                                                                                                                                                                                                                                                                                            
uttarpradesh-2022,DR__LALIT_PRATAP_BAGHEL__5705.pdf,both_empty,,,,DR. LALIT PRATAP BAGHEL,Sikandra Rao,Samajwadi Party,5705,0,             
uttarpradesh-2022,DR__MANOJ_KUMAR_PRAJAPATI__7821.pdf,both_empty,,,,DR. MANOJ KUMAR PRAJAPATI,Hamirpur,Bharatiya Janata Party,7821,0,             
uttarpradesh-2022,DR__PALLAVI_PATEL__10881.pdf,both_empty,,,,DR. PALLAVI PATEL,Sirathu,Samajwadi Party,10881,0,           
uttarpradesh-2022,DR__PRIYA_RANJAN_ASHU_DIWAKAR__5632.pdf,both_empty,,,,DR. PRIYA RANJAN ASHU DIWAKAR,Kishni,Bharatiya Janata Party,5632,0,              
uttarpradesh-2022,DR__RAM_PRAKASH_KUSHWAHA__4856.pdf,both_empty,,,,DR. RAM PRAKASH KUSHWAHA,Akbarpur - Raniya,Samajwadi Party,4856,0,                         
uttarpradesh-2022,DR__SANJAY_KUMAR__11310.pdf,both_empty,,,,DR. SANJAY KUMAR,Bansgaon,Samajwadi Party,11310,0,                         
uttarpradesh-2022,DR__SIDDHARTH_SHANKER_DOHRE__6876.pdf,both_empty,,,,DR. SIDDHARTH SHANKER DOHRE,Bharthana,Bharatiya Janata Party,6876,0,              
uttarpradesh-2022,DR__SURABHI__5004.pdf,both_empty,,,,DR. SURABHI,Kaimganj,Apna Dal (Soneylal),5004,4084,                                                                                                                                                                   RGIRRIRRRP                                                                                                                               
uttarpradesh-2022,DR__VINOD_KUMAR_BIND__13549.pdf,both_empty,,,,DR. VINOD KUMAR BIND,Majhawan,Nirbal Indian Shoshit Hamara Aam Dal,13549,2981,                                                                                                                                                                                                                                                                                                            
uttarpradesh-2022,ENG__BRAJESH_KATHERIYA__5299.pdf,both_empty,,,,ENG. BRAJESH KATHERIYA,Kishni,Samajwadi Party,5299,0,             
uttarpradesh-2022,FAREED_MAHFOOZ_KIDWAI__9397.pdf,both_empty,,,,FAREED MAHFOOZ KIDWAI,Ram Nagar,Samajwadi Party,9397,0,                          
uttarpradesh-2022,FATEH_BAHADUR_SINGH_GILL__3440.pdf,both_empty,,,,FATEH BAHADUR SINGH GILL,Maharajpur,Samajwadi Party,3440,0,                     
uttarpradesh-2022,FATEH_BAHADUR__9174.pdf,empty_const,FATEH BAHADUR,,,FATEH BAHADUR,Caimpiyarganj,Bharatiya Janata Party,9174,6824,                                                                                                                                                                                                                                                                                                            
uttarpradesh-2022,FIROZ_KHAN_URF_GABBAR__11130.pdf,empty_const,Haji Firoz Khan Gabbar,,,FIROZ KHAN URF GABBAR,Bikapur,Samajwadi Party,11130,4546,                                                                                                                                                                                                                       14                                                               eth  Skamp Afued Ra 
uttarpradesh-2022,GAURAV_KUMAR__9229.pdf,both_empty,,,,GAURAV KUMAR,Zaidpur,Samajwadi Party,9229,0,                         
uttarpradesh-2022,GAURAV_VERMA__9071.pdf,both_empty,,,,GAURAV VERMA,Kaiserganj,Bharatiya Janata Party,9071,0,              
uttarpradesh-2022,GAURI_SHANKAR__4787.pdf,both_empty,,,,GAURI SHANKAR,Orai,Bharatiya Janata Party,4787,0,                           
uttarpradesh-2022,GEETA_SHASTRI__PASI__8567.pdf,both_empty,,,,GEETA SHASTRI (PASI),Soraon,Samajwadi Party,8567,0,               
uttarpradesh-2022,GHULAM_MOHAMMAD__827.pdf,empty_const,Ghulam Shadak,,,GHULAM MOHAMMAD,Siwalkhas,Rashtriya Lok Dal,827,387,                                                                                                                                                                                                                                                                                                            
uttarpradesh-2022,GIRISH_CHANDRA__9682.pdf,both_empty,,,,GIRISH CHANDRA,Babaganj,Samajwadi Party,9682,0,                    
uttarpradesh-2022,GULSHAN_YADAV__9289.pdf,both_empty,,,,GULSHAN YADAV,Kunda,Samajwadi Party,9289,0,                         
uttarpradesh-2022,GURU_PRASAD_MAURYA__9811.pdf,empty_const,GURU PRASAD MAURYA,,,GURU PRASAD MAURYA,Phaphamau,Bharatiya Janata Party,9811,3683,                                                                                                                                                                                                           t Cie-P4 217404                                                                                  
uttarpradesh-2022,HAKIM_LAL_BIND__9421.pdf,both_empty,,,,HAKIM LAL BIND,Handia,Samajwadi Party,9421,0,                                       
uttarpradesh-2022,HANSU_RAM__11593.pdf,both_empty,,,,HANSU RAM,Belthara Road,Suheldev Bharatiya Samaj Party,11593,0,            
uttarpradesh-2022,HARIOM_YADAV__4911.pdf,both_empty,,,,HARIOM YADAV,Sirsaganj,Bharatiya Janata Party,4911,0,                   
uttarpradesh-2022,HARIOM__3794.pdf,both_empty,,,,HARIOM,Amanpur,Bharatiya Janata Party,3794,0,          
uttarpradesh-2022,HARISH_CHANDRA__1628.pdf,both_empty,,,,HARISH CHANDRA,Bilsi,Bharatiya Janata Party,1628,0,
uttarpradesh-2022,HARI_PRAKASH_VERMA__2344.pdf,empty_const,RAJ KUMAR VERMA,,,HARI PRAKASH VERMA,Jalalabad,Bharatiya Janata Party,2344,6064,                                                                                                                                                                                                                                                                                                            
uttarpradesh-2022,HARSHVARDHAN_BAJPAI__10355.pdf,both_empty,,,,HARSHVARDHAN BAJPAI,Allahabad North,Bharatiya Janata Party,10355,0,              
uttarpradesh-2022,INDRAJEET_SAROJ__8727.pdf,both_empty,,,,INDRAJEET SAROJ,Manjhanpur,Samajwadi Party,8727,0,           
uttarpradesh-2022,INDRANI_DEVI__9176.pdf,both_empty,,,,INDRANI DEVI,Bhinga,Samajwadi Party,9176,0,          
uttarpradesh-2022,IQBAL_MEHMOOD__1454.pdf,raw,,,,IQBAL MEHMOOD,Sambhal,Samajwadi Party,1454,17843,3.3. प्ररूप 26 (नियम 4क देखिए) समाल ...निर्वाचन क्षेत्र से (निर्वाचन क्षेत्र का नाम ) उत्तर प्रदेश विधान सभा (सदन का नाम) के लिए निर्वाचन के लिए रिटर्निंग आफिसर के समक्ष अभ्यर्थी द्वारा प्रस्तुत किया जाने वाला शपथपत्र | माहल्ला भाग—अ ** पुत्र/पुत्र/ पत्नी इकबाल महमूद महमूद हसन मियाँ सराय ..आयु. 69. 
uttarpradesh-2022,JAGDISH_PRASAD__10564.pdf,both_empty,,,,JAGDISH PRASAD,Salon,Samajwadi Party,10564,0,             
uttarpradesh-2022,JAGPAL_SINGH__1511.pdf,both_empty,,,,JAGPAL SINGH,Saharanpur,Bharatiya Janata Party,1511,0,
uttarpradesh-2022,JAI_PRAKASH_NISHAD__9242.pdf,both_empty,,,,JAI PRAKASH NISHAD,Rudrapur,Bharatiya Janata Party,9242,8241,                                                                                                                                                                                                                                                                                                            
uttarpradesh-2022,JAWAHAR_LAL_RAJPUT__2144.pdf,both_empty,,,,JAWAHAR LAL RAJPUT,Garautha,Bharatiya Janata Party,2144,0,          
uttarpradesh-2022,JAY_MANGAL__11525.pdf,both_empty,,,,JAY MANGAL,Maharajganj,Bharatiya Janata Party,11525,0,
uttarpradesh-2022,JITENDRA_KUMAR_DOHARE__4657.pdf,both_empty,,,,JITENDRA KUMAR DOHARE,Auraiya,Samajwadi Party,4657,0,           
uttarpradesh-2022,JUGENDRA_SINGH_YADAV__2125.pdf,both_empty,,,,JUGENDRA SINGH YADAV,Etah,Samajwadi Party,2125,0,                  
uttarpradesh-2022,KAJAL_NISHAD__11155.pdf,empty_const,KAJAL NISHAD,,,KAJAL NISHAD,Caimpiyarganj,Samajwadi Party,11155,7475,                                                                                                                                              ACC Nai..i1nk Yadav                                                                                                                                           
uttarpradesh-2022,KALICHARAN__13150.pdf,empty_name,,377 जहूराबाद विधानसभा उत्तर प्रदेश,भारतीय जनता पार्टी,KALICHARAN,Zahoorabad,Bharatiya Janata Party,13150,20224,"भारतीय गैर न्यायिक दस • रुपये भारत TEN RUPEES IZOZ 330 8 रु.10 (सत्यमेव जयते) INDIA RAI VIONI Disclazipur (U.P.) Ex. on dt-21-07-2023 NOTARIAL NOTARIAL INDIA NON JUDICIAL AYA - उत्तर प्रदेश....ITTAR PRADESH 398 cerial Ne XXX समक्ष, रिटर्निंग आफिसर, 377, जहूराबाद विधानसभा निर्वाचन (सामान्य) - 2022 51"
uttarpradesh-2022,KAMAL_DUTT_SHARMA__258.pdf,empty_const,KAMAL DUTT SHARMA,,,KAMAL DUTT SHARMA,Meerut,Bharatiya Janata Party,258,6444,                                                                                                                                                                                                                                                                                                            
uttarpradesh-2022,KAMESHWAR_ALIAS_KISHAN_DIXIT__13331.pdf,empty_const,Natehhed Singh,,,KAMESHWAR ALIAS KISHAN DIXIT,Varanasi South,Samajwadi Party,13331,3991,                                                                                                                                                                                                                                                                                                            
uttarpradesh-2022,KAMLESH_CHANDRA_DIWAKAR__2328.pdf,empty_const,Kamlesh Chandra Diwakar,,,KAMLESH CHANDRA DIWAKAR,Rasulabad,Samajwadi Party,2328,5190,                                                                                                                                                                                                                                                                        WANM                                
uttarpradesh-2022,KESHAV_PRASAD_MAURYA__8658.pdf,both_empty,,,,KESHAV PRASAD MAURYA,Sirathu,Bharatiya Janata Party,8658,0,               
uttarpradesh-2022,KIRAN_VERMA__4561.pdf,raw,,,,KIRAN VERMA,Naraini,Samajwadi Party,4561,15159,भारतीय गैर न्यायिक एक सौ रुपये रु.100 Rs. 100 ONE HUNDRED RUPEES CTAR) Advocate K. Baside (U.P.) APHAY TRIPATIE No-0498/2012 でりま 9 to 23 GOVT 100% सत्यमेव जयते भारत INDIA 00100 00100100 100100 100100100100 0100100100 00100100100100100 INDIA NON JUDICIAL उत्तर प्रदेश UTTAR PRADESH प्ररूप- 26 नियम 4(क
uttarpradesh-2022,KIRTI__12500.pdf,both_empty,,,,KIRTI,Chhanbey,Samajwadi Party,12500,11708,                                                                                                                                                                                                                                                                                                            
uttarpradesh-2022,KRISHNA_KUMAR_OJHA__9752.pdf,both_empty,,,,KRISHNA KUMAR OJHA,Mahasi,Samajwadi Party,9752,0,               
uttarpradesh-2022,KRISHNA_PATEL__10831.pdf,both_empty,,,,KRISHNA PATEL,Pratapgarh,Apna Dal (Kamerawadi),10831,0,         
uttarpradesh-2022,LAKHAN_SINGH_RAJPUT__3490.pdf,both_empty,,,,LAKHAN SINGH RAJPUT,Dibiyapur,Bharatiya Janata Party,3490,0,           
uttarpradesh-2022,LAL_BAHADUR__9206.pdf,both_empty,,,,LAL BAHADUR,Manjhanpur,Bharatiya Janata Party,9206,0,                  
uttarpradesh-2022,LAUTAN_PRASAD__11497.pdf,both_empty,,,,LAUTAN PRASAD,Dhanghata,Shoshit Samaj Dal,11497,0,              
uttarpradesh-2022,MADHURI_VERMA__9048.pdf,both_empty,,,,MADHURI VERMA,Nanpara,Samajwadi Party,9048,0,            
uttarpradesh-2022,MAHARAJI_PRAJAPATI__8267.pdf,both_empty,,,,MAHARAJI PRAJAPATI,Amethi,Samajwadi Party,8267,0,             
uttarpradesh-2022,MAHENDRA_NATH_YADAV__11540.pdf,both_empty,,,,MAHENDRA NATH YADAV,Basti Sadar,Samajwadi Party,11540,0,                   
uttarpradesh-2022,MAHENDRA__10619.pdf,both_empty,,,,MAHENDRA,Rasara,Suheldev Bharatiya Samaj Party,10619,0,           
uttarpradesh-2022,MAHESH_CHANDRA_GUPTA__1295.pdf,both_empty,,,,MAHESH CHANDRA GUPTA,Badaun,Bharatiya Janata Party,1295,0,
uttarpradesh-2022,MAHESH_TRIVEDI__4378.pdf,both_empty,,,,MAHESH TRIVEDI,Kidwai Nagar,Bharatiya Janata Party,4378,0,            
uttarpradesh-2022,MAMTESH_SHAKYA__3386.pdf,both_empty,,,,MAMTESH SHAKYA,Patiyali,Bharatiya Janata Party,3386,0,            
uttarpradesh-2022,MANBODH_PRASAD__11995.pdf,both_empty,,,,MANBODH PRASAD,Salempur,Suheldev Bharatiya Samaj Party,11995,0,                                    
uttarpradesh-2022,MANISHA__4565.pdf,both_empty,,,,MANISHA,Rath,Bharatiya Janata Party,4565,0,                  
uttarpradesh-2022,MANOHAR_LAL__4679.pdf,both_empty,,,,MANOHAR LAL,Mehroni,Bharatiya Janata Party,4679,0,              
uttarpradesh-2022,MANOJ_KUMAR_PANDEY__8027.pdf,both_empty,,,,MANOJ KUMAR PANDEY,Unchahar,Samajwadi Party,8027,0,
uttarpradesh-2022,MANVENDRA_PRATAP_SINGH__4785.pdf,both_empty,,,,MANVENDRA PRATAP SINGH,Jasrana,Bharatiya Janata Party,4785,0,
uttarpradesh-2022,MAN_PAL_SINGH__5647.pdf,empty_const,Vinod Kumar,,,MAN PAL SINGH,Kasganj,Samajwadi Party,5647,14212,I                                                                                                                                                                                                                                                                                                           
uttarpradesh-2022,MARIYA__10059.pdf,both_empty,,,,MARIYA,Matera,Samajwadi Party,10059,0,             
uttarpradesh-2022,MAYANKESHWAR_SHARAN_SINGH__9147.pdf,both_empty,,,,MAYANKESHWAR SHARAN SINGH,Tiloi,Bharatiya Janata Party,9147,0,          
uttarpradesh-2022,MOHAMMAD_SHAFI__7458.pdf,empty_const,V.K. Upadhayay,,,MOHAMMAD SHAFI,Kanpur Cantt.,Bahujan Samaj Party,7458,2281,                                                                                                                                                                                                                                                                                                            
uttarpradesh-2022,MOHAMMAD_YUNUS__53.pdf,both_empty,,,,MOHAMMAD YUNUS,Bulandshahr,Rashtriya Lok Dal,53,0,
uttarpradesh-2022,MOHD_MUJATABA_SIDDIQUI__9200.pdf,both_empty,,,,MOHD.MUJATABA SIDDIQUI,Phulpur,Samajwadi Party,9200,0,                   
uttarpradesh-2022,MOHD_NAIM__9105.pdf,both_empty,,,,MOHD NAIM,Tiloi,Samajwadi Party,9105,0,             
uttarpradesh-2022,MOHD_TAHIR_KHAN__9570.pdf,both_empty,,,,MOHD TAHIR KHAN,Isauli,Samajwadi Party,9570,0,                       
uttarpradesh-2022,MOHHAMAD_ASLAM_RAINEE__9061.pdf,both_empty,,,,MOHHAMAD ASLAM RAINEE,Shrawasti,Samajwadi Party,9061,0,        
uttarpradesh-2022,MUKESH_SRIVASTAVA__8814.pdf,both_empty,,,,MUKESH SRIVASTAVA,Payagpur,Samajwadi Party,8814,0,            
uttarpradesh-2022,MUKESH_VERMA__2481.pdf,both_empty,,,,MUKESH VERMA,Shikohabad,Samajwadi Party,2481,0,         
uttarpradesh-2022,MUNINDRA_SHUKLA__1633.pdf,both_empty,,,,MUNINDRA SHUKLA,Bithoor,Samajwadi Party,1633,0,          
uttarpradesh-2022,NADIRA_SULTAN_ALIAS_BITIYA__5153.pdf,both_empty,,,,NADIRA SULTAN ALIAS BITIYA,Patiyali,Samajwadi Party,5153,0,                
uttarpradesh-2022,NAGENDRA_SINGH_RATHOUR__1818.pdf,empty_const,NAGENDRA SINGH,,,NAGENDRA SINGH RATHOUR,Bhojpur,Bharatiya Janata Party,1818,4376,                                                                                                                                                                                                                                                                                                            
uttarpradesh-2022,NAGESH_PRATAP_SINGH_URF_CHHOTE_SARKAR__9685.pdf,both_empty,,,,NAGESH PRATAP SINGH URF CHHOTE SARKAR,Rampur Khas,Bharatiya Janata Party,9685,1937,                                                                                                                                                                                                                                                                                                            
uttarpradesh-2022,NANDITA_SHUKLA__10039.pdf,both_empty,,,,NANDITA SHUKLA,Mehnaun,Samajwadi Party,10039,0,           
uttarpradesh-2022,NAND_GOPAL_GUPTA__NANDI__9882.pdf,both_empty,,,,"NAND GOPAL GUPTA ""NANDI""",Allahabad South,Bharatiya Janata Party,9882,0,                   
uttarpradesh-2022,NARENDRA_PAL_SINGH__5092.pdf,both_empty,,,,NARENDRA PAL SINGH,Bhognipur,Samajwadi Party,5092,0,         
uttarpradesh-2022,NARESH_SAINI__1241.pdf,empty_const,NARESH SAINI,,,NARESH SAINI,Behat,Bharatiya Janata Party,1241,9840,"                                                                                                                                                                                                                                                  ,,.                                                       "
uttarpradesh-2022,NEELAM_KARVARIYA__9992.pdf,both_empty,,,,NEELAM KARVARIYA,Meja,Bharatiya Janata Party,9992,0,                                                                
uttarpradesh-2022,NEELIMA_KATIYAR__6145.pdf,both_empty,,,,NEELIMA KATIYAR,Kalyanpur,Bharatiya Janata Party,6145,0,          
uttarpradesh-2022,NEERAJ_CHAUDHARY__1549.pdf,both_empty,,,,NEERAJ CHAUDHARY,Bijnor,Rashtriya Lok Dal,1549,3594,                                                                                                                                                                                                                                                                                                            
uttarpradesh-2022,NEERAJ__KUSHWAHA__MAURYA__1440.pdf,empty_const,AJAY KUMAR VERMA,,,NEERAJ (KUSHWAHA) MAURYA,Jalalabad,Samajwadi Party,1440,8422,                                                                                                                                                                                                                                                                                                            
uttarpradesh-2022,NIRMESH_MANGAL__12394.pdf,both_empty,,,,NIRMESH MANGAL,Maharajganj,Independent,12394,0,             
uttarpradesh-2022,NITIN_AGARWAL__6391.pdf,empty_const,Nitin Agarwal,,,NITIN AGARWAL,Hardoi,Bharatiya Janata Party,6391,18226,                                                                                                                                                                                                                                                                                                            
uttarpradesh-2022,OMKUMAR__1169.pdf,both_empty,,,,OMKUMAR,Nehtaur,Bharatiya Janata Party,1169,0,
uttarpradesh-2022,OM_PRAKASH_PANDEY__10317.pdf,both_empty,,,,OM PRAKASH PANDEY,Isauli,Bharatiya Janata Party,10317,0,            
uttarpradesh-2022,OM_PRAKASH_VERMA__3848.pdf,both_empty,,,,OM PRAKASH VERMA,Shikohabad,Bharatiya Janata Party,3848,0,         
uttarpradesh-2022,PADAM_SEN_CHAUDHARY__9562.pdf,both_empty,,,,PADAM SEN CHAUDHARY,Bhinga,Bharatiya Janata Party,9562,0,          
uttarpradesh-2022,PANKAJ_GUPTA__2073.pdf,raw,,,,PANKAJ GUPTA,Unnao,Bharatiya Janata Party,2073,3593,                                                                                                                                                                                                                                                                                                            
uttarpradesh-2022,PANKAJ_SINGH__93.pdf,empty_const,PANKAJ SINGH,,,PANKAJ SINGH,Noida,Bharatiya Janata Party,93,14394,                                                                                                                                                                                                                                                                                                            
uttarpradesh-2022,PIYUSH_RANJAN_NISHAD__9913.pdf,empty_const,PIYUSH RANJAN NISHAD,,,PIYUSH RANJAN NISHAD,Karachhana,Bharatiya Janata Party,9913,5588,                                                                                                                     ACC Mame: Beena Deviai                                                 ACC Cedc:UP0004                                                                                                 
uttarpradesh-2022,POOJA_PAL__9367.pdf,both_empty,,,,POOJA PAL,Chail,Samajwadi Party,9367,0,                
uttarpradesh-2022,PRABHAKAR_PANDEY__4729.pdf,both_empty,,,,PRABHAKAR PANDEY,Sikandra,Samajwadi Party,4729,0,                   
uttarpradesh-2022,PRABHAT_KUMAR_VERMA__9325.pdf,both_empty,,,,PRABHAT KUMAR VERMA,Gaura,Bharatiya Janata Party,9325,0,            
uttarpradesh-2022,PRADEEP_KUMAR_SINGH__4956.pdf,both_empty,,,,PRADEEP KUMAR SINGH,Sadabad,Rashtriya Lok Dal,4956,0,             
uttarpradesh-2022,PRADEEP_KUMAR_YADAV__1784.pdf,both_empty,,,,PRADEEP KUMAR YADAV,Dibiyapur,Samajwadi Party,1784,0,                   
uttarpradesh-2022,PRATEEK_BHUSHAN_SINGH__9880.pdf,both_empty,,,,PRATEEK BHUSHAN SINGH,Gonda,Bharatiya Janata Party,9880,0,              
uttarpradesh-2022,PRATIBHA_SHUKLA__4871.pdf,both_empty,,,,PRATIBHA SHUKLA,Akbarpur - Raniya,Bharatiya Janata Party,4871,0,            
uttarpradesh-2022,PRAVEEN_PATEL__9595.pdf,both_empty,,,,PRAVEEN PATEL,Phulpur,Bharatiya Janata Party,9595,0,                           
uttarpradesh-2022,PREM_CHANDRA__10723.pdf,empty_const,PREMCHANDRA KASHYAP,,,PREM CHANDRA,Shohratgarh,Suheldev Bharatiya Samaj Party,10723,3704,                                                                                                                                                                                                                                                                                                            
uttarpradesh-2022,PREM_NRAYAN_PANDEY__9319.pdf,both_empty,,,,PREM NRAYAN PANDEY,Tarabganj,Bharatiya Janata Party,9319,0,                 
uttarpradesh-2022,PREM_PAL_SINGH_DHANGAR__7988.pdf,both_empty,,,,PREM PAL SINGH DHANGAR,Tundla,Bharatiya Janata Party,7988,0,         
uttarpradesh-2022,PROF__S_P__SINGH_BAGHEL__5275.pdf,both_empty,,,,PROF. S.P. SINGH BAGHEL,Karhal,Bharatiya Janata Party,5275,0,                 
uttarpradesh-2022,PURNMASI_DEHATI__12370.pdf,both_empty,,,,PURNMASI DEHATI,Ramkola,Suheldev Bharatiya Samaj Party,12370,0,               
uttarpradesh-2022,RACHNA_SINGH_GAUTAM__5885.pdf,both_empty,,,,RACHNA SINGH GAUTAM,Bilhaur,Samajwadi Party,5885,0,                  
uttarpradesh-2022,RAFIQ_ANSARI__616.pdf,empty_const,RAFIQ ANSARI,,,RAFIQ ANSARI,Meerut,Samajwadi Party,616,2973,                                                                                                                                                                                                                                                                                                            
uttarpradesh-2022,RAGHUNANDAN_SINGH_BHADAURIYA__7473.pdf,empty_const,SWADEHK UMAR,,,RAGHUNANDAN SINGH BHADAURIYA,Kanpur Cantt.,Bharatiya Janata Party,7473,2584,                                                                                                                                                                                                                                                                                                            
uttarpradesh-2022,RAGHVENDRA_KUMAR_SINGH__4836.pdf,both_empty,,,,RAGHVENDRA KUMAR SINGH,Bharthana,Samajwadi Party,4836,0,            
uttarpradesh-2022,RAHUL_BACHHA__4849.pdf,both_empty,,,,RAHUL BACHHA,Bilhaur,Bharatiya Janata Party,4849,0,              
uttarpradesh-2022,RAHUL_PRAKASH_KOL__12827.pdf,both_empty,,,,RAHUL PRAKASH KOL,Chhanbey,Apna Dal (Soneylal),12827,0,
uttarpradesh-2022,RAISH_CHANDRA_SHUKLA__9956.pdf,both_empty,,,,RAISH CHANDRA SHUKLA,Allahabad South,Samajwadi Party,9956,0,               
uttarpradesh-2022,RAJEEV_SINGH___PARICHHA__2034.pdf,both_empty,,,,RAJEEV SINGH ''PARICHHA'',Babina,Bharatiya Janata Party,2034,0,                    
uttarpradesh-2022,RAJENDRA_KUMAR__10942.pdf,both_empty,,,,RAJENDRA KUMAR,Pratapgarh,Bharatiya Janata Party,10942,0,                 
uttarpradesh-2022,RAJENDRA_PRATAP_SINGH_URF_MOTI__9056.pdf,both_empty,,,,RAJENDRA PRATAP SINGH URF MOTI,Patti,Bharatiya Janata Party,9056,0,                          
uttarpradesh-2022,RAJESH_KUMAR_AGARWAL__1279.pdf,both_empty,,,,RAJESH KUMAR AGARWAL,Bareilly,Samajwadi Party,1279,0,
uttarpradesh-2022,RAJESH_KUMAR_GAUTAM__9587.pdf,both_empty,,,,RAJESH KUMAR GAUTAM,Kadipur,Bharatiya Janata Party,9587,0,                 
uttarpradesh-2022,RAJKUMAR_SAHYOGI__534.pdf,empty_const,Avinash,,,RAJKUMAR SAHYOGI,Iglas,Bharatiya Janata Party,534,12161,                                                                                                                                                                                                                                                                                                            
uttarpradesh-2022,RAJMANI__10312.pdf,both_empty,,,,RAJMANI,Koraon,Bharatiya Janata Party,10312,0,              
uttarpradesh-2022,RAJ_PRASAD_UPADHYAY__10343.pdf,both_empty,,,,RAJ PRASAD UPADHYAY,Sadar,Bharatiya Janata Party,10343,0,                
uttarpradesh-2022,RAKESH_BABU__4763.pdf,both_empty,,,,RAKESH BABU,Tundla,Samajwadi Party,4763,0,                         
uttarpradesh-2022,RAKESH_KUMAR_GOSWAMI__4473.pdf,both_empty,,,,RAKESH KUMAR GOSWAMI,Mahoba,Bharatiya Janata Party,4473,15511,"                                                                                                                                                                                                                  Zs""lz--                                                                                   "
uttarpradesh-2022,RAKESH_KUMAR_VERMA_ALIAS_DR__R__K__VERMA__10240.pdf,both_empty,,,,RAKESH KUMAR VERMA ALIAS DR. R. K. VERMA,Raniganj,Samajwadi Party,10240,0,                  
uttarpradesh-2022,RAKESH_KUMAR_VERMA__9209.pdf,both_empty,,,,RAKESH KUMAR VERMA,Kursi,Samajwadi Party,9209,0,                                   
uttarpradesh-2022,RAKESH_PANDEY__10448.pdf,raw,,,,RAKESH PANDEY,Jalalpur,Samajwadi Party,10448,33748,04-Feb-2022 00PMO सत्यमेव जयते INDIA NON JUDICIAL Government of Uttar Pradesh e-Stamp शम्भू. अम्बेडकर न (स्टाम्प विक्र ला०नं० 73 अकबरपुर- 210 Certificate No. Certificate Issued Date Account Reference Unique Doc. Reference Purchased by Description of Document Property Description : IN-UP1730061100109
uttarpradesh-2022,RAKESH_PRATAP_SINGH__11235.pdf,both_empty,,,,RAKESH PRATAP SINGH,Gauriganj,Samajwadi Party,11235,0,                
uttarpradesh-2022,RAKESH_SACHAN__5482.pdf,both_empty,,,,RAKESH SACHAN,Bhognipur,Bharatiya Janata Party,5482,0,                       
uttarpradesh-2022,RAMAKANT_YADAV__12077.pdf,both_empty,,,,RAMAKANT YADAV,Phoolpur-Pawai,Samajwadi Party,12077,0,
uttarpradesh-2022,RAMA_SHANKAR_SINGH__12481.pdf,empty_const,R.S. Singh Patel,,BJP,RAMA SHANKAR SINGH,Marihan,Bharatiya Janata Party,12481,4378,                                                                                                                                                                                                                                                                                                            
uttarpradesh-2022,RAMBALI_VERMA__6124.pdf,both_empty,,,,RAMBALI VERMA,Balamau,Samajwadi Party,6124,14657,                                                                                                                                                                                                                                                                                                            
uttarpradesh-2022,RAMBHUAL_NISHAD__12204.pdf,both_empty,,,,RAMBHUAL NISHAD,Rudrapur,Samajwadi Party,12204,8705,--I                                                                                                                                                                                                                                                                                                         
uttarpradesh-2022,RAMDEV_NIDAR__10255.pdf,both_empty,,,,RAMDEV NIDAR,Koraon,Samajwadi Party,10255,0,          
uttarpradesh-2022,RAMESH_CHANDRA_GAUTAM__10112.pdf,both_empty,,,,RAMESH CHANDRA GAUTAM,Mankapur,Samajwadi Party,10112,0,             
uttarpradesh-2022,RAMESH__12956.pdf,both_empty,,,,RAMESH,Shahganj,Nirbal Indian Shoshit Hamara Aam Dal,12956,0,
uttarpradesh-2022,RAMJEEVAN__7733.pdf,both_empty,,,,RAMJEEVAN,Charkhari,Samajwadi Party,7733,0,             
uttarpradesh-2022,RAMPAL_VERMA__6922.pdf,empty_const,TrrTqfd qql qrq qnggq,,,RAMPAL VERMA,Balamau,Bharatiya Janata Party,6922,13238,                                                                                                                                                                                                                                                                                                            
uttarpradesh-2022,RAMRATAN_KUSHWAHA__4877.pdf,both_empty,,,,RAMRATAN KUSHWAHA,Lalitpur,Bharatiya Janata Party,4877,0,              
uttarpradesh-2022,RAMVEER_UPADHYAY__4682.pdf,both_empty,,,,RAMVEER UPADHYAY,Sadabad,Bharatiya Janata Party,4682,0,                          
uttarpradesh-2022,RAM_BHAJAN_CHAUBEY__9540.pdf,both_empty,,,,RAM BHAJAN CHAUBEY,Tarabganj,Samajwadi Party,9540,0,             
uttarpradesh-2022,RAM_CHANDRA_YADAV__9871.pdf,both_empty,,,,RAM CHANDRA YADAV,Rudauli,Bharatiya Janata Party,9871,1674,                                                                                                                NOtarv Stamp Aftixed Rs. 10-(n                                                                                                                                                              
uttarpradesh-2022,RAM_FERAN__9165.pdf,both_empty,,,,RAM FERAN,Shrawasti,Bharatiya Janata Party,9165,0,          
uttarpradesh-2022,RAM_MAGAN__9416.pdf,both_empty,,,,RAM MAGAN,Haidergarh,Samajwadi Party,9416,0,                        
uttarpradesh-2022,RAM_NARESH_AGNIHOTRI__6436.pdf,both_empty,,,,RAM NARESH AGNIHOTRI,Bhongaon,Bharatiya Janata Party,6436,0,               
uttarpradesh-2022,RAM_PRAKASH_PRAJAPATI__4673.pdf,both_empty,,,,RAM PRAKASH PRAJAPATI,Hamirpur,Samajwadi Party,4673,0,          
uttarpradesh-2022,RAM_SHARAN_RAJPUT__7199.pdf,empty_const,RAMSHARAN,,,RAM SHARAN RAJPUT,Tirwa,Vikas Insaf Party,7199,2711,                                                                                                                                                                                                                                                                                                            
uttarpradesh-2022,RAM_SINGH__9260.pdf,both_empty,,,,RAM SINGH,Patti,Samajwadi Party,9260,0,                     
uttarpradesh-2022,RANJEET_SUMAN__3477.pdf,both_empty,,,,RANJEET SUMAN,Jalesar,Samajwadi Party,3477,0,         
uttarpradesh-2022,RAVENDRA_PAL_SINGH__3448.pdf,empty_const,Ravendra Pal Singh,,BJP,RAVENDRA PAL SINGH,Chharra,Bharatiya Janata Party,3448,2937,                                                                                                                                                                                                                                                                                                            
uttarpradesh-2022,RAVI_SHARMA__6691.pdf,both_empty,,,,RAVI SHARMA,Jhansi Nagar,Bharatiya Janata Party,6691,0,             
uttarpradesh-2022,REKHA_VERMA__5753.pdf,both_empty,,,,REKHA VERMA,Bidhuna,Samajwadi Party,5753,0,           
uttarpradesh-2022,RICHA_SINGH__10345.pdf,both_empty,,,,RICHA SINGH,Allahabad West,Samajwadi Party,10345,0,             
uttarpradesh-2022,RIYA_SHAKYA__5069.pdf,both_empty,,,,RIYA SHAKYA,Bidhuna,Bharatiya Janata Party,5069,0,           
uttarpradesh-2022,ROHIT_SHUKLA__13522.pdf,empty_const,ROHIT SHUKLA,,,ROHIT SHUKLA,Majhawan,Samajwadi Party,13522,2377,                                                                                                                                                                                                                                                                                                            
uttarpradesh-2022,ROSHAN_LAL_VERMA__1577.pdf,empty_const,ETHRIST 3R,,,ROSHAN LAL VERMA,Tilhar,Samajwadi Party,1577,6024,                                                                                                                                                                                                                                                                                                            
uttarpradesh-2022,SACHIN_YADAV__2337.pdf,both_empty,,,,SACHIN YADAV,Jasrana,Samajwadi Party,2337,0,                      
uttarpradesh-2022,SAIFURRAHAMAN_URF_CHHUTTAN_BHAI__4886.pdf,both_empty,,,,SAIFURRAHAMAN URF CHHUTTAN BHAI,Firozabad,Samajwadi Party,4886,0,                     
uttarpradesh-2022,SAKENDRA_PRATAP__9281.pdf,both_empty,,,,SAKENDRA PRATAP,Kursi,Bharatiya Janata Party,9281,0,                         
uttarpradesh-2022,SALIL_VISHNOI__3058.pdf,both_empty,,,,SALIL VISHNOI,Sishamau,Bharatiya Janata Party,3058,0,              
uttarpradesh-2022,SAMARPAL_SINGH__4081.pdf,empty_const,SAMARPAL SINGH,,,SAMARPAL SINGH,Naugawan Sadat,Samajwadi Party,4081,2977,                                                                                                                                                                                                                                                                                                            
uttarpradesh-2022,SANDEEP_SINGH__8771.pdf,both_empty,,,,SANDEEP SINGH,Meja,Samajwadi Party,8771,0,            
uttarpradesh-2022,SANDEEP_YADAV__9137.pdf,both_empty,,,,SANDEEP YADAV,Allahabad North,Samajwadi Party,9137,0,                 
uttarpradesh-2022,SANGEET_SINGH_SOM__625.pdf,empty_const,SANGEET SINGH SOM,,,SANGEET SINGH SOM,Sardhana,Bharatiya Janata Party,625,5102,                                                                                                                                                                                                                                                                                                            
uttarpradesh-2022,SANJAY_KUMAR__10103.pdf,both_empty,,,,SANJAY KUMAR,Gaura,Samajwadi Party,10103,0,              
uttarpradesh-2022,SANJEEV_AGARWAL__2659.pdf,empty_const,SANJEEV KUMAR AGARWAL,,,SANJEEV AGARWAL,Bareilly Cantt.,Bharatiya Janata Party,2659,7264,                                                                                                                                                                                                                                                                                                            
uttarpradesh-2022,SANJEEV_KUMAR__4639.pdf,both_empty,,,,SANJEEV KUMAR,Jalesar,Bharatiya Janata Party,4639,0,           
uttarpradesh-2022,SANJEEV_KUMAR__4832.pdf,both_empty,,,,SANJEEV KUMAR,Hathras,Bahujan Samaj Party,4832,0,             
uttarpradesh-2022,SANTOSH_PANDEY__9790.pdf,both_empty,,,,SANTOSH PANDEY,Lambhua,Samajwadi Party,9790,0,                    
uttarpradesh-2022,SARITA_BHADAURIYA__4998.pdf,both_empty,,,BJP,SARITA BHADAURIYA,Etawah,Bharatiya Janata Party,4998,11633,                                                                                                                                                                                                                                                                                                            
uttarpradesh-2022,SAROJ_KUREEL__4940.pdf,both_empty,,,,SAROJ KUREEL,Ghatampur,Apna Dal (Soneylal),4940,0,                                     
uttarpradesh-2022,SAROJ_SONKAR__9339.pdf,both_empty,,,,SAROJ SONKAR,Balha,Bharatiya Janata Party,9339,8002,                                                                                                                                                                                                                                                                                                            
uttarpradesh-2022,SARVESH_AMBEDKAR__3748.pdf,empty_const,SHER SINGH YADAV,,,SARVESH AMBEDKAR,Kaimganj,Samajwadi Party,3748,3048,                                                                                                                                                      A                                                                                                                                                     
uttarpradesh-2022,SARVESH_SINGH__4893.pdf,both_empty,,,,SARVESH SINGH,Sirsaganj,Samajwadi Party,4893,0,                       
uttarpradesh-2022,SATISH_CHANDRA_SHARMA__8260.pdf,both_empty,,,,SATISH CHANDRA SHARMA,Dariyabad,Bharatiya Janata Party,8260,0,                     
uttarpradesh-2022,SATISH_KUMAR_NIGAM__4586.pdf,both_empty,,,,SATISH KUMAR NIGAM,Kalyanpur,Samajwadi Party,4586,0,            
uttarpradesh-2022,SATISH_MAHANA__2252.pdf,both_empty,,,,SATISH MAHANA,Maharajpur,Bharatiya Janata Party,2252,0,               
uttarpradesh-2022,SATYABHAN__5694.pdf,both_empty,,,,SATYABHAN,Amanpur,Samajwadi Party,5694,0,          
uttarpradesh-2022,SATYAPAL_SINGH_RATHORE__3333.pdf,both_empty,,,,SATYAPAL SINGH RATHORE,Aliganj,Bharatiya Janata Party,3333,0,               
uttarpradesh-2022,SAURABH_SINGH__9614.pdf,both_empty,,,,SAURABH SINGH,Vishwanath Ganj,Samajwadi Party,9614,0,                 
uttarpradesh-2022,SHAHID_MANZOOR__145.pdf,raw,,,,SHAHID MANZOOR,Kithore,Samajwadi Party,145,15809,"10 भारतीय गैर न्यायिक दस रुपये भारत TEN RUPEES Rs.10 TARIAL * रु.10 NCTAR ATTESTEN मेव जयते RIA WANDIA NON JUDICIAL (Regn. No.-44 उत्तर OF (ADVGOSRE, MEERUT 1-4410 IN PRADESH GOVT. OF INDIA 08AE 959402 ""प्रारूप 26” (नियम 4क देखिये) 46, किठौर, निर्वाचन विधानसभा क्षेत्र से ACTAR प्रदेश विधानसभा के निर"
uttarpradesh-2022,SHARAD_KUMAR_AWASTHI__9413.pdf,both_empty,,,,SHARAD KUMAR AWASTHI,Ram Nagar,Bharatiya Janata Party,9413,0,                 
uttarpradesh-2022,SHEETAL_KUSHWAHA__5670.pdf,both_empty,,,,SHEETAL KUSHWAHA,Madhaugarh,Bahujan Samaj Party,5670,0,                     
uttarpradesh-2022,SHIVPAL_SINGH_YADAV__3269.pdf,both_empty,,,,SHIVPAL SINGH YADAV,Jaswantnagar,Samajwadi Party,3269,0,           
uttarpradesh-2022,SHYAM_NARAYAN__10989.pdf,both_empty,,,,SHYAM NARAYAN,Mankapur,Bahujan Samaj Party,10989,0,           
uttarpradesh-2022,SIDHARTH_NATH_SINGH__8722.pdf,both_empty,,,,SIDHARTH NATH SINGH,Allahabad West,Bharatiya Janata Party,8722,0,                    
uttarpradesh-2022,SITARAM_VERMA__9807.pdf,both_empty,,,,SITARAM VERMA,Lambhua,Bharatiya Janata Party,9807,0,            
uttarpradesh-2022,SITA_RAM_KUSHWAHA__3045.pdf,both_empty,,,,SITA RAM KUSHWAHA,Jhansi Nagar,Samajwadi Party,3045,0,          
uttarpradesh-2022,SUBHASH_TRIPATHI__9304.pdf,both_empty,,,,SUBHASH TRIPATHI,Payagpur,Bharatiya Janata Party,9304,0,               
uttarpradesh-2022,SUCHI__1994.pdf,both_empty,,,,SUCHI,Bijnor,Bharatiya Janata Party,1994,13460,                                                                                                                                                                                                                                                                                                            
uttarpradesh-2022,SUHAIB_ALIAS_MANNU_ANSARI__13583.pdf,empty_const,NAUSHAD HUSAIN KHAN,,,SUHAIB ALIAS MANNU ANSARI,Mohammadabad,Samajwadi Party,13583,2228,                                                                                                                                                                                                                                                                                                            
uttarpradesh-2022,SUMAN_SHAKYA__7950.pdf,empty_const,Shr.Supysn.S.ha.na,,,SUMAN SHAKYA,Farrukhabad,Samajwadi Party,7950,4103,                                                                                                       Fapu                                                         A                                                                                                                                       
uttarpradesh-2022,SUNIL_CHOUDHARY__432.pdf,raw,,,,SUNIL CHOUDHARY,Noida,Samajwadi Party,432,12223,                                                                                                                                                                                                                                             v                        i1i::1                                
uttarpradesh-2022,SUPRIYA_ARON__3944.pdf,both_empty,,,,SUPRIYA ARON,Bareilly Cantt.,Samajwadi Party,3944,0,
uttarpradesh-2022,SURAJ_SINGH__9250.pdf,both_empty,,,,SURAJ SINGH,Gonda,Samajwadi Party,9250,0,               
uttarpradesh-2022,SURENDRA_CHAURASIA__10013.pdf,both_empty,,,,SURENDRA CHAURASIA,Rampur Karkhana,Bharatiya Janata Party,10013,0,                     
uttarpradesh-2022,SURENDRA_MAITHANI__2064.pdf,both_empty,,,,SURENDRA MAITHANI,Govindnagar,Bharatiya Janata Party,2064,0,            
uttarpradesh-2022,SURESHWAR_SINGH__9226.pdf,both_empty,,,,SURESHWAR SINGH,Mahasi,Bharatiya Janata Party,9226,0,           
uttarpradesh-2022,SURESH_AWASTHI__1842.pdf,both_empty,,,,SURESH AWASTHI,Arya Nagar,Bharatiya Janata Party,1842,0,             
uttarpradesh-2022,SURESH_KUMAR_KHANNA__1558.pdf,empty_const,Suresh Khanna,,BJP,SURESH KUMAR KHANNA,Shahjahanpur,Bharatiya Janata Party,1558,4764,"                                                                                     t,it                                                                                                                                                                                                                   "
uttarpradesh-2022,SURESH_KUMAR__9794.pdf,both_empty,,,,SURESH KUMAR,Jagdishpur,Bharatiya Janata Party,9794,0,           
uttarpradesh-2022,SUSHIL_KUMAR_SHAKYA__1741.pdf,empty_const,SUSHIL KUMAR SHAKYA,,,SUSHIL KUMAR SHAKYA,Amritpur,Bharatiya Janata Party,1741,4783,                                    FORM 'A                                                                                       EP                                                                              T                                                                              O          
uttarpradesh-2022,TANVEER_KHAN__1273.pdf,empty_const,TANVEER KHAN,,,TANVEER KHAN,Shahjahanpur,Samajwadi Party,1273,11145,"                                                                                                                          ,oo ifrn                                                                         ll                                                                                               "
uttarpradesh-2022,TEJ_NARAYAN_PANDEY__PAWAN_PANDEY__8609.pdf,both_empty,,,,TEJ NARAYAN PANDEY (PAWAN PANDEY),Ayodhya,Samajwadi Party,8609,0,             
uttarpradesh-2022,UJJWAL_RAMAN_SINGH__9472.pdf,empty_const,UJJWAL RAMAN SINGH,,,UJJWAL RAMAN SINGH,Karachhana,Samajwadi Party,9472,8531,                                                                                                                                                                                              STgnaure                                                                 KaneiRamchandra Jaiswa! ACC Code-uP14
uttarpradesh-2022,VED_PRAKASH_GUPTA__9447.pdf,both_empty,,,,VED PRAKASH GUPTA,Ayodhya,Bharatiya Janata Party,9447,0,             
uttarpradesh-2022,VEER_SINGH_PATEL__11014.pdf,both_empty,,,,VEER SINGH PATEL,Manikpur,Samajwadi Party,11014,0,                  
uttarpradesh-2022,VIJAMA_YADAV__9584.pdf,both_empty,,,,VIJAMA YADAV,Pratappur,Samajwadi Party,9584,0,              
uttarpradesh-2022,VIJAY_KUMAR__9945.pdf,both_empty,,,,VIJAY KUMAR,Jagdishpur,Indian National Congress,9945,0,              
uttarpradesh-2022,VIJAY_PRATAP_KUSHWAHA__11898.pdf,both_empty,,,,VIJAY PRATAP KUSHWAHA,Khadda,Independent,11898,0,                                               
uttarpradesh-2022,VIKAS_YADAV__4666.pdf,both_empty,,,,VIKAS YADAV,Govindnagar,Samajwadi Party,4666,0,           
uttarpradesh-2022,VINAY_KUMAR__9302.pdf,both_empty,,,,VINAY KUMAR,Mehnaun,Bharatiya Janata Party,9302,0,               
uttarpradesh-2022,VINAY_SHANKAR__11521.pdf,both_empty,,,,VINAY SHANKAR,Chillupar,Samajwadi Party,11521,0,
uttarpradesh-2022,VINOD_CHATURVEDI__2540.pdf,both_empty,,,,VINOD CHATURVEDI,Kalpi,Samajwadi Party,2540,0,                
uttarpradesh-2022,VINOD_SINGH__10331.pdf,both_empty,,,,VINOD SINGH,Sultanpur,Bharatiya Janata Party,10331,0,               
uttarpradesh-2022,VIPIN_KUMAR_DAVID__2159.pdf,both_empty,,,,VIPIN KUMAR DAVID,Etah,Bharatiya Janata Party,2159,0,                     
uttarpradesh-2022,VIRENDRA_SINGH_LODHI__5810.pdf,both_empty,,,,VIRENDRA SINGH LODHI,Marhara,Bharatiya Janata Party,5810,0,                
uttarpradesh-2022,VIVEKA_NAND_PANDEY__11918.pdf,both_empty,,,,VIVEKA NAND PANDEY,Khadda,Nirbal Indian Shoshit Hamara Aam Dal,11918,0,                                   
uttarpradesh-2022,VIVEK_SHAKYA__7921.pdf,both_empty,,,,VIVEK SHAKYA,Jaswantnagar,Bharatiya Janata Party,7921,0,           
uttarpradesh-2022,YASAR_SHAH__9877.pdf,both_empty,,,,YASAR SHAH,Bahraich,Samajwadi Party,9877,0,         
uttarpradesh-2022,YASHPAL_SINGH_RAWAT__11634.pdf,both_empty,,,,YASHPAL SINGH RAWAT,Sahajanwa,Samajwadi Party,11634,0,
uttarpradesh-2022,YASHPAL_SINGH_YADAV__2133.pdf,both_empty,,,,YASHPAL SINGH YADAV,Babina,Samajwadi Party,2133,0,                                     
uttarpradesh-2022,YOGESH_PRATAP_SINGH_URF_YOGESH_BHAIYA__9322.pdf,both_empty,,,,YOGESH PRATAP SINGH URF YOGESH BHAIYA,Colonelganj,Samajwadi Party,9322,0,               
uttarpradesh-2022,YOGESH_VERMA__113.pdf,both_empty,,,,YOGESH VERMA,Hastinapur,Samajwadi Party,113,0,
uttarpradesh-2022,ZEBA_RIZWAN__12362.pdf,both_empty,,,,ZEBA RIZWAN,Tulsipur,Independent,12362,0,              
uttarpradesh-2022,ZIYAUDDIN_RIZVI__10638.pdf,both_empty,,,,ZIYAUDDIN RIZVI,Sikanderpur,Samajwadi Party,10638,0,
westbengal-2026,BHADRA_HEMRAM__9616.pdf,empty_const,SUGANTA KUMAR JANA,,,BHADRA HEMRAM,KESHIARY,Bharatiya Janata Party,9616,6057,                                                                                                                                                                                                                                                                                                            
westbengal-2026,GOUTAM_DAS__9154.pdf,both_empty,,,,GOUTAM DAS,GANGARAMPUR,All India Trinamool Congress,9154,13843,                                                                                                                                                                                                                                                                                                            
westbengal-2026,GOUTAM_MISHRA__SHYAM__8452.pdf,raw,,,,GOUTAM MISHRA (SHYAM),BARJORA,All India Trinamool Congress,8452,47224,SLNO. 466 dt.02.04.2026 15050 भारतीय गैर न्यायिक 5050 पचास रुपये ARINDIA 14/2007 पाँच रुपये FIVE RUS 50 भारत सत्यमेव जयते INDIA FIFTY RUPEES Rs.50 NOTARIALNOTARIAL INDIA NON JUDICIAL পশ্চিমবा पश्चिम बंगाल WEST BENGAL Govt. Cogat Reg. No. A.2.72281 of West Form 26 (See rule 4A) AFFIDAVIT TO BE FILED 
westbengal-2026,SAMIR_CHAKRABORTY__17392.pdf,raw,,,,SAMIR CHAKRABORTY,PANDUA,All India Trinamool Congress,17392,31068,भारतीय गैर न्यायिक दस रुपये रु.10 भारत TEN RUPEES Rs.10 (सत्यमेव जयते INDIA FOTO INDIA NON JUDICIAL 1010 পশ্চিমবঙ্গपश्चिम बंगाल WEST BENGAL NOTARY 84 06 APR 2026 Date 17AC 140934 FOUEPORE (See rule 4A) SERAMPORE COURT PUBLIC راز) NOTARY AFFIDAVIT Govt. INDIA of West Bengal AFFIDAVIT TO BE FILED BY T
westbengal-2026,SATYENDRA_NATH_ROY__6517.pdf,both_empty,,,,SATYENDRA NATH ROY,GANGARAMPUR,Bharatiya Janata Party,6517,12470,                                                                                                                                                                        ffi                                                                                                                                 
westbengal-2026,SIRAJ_KHAN__7996.pdf,raw,,,,SIRAJ KHAN,PANSKURA PASCHIM,All India Trinamool Congress,7996,23941,भारतीय गैर न्यायिक पचास रुपये रु.50 भारत FIFTY RUPEES Rs.50 PRADIP KUMAR JANA Area-Haldia Regd No 106/2002 Certificate Expiry Date σουτ. OF WE AM 719944 S सत्यमेव जयते। COINDIA INDIA NON JUDICIAL পশ্চিমবा पश्चिम बंगाल WEST BENGAL 2316/41 Sl. No. On dated 04.04.26 Form 26 (See rule 4A) fix your isspo
