state,title,publication_date,report_type,sector,audit_year,detail_url,pdf_url,pdf_size_mb,scraped_at,report_no
,Report 2 of 2026: Report of the Comptroller and Auditor General of India on Union Territory Finances for the year 2024-25,,,Finance,2024-25,https://cag.gov.in/en/audit-report/details/125155,/webroot/uploads/download_audit_report/2026/UTFAR-2024-25-069ce4a2dc9f5a3.97561867.pdf,,2026-07-22T13:04:41Z,
,"Report 1 of 2026: Report of Comptroller and Auditor General of India, Composite Audit Report: UT Revenues of UT of Jammu and Kashmir for the period ended March 2023",,Compliance,Finance,2022-23,https://cag.gov.in/en/audit-report/details/125072,/webroot/uploads/download_audit_report/2026/J&amp;K_UT-Revenues_CAR_Report-01_English_26-02-2026_signed-069cac1e13cc021.26674148.pdf,,2026-07-22T13:04:41Z,
,Report 1 of 2025: Report of the Comptroller and Auditor General of India on Union Territory Finances for the year 2023-24,,,Finance,2023-24,https://cag.gov.in/en/audit-report/details/125153,/webroot/uploads/download_audit_report/2025/UTFAR-2023-24-069ce49ce75a6f9.86655486.pdf,,2026-07-22T13:04:45Z,
,"Report 7 of 2025: Report of Comptroller and Auditor General of India: Compliance Audit Report -Civil -I,  of UT of Jammu and Kashmir for the Period ended March 2023",,Compliance,Social Infrastructure,2022-23,https://cag.gov.in/en/audit-report/details/125071,/webroot/uploads/download_audit_report/2025/J&amp;K_Report-No-7_Civil-I-2023_6-1-2026_signed-069cac100544a87.26773720.pdf,,2026-07-22T13:04:48Z,
,Report 6 of 2025: Report of Comptroller and Auditor General of India: Composite Audit Report - Civil of UT of Jammu and Kashmir for the period ended March 2022,,Compliance,Social Welfare,2021-22,https://cag.gov.in/en/audit-report/details/125070,/webroot/uploads/download_audit_report/2025/Report-No.-06-Civil-J&amp;K-English---20-11-2025-signed-069cabffe57ace6.90320005.pdf,,2026-07-22T13:04:48Z,
,"Report 5 of 2025:  Report of Comptroller and Auditor General of India:Compliance Audit Report - Revenue and Public Sector Undertakings, UT of Jammu and Kashmir for period ended March 2022",,Compliance,Finance,2021-22,https://cag.gov.in/en/audit-report/details/125069,/webroot/uploads/download_audit_report/2025/Report-No-05-J&amp;K-PSU-English_20-11-2025-signed-069cabdefec7a77.69528722.pdf,,2026-07-22T13:04:48Z,
,Report 4 of 2025: Report  of Comptroller and Auditor General of India on Conservation and Management of Lakes in Jammu and Kashmir for the period  ended March 2022,,,Environment and Sustainable Development,2021-22,https://cag.gov.in/en/audit-report/details/125068,/webroot/uploads/download_audit_report/2025/Report-No-04-Lakes-Final-English-J&amp;K---20-11-2025-signed-069cabc661d1667.35200540.pdf,,2026-07-22T13:04:48Z,
,Report 3 of 2025 :  Report  of Comptroller and Auditor General of India on Working of University of Jammu for period ended March 2022,,,"Education, Health & Family Welfare",2021-22,https://cag.gov.in/en/audit-report/details/125067,/webroot/uploads/download_audit_report/2025/Report-no.-03-WOJU-English---20-11-2025-signed-069caba16ea3546.98972924.pdf,,2026-07-22T13:04:48Z,
,Report 2 of 2025 : Report of Comptroller and Auditor General of India on Public Health Infrastructure and Management of Health Services for the Period ended March 2022,,,"Education, Health & Family Welfare",2021-22,https://cag.gov.in/en/audit-report/details/125066,/webroot/uploads/download_audit_report/2025/Report-No.-02-PHIMS-J&amp;K-English---20-11-2025-signed-069cab86ccc40c6.46964997.pdf,,2026-07-22T13:04:48Z,
,Report 1 of 2024: Report of the Comptroller and Auditor General of India  on Union Territory Finances  for the year 2022-23,,,Finance,2022-23,https://cag.gov.in/en/audit-report/details/125065,/webroot/uploads/download_audit_report/2024/Report-No.-1-of-2024-UTFAR-22-23_JK-English-(27-03-2025)-069cab5c0044fc7.69944252.pdf,,2026-07-22T13:05:42Z,
,"Report No. 3 of the year 2022 -  Compliance Audit for the year ended 31 March 2021, Government of Union Territory of Jammu and Kashmir.",,Compliance,Industry and Commerce,2020-21,https://cag.gov.in/en/audit-report/details/118552,/webroot/uploads/download_audit_report/2023/Report-No.-3-of-2022_Comnpliance_English-(09-03-2023)(new)-06422d051c4bc68.09607613.pdf,,2026-07-22T13:07:50Z,
,"Report No.1 of the year 2023 - Union Territory Finances Audit Report for the year ended 31 March 2022, Government of Union Territory of Jammu and Kashmir.",,Financial,Finance,2021-22,https://cag.gov.in/en/audit-report/details/118551,/webroot/uploads/download_audit_report/2023/Report-No--01-UTFAR-2021-22-Eng-WC-06422ccd1bc6f45.04072666.pdf,,2026-07-22T13:07:50Z,
,"Report No. 2 of the year 2022 - Audit Report of the Comptroller and Auditor General of India on the Union Territory Finances for the year ended 31 March 2021,Government of Union Territory of Jammu and Kashmir",,,Finance,2020-21,https://cag.gov.in/en/audit-report/details/116681,/webroot/uploads/download_audit_report/2022/UTFAR 2020-21_Report No. 2 of 2022_UT_J&K_English-062f0f29b22de67.10808454.pdf,,2026-07-22T13:08:58Z,
,"Report No.1 of 2022-Union Territory Finances, Government of Union Territory of Jammu and Kashmir and Administration of Union Territory of Ladakh",,,Finance,2021-22,https://cag.gov.in/en/audit-report/details/116230,/webroot/uploads/download_audit_report/2022/UTFAR 2019-20_Report No. 1 of 2022_UT_J&K & Ladakh_English-06274ed301c7e02.01326003-0629da90348cde5.16262980.pdf,,2026-07-22T13:09:06Z,1/2022
,Report No. 3 of 2021- State Finances Audit Report of Government of Jammu & Kashmir,,Financial,Finance,2020-21,https://cag.gov.in/en/audit-report/details/116122,/webroot/uploads/download_audit_report/2021/SFAR 2019-20_Sate_Report No. 3 of 2021_English-0624fe4023292e2.19539243.pdf,,2026-07-22T13:09:35Z,3/2021
,"Report No. 4 of 2021- Social, General, Economic and Revenue Sector of Government of J&K",,Financial,Taxes and Duties,2019-20,https://cag.gov.in/en/audit-report/details/116112,/webroot/uploads/download_audit_report/2020/Report No. 4 of 2021_2019-20_UT J&K_English_Final-0624fc82841b749.39680518.pdf,,2026-07-22T13:09:35Z,4/2021
,"Report no. 2 of 2021 - Prime Minister’s Development Package for the year ended 31 March 2019, Government of Jammu and Kashmir",,,Social Welfare,2018-19,https://cag.gov.in/en/audit-report/details/114694,/webroot/uploads/download_audit_report/2021/Report No. 2 of 2021_PMDP_English_signed-061af2ebaa2dd92.53179774.pdf,,2026-07-22T13:09:52Z,2/2021
,"Report no. 1 of 2021 - Social, General, Economic and Revenue Sector Government of J&K",,Financial,Finance,2020-21,https://cag.gov.in/en/audit-report/details/113578,/webroot/uploads/download_audit_report/2021/Report_no_1_of_2021_Social_General_Economic_and_Revenue_Sector_J&K-0605b27b195f7f2.56909631.pdf,,2026-07-22T13:10:21Z,1/2021
,"Report No. 2 of 2020 - State Finances, Government of Jammu & Kashmir",,Financial,Finance,2019-20,https://cag.gov.in/en/audit-report/details/113556,/webroot/uploads/download_audit_report/2020/Rep _2_of_2020_State_Finances_J&K-0605b1ebe72fe21.26471197.pdf,,2026-07-22T13:10:41Z,2/2020
,"Report of 1 of 2020 - Revenue Sector and Public Sector Undertakings (Social, General and Economic Sectors) Government of Jammu & Kashmir",,Financial,,2019-20,https://cag.gov.in/en/audit-report/details/111857,/webroot/uploads/download_audit_report/2020/Report-No.-1-of-2020_PSUs_2017-18_JK-05f92d99df0c7e9.54012703.pdf,,2026-07-22T13:10:58Z,
,Report of 1 of 2019 - State Finances Government of Jammu and Kashmir,,Financial,Finance,2018-19,https://cag.gov.in/en/audit-report/details/111855,/webroot/uploads/download_audit_report/2019/SFAR Report No. 1 of 2019_JK.pdf,,2026-07-22T13:11:22Z,
,"Report No.2 of 2019 - Social, General, Economic (Non-PSUs) sectors Government of Jammu and Kashmir",,Compliance,General Sector Ministries and Constitutional Bodies,2018-19,https://cag.gov.in/en/audit-report/details/111852,/webroot/uploads/download_audit_report/2019/Report No. 2 of 2019_Non-PSUs_JK.pdf,,2026-07-22T13:11:22Z,2/2019
,"Report of 1 of 2018 - Revenue Sector and Public Sector Undertakings (Social, General and Economic Sectors) Government of Jammu & Kashmir",,Financial,General Sector Ministries and Constitutional Bodies,2017-18,https://cag.gov.in/en/audit-report/details/111856,/webroot/uploads/download_audit_report/2018/Report No. 1_2018_PSUs_2016-17_JK.pdf,,2026-07-22T13:11:57Z,
,Report of 2 of 2018 - State Finances Government of Jammu and Kashmir,,Financial,Finance,2017-18,https://cag.gov.in/en/audit-report/details/111854,/webroot/uploads/download_audit_report/2018/Report No. 2_2018_SFR_2016-17_JK.pdf,,2026-07-22T13:11:57Z,
,"Report No.3 of 2018 - Social, General, Economic (Non-PSUs) sectors Government of Jammu and Kashmir",,Compliance,General Sector Ministries and Constitutional Bodies,2017-18,https://cag.gov.in/en/audit-report/details/111850,/webroot/uploads/download_audit_report/2018/Report No. 3_2018_Non-PSUs 2016-17_JK.pdf,,2026-07-22T13:11:57Z,3/2018
,"Report No.1 of 2017 - Social, General, Economic (Non-PSUs) sectors of Jammu and Kashmir Government of Jammu and Kashmir",,Compliance,General Sector Ministries and Constitutional Bodies,2016-17,https://cag.gov.in/en/audit-report/details/32671,"/webroot/uploads/download_audit_report/2017/Report_No.1_of_2017_-_Social,_General,_Economic_(Non-PSUs)_sectors_of_Jammu_and_Kashmir_Government_of_Jammu_and_Kashmir_0.pdf",,2026-07-22T13:13:11Z,1/2017
,Report No.4 of 2016 - Performance Audit of Disaster Management in the State of Jammu and Kashmir Government of Jammu and Kashmir,,Performance,Environment and Sustainable Development,2016-17,https://cag.gov.in/en/audit-report/details/32651,/webroot/uploads/download_audit_report/2017/Report_No.4_of_2016_-_Performance_Audit_of_Disaster_Management_in_the_State_of_Jammu_and_Kashmir_Government_of_Jammu_and_Kashmir.pdf,,2026-07-22T13:13:11Z,4/2016
,Report of 2016 - State Finances Government of Jammu and Kashmir,,Financial,Finance,2016-17,https://cag.gov.in/en/audit-report/details/32643,/webroot/uploads/download_audit_report/2017/Report_of_2016_-_State_Finances_Government_of_Jammu_and_Kashmir.pdf,,2026-07-22T13:13:11Z,
,Report No.6 of 2016 - Revenue Sector and Public Sector Undertakings Government of Jammu and Kashmir,,Financial,Finance,2016-17,https://cag.gov.in/en/audit-report/details/32633,/webroot/uploads/download_audit_report/2017/Report_No.6_of_2016_-_Revenue_Sector_and_Public_Sector_Undertakings_Government_of_Jammu_and_Kashmir.pdf,,2026-07-22T13:13:11Z,6/2016
,State Finances Report 2016 - Jammu and Kashmir,,Financial,Finance,2016-17,https://cag.gov.in/en/audit-report/details/26279,/webroot/uploads/download_audit_report/2017/JK_State_Finances_for_the_year_ended_31_March_2015.pdf,,2026-07-22T13:13:52Z,
,Report 3 of 2016 - Revenue Sector Jammu and Kashmir,,Financial,Finance,2016-17,https://cag.gov.in/en/audit-report/details/26270,/webroot/uploads/download_audit_report/2017/JK_Report_3_of_2016_Revenue_Sector.pdf,,2026-07-22T13:13:52Z,
,"Annual Technical Inspection Report on Urban Local Bodies for the year ended 31 March 2015, Government of Jammu and Kashmir",,,Local Bodies,2014-15,https://cag.gov.in/en/audit-report/details/32680,"/webroot/uploads/download_audit_report/2016/Annual_Technical_Inspection_Report_on_Urban_Local_Bodies_for_the_year_ended_31_March_2015,_Government_of_Jammu_and_Kashmir_0.pdf",,2026-07-22T13:14:00Z,
,"Report 2 of 2016 - Social, General, Economic PSUs Sectors Jammu and Kashmir",,,Social Welfare,2015-16,https://cag.gov.in/en/audit-report/details/26181,/webroot/uploads/download_audit_report/2016/JK_Report_2_of_2016_Social_General_Economic_PSUs.pdf,,2026-07-22T13:14:11Z,
,"Report 1 of 2016 Social, General, Economic (Non-PSUs) sectors, Jammu and Kashmir",,Compliance,Social Welfare,2015-16,https://cag.gov.in/en/audit-report/details/26173,/webroot/uploads/download_audit_report/2016/JK_Report_1_of_2016_Social_General_Economic_Non_PSUs.pdf,,2026-07-22T13:14:11Z,
,Report of 2015 - Financial and Performance Audit on  State Finances of Government of Jammu Kashmir,,Performance,,2014-15,https://cag.gov.in/en/audit-report/details/5597,/webroot/uploads/download_audit_report/2015/Jammu_Kashmir_SF_2015.pdf,,2026-07-22T13:15:40Z,
,"Report No. 4 of 2015 - Compliance and Performance Audit on  Social, General Economic (Non-PSUs) Sectors of Government of Jammu Kashmir",,Performance,,2014-15,https://cag.gov.in/en/audit-report/details/5586,/webroot/uploads/download_audit_report/2015/Jammu_Kashmir_Report_4_2015.pdf,,2026-07-22T13:15:40Z,4/2015
,Report No. 3 of 2015 - Financial and Performance Audit on Revenue and Public Sector Undertakings of Government of Jammu Kashmir,,Performance,,2014-15,https://cag.gov.in/en/audit-report/details/5566,/webroot/uploads/download_audit_report/2015/Jammu_Kashmir_Report_3_2015.pdf,,2026-07-22T13:15:40Z,3/2015
,Report of 2014 - Compliance and Financial Audit on State Finances of Government of Jammu Kashmir,,Financial,,2013-14,https://cag.gov.in/en/audit-report/details/5553,/webroot/uploads/download_audit_report/2014/Jammu_Kashmir_SF_2014.pdf,,2026-07-22T13:21:06Z,
,"Report No. 2 of 2014 - Compliance and Performance Audit on Social,General and Economic Sector of Government of Jammu Kashmir",,Performance,,2013-14,https://cag.gov.in/en/audit-report/details/5541,/webroot/uploads/download_audit_report/2014/Jammu_Kashmir_Report_2_2014.pdf,,2026-07-22T13:21:06Z,2/2014
,Report No. 1 of 2014 - Performance Audit on Revenue and Public Sector Undertakings of Government of Jammu Kashmir,,Performance,,2013-14,https://cag.gov.in/en/audit-report/details/5523,/webroot/uploads/download_audit_report/2014/Jammu_Kashmir_Report_1_2014.pdf,,2026-07-22T13:21:06Z,1/2014
,Report No. 3 of 2013 - Financial and Performance Audit on District Budgam of Government of Jammu Kashmir,,Performance,,2012-13,https://cag.gov.in/en/audit-report/details/5502,/webroot/uploads/download_audit_report/2013/Jammu_Kashmir_Report_3_2013.pdf,,2026-07-22T13:31:22Z,3/2013
,"Report No. 2 of 2013 - Performance Audit on Social,General and Economic Sectors of Government of Jammu Kashmir",,Performance,,2012-13,https://cag.gov.in/en/audit-report/details/5483,/webroot/uploads/download_audit_report/2013/Jammu_Kashmir_Report_2_2013.pdf,,2026-07-22T13:31:22Z,2/2013
,"Report No. 1 of 2013 - Performance Audit on Social,General,Economic (Non PSUs) and Revenue Sectors of Government of Jammu Kashmir",,Performance,,2012-13,https://cag.gov.in/en/audit-report/details/5468,/webroot/uploads/download_audit_report/2013/Jammu_Kashmir_Report_1_2013.pdf,,2026-07-22T13:31:22Z,1/2013
,Report No. 1 of 2012 - Compliance and Financial Audit on State Finances of Government of Jammu Kashmir,,Financial,,2011-12,https://cag.gov.in/en/audit-report/details/5461,/webroot/uploads/download_audit_report/2012/Jammu_Kashmir_Report_1_2012.pdf,,2026-07-22T13:42:16Z,1/2012
,"Report of 2011 - Compliance, Financial and Performance Audit on State Finance of Government of Jammu Kashmir",,Performance,,2010-11,https://cag.gov.in/en/audit-report/details/5381,/webroot/uploads/download_audit_report/2011/Jammu_Kashmir_SF_2011.pdf,,2026-07-22T13:42:56Z,
,Report of 2011 - Performance Audit on Revenue of Government of Jammu Kashmir,,Performance,,2010-11,https://cag.gov.in/en/audit-report/details/5370,/webroot/uploads/download_audit_report/2011/Jammu_Kashmir_Revenue_2011.pdf,,2026-07-22T13:43:00Z,
,Report of 2011 - Financial and Performance Audit on District Baramulla of Government of Jammu Kashmir,,Performance,,2010-11,https://cag.gov.in/en/audit-report/details/5339,/webroot/uploads/download_audit_report/2011/Jammu_Kashmir_District_Baramulla_2011.pdf,,2026-07-22T13:43:00Z,
,Report of 2011 - Performance Audit on District Jammu of Government of Jammu Kashmir,,Performance,,2010-11,https://cag.gov.in/en/audit-report/details/5307,/webroot/uploads/download_audit_report/2011/Jammu_Kashmir_District_2011.pdf,,2026-07-22T13:43:00Z,
,Report of 2011 - Performance Audit on Civil and Commercial of Government of Jammu Kashmir,,Performance,,2010-11,https://cag.gov.in/en/audit-report/details/5273,/webroot/uploads/download_audit_report/2011/Jammu_Kashmir_Civil_Commercial_2011.pdf,,2026-07-22T13:43:00Z,
,"Report of 2010 - Compliance, Financial and Performance  Audit on State Finances of Government of Jammu Kashmir",,Performance,,2009-10,https://cag.gov.in/en/audit-report/details/5262,/webroot/uploads/download_audit_report/2010/Jammu_Kashmir_SF_2010.pdf,,2026-07-22T13:43:49Z,
,Report of 2010 - Performance Audit on District Rajouri of Government of Jammu Kashmir,,Performance,,2009-10,https://cag.gov.in/en/audit-report/details/5242,/webroot/uploads/download_audit_report/2010/Jammu_Kashmir_District_Rajouri_2010.pdf,,2026-07-22T13:43:49Z,
,Report of 2010 - Financial and Performance Audit on Civil and Commercial of Government of Jammu Kashmir,,Performance,,2009-10,https://cag.gov.in/en/audit-report/details/5231,/webroot/uploads/download_audit_report/2010/Jammu_Kashmir_Civil_2010.pdf,,2026-07-22T13:43:49Z,
,Report of 2009 - Financial and Performance Audit on State Finance of Government of Jammu Kashmir,,Performance,,2008-09,https://cag.gov.in/en/audit-report/details/5216,/webroot/uploads/download_audit_report/2009/Jammu_Kashmir_SF_2009.pdf,,2026-07-22T13:44:33Z,
Andhra Pradesh,Report 7 of 2025 - Compliance Audit (Commercial) Report of the Comptroller and Auditor General of India for the period ended March 2023 pertaining to Government of Andhra Pradesh,,Compliance,,2022-23,https://cag.gov.in/en/audit-report/details/124284,/webroot/uploads/download_audit_report/2025/Compliance-Audit-Commercial-069aaf5937f5ec5.44950541.pdf,,2026-07-22T13:04:56Z,
Andhra Pradesh,Report 6 of 2025 - Report of the Comptroller and Auditor General of India on Revenue Department for the period ended March 2023 pertaining to Government of Andhra Pradesh,,,Taxes and Duties,2022-23,https://cag.gov.in/en/audit-report/details/124282,/webroot/uploads/download_audit_report/2025/English-CAR-2022-23---Full-Report-069aaf35d87efb7.28653038.pdf,,2026-07-22T13:04:56Z,
Andhra Pradesh,Report 5 of 2025 - Performance and Compliance Audit (Civil) Report of the Comptroller and Auditor General of India on for the period ended March 2022 pertaining to Government of Andhra Pradesh,,Compliance,"Education, Health & Family Welfare",2021-22,https://cag.gov.in/en/audit-report/details/124280,/webroot/uploads/download_audit_report/2025/PCA-Report-No.5-of-2025_English-069aaf17d2b0187.40331878.pdf,,2026-07-22T13:04:56Z,
Andhra Pradesh,Report 4 of 2025 - Report of the Comptroller and Auditor General of India on Polavaram Irrigation Project pertaining to Government of Andhra Pradesh,,,Transport & Infrastructure,2024-25,https://cag.gov.in/en/audit-report/details/124266,/webroot/uploads/download_audit_report/2025/PA-on-Polavaram-Irrigation-Project-069aaece202fa02.61046831.pdf,,2026-07-22T13:04:56Z,
Andhra Pradesh,"Report 2 of 2025 Report of the Comptroller and Auditor General of India on Revenue and Environment, Forests, Science and Technology for the period ended March 2022 pertaining to Government of Andhra Pradesh",,,Environment and Sustainable Development,2021-22,https://cag.gov.in/en/audit-report/details/124254,/webroot/uploads/download_audit_report/2025/English---AR-2021-22-Full-Report--069aacbd5c427b3.69861116.pdf,,2026-07-22T13:04:56Z,
Andhra Pradesh,Report 1 of 2025 - Report of the Comptroller and Auditor General of India on  Functioning of Mines and Geology Department pertaining to Government of Andhra Pradesh,,,Industry and Commerce,2024-25,https://cag.gov.in/en/audit-report/details/124243,/webroot/uploads/download_audit_report/2025/Mines-and-Geology-English---06-06-2025-069aac91b5a7e34.13549710.pdf,,2026-07-22T13:04:56Z,
Andhra Pradesh,Report 4 of 2024 – Report of the Comptroller and Auditor General of India on Local Bodies for the year ended March 2022 pertaining to Government of Andhra Pradesh,,,Local Bodies,2021-22,https://cag.gov.in/en/audit-report/details/120912,/webroot/uploads/download_audit_report/2024/Local-Bodies_-Report-No.4-_-English-Version-(2)-0673fe90a0d1636.14670089.pdf,,2026-07-22T13:06:33Z,
Andhra Pradesh,Report 3 of 2024 – Report of the Comptroller and Auditor General of India on Public Health Infrastructure and Management of Health Services in Andhra Pradesh,,,"Education, Health & Family Welfare",2023-24,https://cag.gov.in/en/audit-report/details/120889,/webroot/uploads/download_audit_report/2024/Report-No.-3-of-2024--Performance-Audit-on-Public-Health-Infrastructure-and-Management-of-Health-Services-in-AP-0673fdc2a17e028.11698250.pdf,,2026-07-22T13:06:33Z,
Andhra Pradesh,Report 2 of 2024 – State Finances Audit Report for the year ended 31 March 2023 pertaining to Government of Andhra Pradesh,,Financial,Finance,2022-23,https://cag.gov.in/en/audit-report/details/120878,/webroot/uploads/download_audit_report/2024/Report-2-of-2024---The-State-Finances-Audit-Report-of-the-Comptroller-and-Auditor-General-of-India-for-the-year-ended-31-March-2023-pertaining-to-Government-of-Andhra-Pradesh-0673fda58d17fd9.47184075.pdf,,2026-07-22T13:06:33Z,
Andhra Pradesh,Report 1 of 2024 - Information Systems Audit Report of the Comptroller and Auditor General of India on Andhra Pradesh Comprehensive Financial Management System (CFMS),,,Finance,2023-24,https://cag.gov.in/en/audit-report/details/120867,/webroot/uploads/download_audit_report/2024/CFMS_English_Report-0673fd6a92c4f42.70978531.pdf,,2026-07-22T13:06:33Z,
Andhra Pradesh,Report No.4 of 2023 - Compliance Audit Report of the Comptroller and Auditor General of India on Poola Subbaiah Veligonda Project,,Compliance,Environment and Sustainable Development,2022-23,https://cag.gov.in/en/audit-report/details/119575,/webroot/uploads/download_audit_report/2023/Report-4-of-2023-065c485de198fb0.66253058.pdf,,2026-07-22T13:07:31Z,4/2023
Andhra Pradesh,Report No. 3 of 2023 - Compliance Audit Report of the Comptroller and Auditor General of India for the year ended March 2021,,Compliance,Social Welfare,2020-21,https://cag.gov.in/en/audit-report/details/119378,/webroot/uploads/download_audit_report/2023/Report-3-of-2023-Compliance-Audit-Report-of-the-Comptroller-and-Auditor-General-of-India-for-the-year-ended-March-2021-0651175e5b219e1.97774777.pdf,,2026-07-22T13:07:35Z,3/2023
Andhra Pradesh,Report No. 2 of 2023 - Performance Audit Report of the Comptroller and Auditor General of India on Efficacy of Implementation of 74th Constitutional Amendment Act,,Performance,Local Bodies,2022-23,https://cag.gov.in/en/audit-report/details/119365,/webroot/uploads/download_audit_report/2023/Report-2-of-2023-Performance-Audit-Report-of-the-Comptroller-and-Auditor-General-of-India-on-Efficacy-of-Implementation-of-74th-Constitutional-Amendment-Act-0651173d604ab28.25935362.pdf,,2026-07-22T13:07:35Z,2/2023
Andhra Pradesh,Report 1 of 2023 - The State Finances Audit Report of the Comptroller and Auditor General of India for the year ended 31 March 2022 pertaining to Government of Andhra Pradesh,,Financial,Finance,2021-22,https://cag.gov.in/en/audit-report/details/118464,/webroot/uploads/download_audit_report/2022/State-Finance-Audit-2023-0641dbf4cbb9056.86610987.pdf,,2026-07-22T13:08:28Z,
Andhra Pradesh,Report No. 3 of the year 2022 - Compliance Audit Report of the Comptroller and Auditor General of India for the year ended March 2021 (Departments of Revenue and Transport) pertaining to Government of Andhra Pradesh,,Compliance,Transport & Infrastructure,2020-21,https://cag.gov.in/en/audit-report/details/118410,/webroot/uploads/download_audit_report/2022/Auditor-General-of-India--for-the-year-ended-March-2021-(Departments-of-Revenue-and-Transport)-English-0641d8400e72b61.28574364.pdf,,2026-07-22T13:08:28Z,
Andhra Pradesh,"Report No. 1 of the year 2022 - State Finances Audit Report for the year ended 31 March 2021, Government of Andhra Pradesh.",,Financial,Finance,2020-21,https://cag.gov.in/en/audit-report/details/117548,/webroot/uploads/download_audit_report/2022/Full Report-0633175811201a3.78878998.pdf,,2026-07-22T13:08:46Z,
Andhra Pradesh,"Report No. 2: Performance Audit of Outcomes in Higher Education in Andhra Pradesh, Government of Andhra Pradesh.",,Performance,Finance,2021-22,https://cag.gov.in/en/audit-report/details/117307,/webroot/uploads/download_audit_report/2022/HE_PA English Final Report-0632afbc6ca69f7.77442470.pdf,,2026-07-22T13:08:50Z,
Andhra Pradesh,Report No. 3 of 2021 - State Finances Audit Report for the year ended 31 March 2020,,Financial,Finance,2019-20,https://cag.gov.in/en/audit-report/details/114676,/webroot/uploads/download_audit_report/2021/SFAR 2019-20-061a8a77e232012.52437220.pdf,,2026-07-22T13:09:52Z,3/2021
Andhra Pradesh,"Report No.1 of 2021 - General,Social & Economic Sectors and Public Sector Undertakings Government of Andhra Pradesh",,Compliance,Local Bodies,2020-21,https://cag.gov.in/en/audit-report/details/113900,/webroot/uploads/download_audit_report/2021/Report of CAG on 'GS&ES and PSUs'_AP_31 March 2019-English version-060a7bb63a6b549.38597130.pdf,,2026-07-22T13:10:17Z,1/2021
Andhra Pradesh,Report No.2 of 2021 - Revenue Sector Government of Andhra Pradesh,,Financial,Taxes and Duties,2020-21,https://cag.gov.in/en/audit-report/details/113890,/webroot/uploads/download_audit_report/2021/Report No.2 of 2021 - Revenue Sector Government of Andhra Pradesh-060a7b7d1cfa8f8.58930945.pdf,,2026-07-22T13:10:17Z,2/2021
Andhra Pradesh,Report No. 4 of 2020 - State Finances Government of Andhra Pradesh,,Financial,Finance,2016-17,https://cag.gov.in/en/audit-report/details/112912,/webroot/uploads/download_audit_report/2017/FULL State Finances audit report English-05fce75b3418552.01160559.pdf,,2026-07-22T13:10:50Z,4/2020
Andhra Pradesh,Report No. 3 of 2020 - Economic Sector and Public Sector Undertakings Government of Andhra Pradesh,,Compliance,,2016-17,https://cag.gov.in/en/audit-report/details/112897,/webroot/uploads/download_audit_report/2017/1 Full Report Economic Sector and PSUs of GoAP-05fce732f169688.66094552.pdf,,2026-07-22T13:10:50Z,3/2020
Andhra Pradesh,Report No. 2 of 2020 - General & Social Sector Government of Andhra Pradesh,,,Social Welfare,2016-17,https://cag.gov.in/en/audit-report/details/112889,/webroot/uploads/download_audit_report/2017/General & social sector English-05fce7166779b03.14115048.pdf,,2026-07-22T13:10:50Z,2/2020
Andhra Pradesh,Report No. 1 of 2020 - Revenue Sector Government of Andhra Pradesh,,Financial,Taxes and Duties,2016-17,https://cag.gov.in/en/audit-report/details/112877,/webroot/uploads/download_audit_report/2017/Andhra Pradesh-Report No 1 of 2018 (Revenue Sector)-05fce6e2ced06c1.37266434.pdf,,2026-07-22T13:10:50Z,1/2020
Andhra Pradesh,Report No.4 of 2018 - Economic Sector Government of Andhra Pradesh,,,Finance,2017-18,https://cag.gov.in/en/audit-report/details/47500,/webroot/uploads/download_audit_report/2018/Report_No_4_of_2018_-_Economic_Sector_Government_of_Andhra_Pradesh.pdf,,2026-07-22T13:12:19Z,4/2018
Andhra Pradesh,Report No.2 of 2018 - State Finances Government of Andhra Pradesh,,Financial,Finance,2017-18,https://cag.gov.in/en/audit-report/details/44893,/webroot/uploads/download_audit_report/2018/Report_No_2_of_2018_-_State_Finances_Government_of_Andhra_Pradesh.pdf,,2026-07-22T13:12:36Z,2/2018
Andhra Pradesh,Report No.1 of 2018 - Revenue Sector Government of Andhra Pradesh,,Financial,Taxes and Duties,2017-18,https://cag.gov.in/en/audit-report/details/44881,/webroot/uploads/download_audit_report/2018/Report_No_1_of_2018_-_Revenue_Sector_Government_of_Andhra_Pradesh.pdf,,2026-07-22T13:12:36Z,1/2018
Andhra Pradesh,Report No.3 of 2018 - Public Sector Undertakings Government of Andhra Pradesh,,Compliance,General Sector Ministries and Constitutional Bodies,2017-18,https://cag.gov.in/en/audit-report/details/44868,/webroot/uploads/download_audit_report/2018/Report_No_3_of_2018_-_Public_Sector_Undertakings_Government_of_Andhra_Pradesh.pdf,,2026-07-22T13:12:36Z,3/2018
Andhra Pradesh,Report No.5 of 2018 - General & Social Sector Government of Andhra Pradesh,,,,2017-18,https://cag.gov.in/en/audit-report/details/44834,/webroot/uploads/download_audit_report/2018/Report_No_5_of_2018_-_General_&_Social_Sector_Government_of_Andhra_Pradesh.pdf,,2026-07-22T13:12:40Z,5/2018
Andhra Pradesh,Report No 4 of 2017 - Economic Sector Andhra Pradesh,,,Agriculture and Rural Development,2016-17,https://cag.gov.in/en/audit-report/details/28758,/webroot/uploads/download_audit_report/2017/AP_Report_No_4_of_2017_on_Economic_Sector.pdf,,2026-07-22T13:13:28Z,4/2017
Andhra Pradesh,Report No 1 of 2017 - Local Bodies Andhra Pradesh,,,Local Bodies,2016-17,https://cag.gov.in/en/audit-report/details/28621,/webroot/uploads/download_audit_report/2017/AP_Report_No_1_of_2017_on_Local_Bodies.pdf,,2026-07-22T13:13:32Z,1/2017
Andhra Pradesh,Report No 3 of 2017 - State Finances Andhra Pradesh,,Financial,Finance,2016-17,https://cag.gov.in/en/audit-report/details/28612,/webroot/uploads/download_audit_report/2017/AP_Report_No_3_of_2017_on_State_Finances.pdf,,2026-07-22T13:13:32Z,3/2017
Andhra Pradesh,Report No 2 of 2017 - General & Social Sector Andhra Pradesh,,,General Sector Ministries and Constitutional Bodies,2016-17,https://cag.gov.in/en/audit-report/details/28604,/webroot/uploads/download_audit_report/2017/AP_Report_No_2_of_2017_on_General_&_Social_Sector.pdf,,2026-07-22T13:13:40Z,2/2017
Andhra Pradesh,Report No 6 of 2016 - PSUs of Andhra Pradesh,,,Finance,2015-16,https://cag.gov.in/en/audit-report/details/28788,/webroot/uploads/download_audit_report/2016/AP_Report_No_6_of_2016_on_PSUs.pdf,,2026-07-22T13:14:04Z,6/2016
Andhra Pradesh,Report No 7 of 2016 - Revenue Sector Andhra Pradesh,,Financial,Taxes and Duties,2015-16,https://cag.gov.in/en/audit-report/details/28772,/webroot/uploads/download_audit_report/2016/AP_Report_No_7_of_2016_on_Revenue_Sector.pdf,,2026-07-22T13:14:04Z,7/2016
Andhra Pradesh,Report No 3 of 2016 - Economic Sector Government of Andhra Pradesh,,,Finance,2015-16,https://cag.gov.in/en/audit-report/details/21306,/webroot/uploads/download_audit_report/2016/Andhra_Pradesh_Economic_Sector_Report_3_2016.pdf,,2026-07-22T13:14:37Z,3/2016
Andhra Pradesh,Report No 2 of 2016 -  Revenue Sector Government of Andhra Pradesh,,Financial,Taxes and Duties,2015-16,https://cag.gov.in/en/audit-report/details/20676,/webroot/uploads/download_audit_report/2016/Andhra_Pradesh_Revenue_Sector_Report_2_2016.pdf,,2026-07-22T13:14:45Z,2/2016
Andhra Pradesh,Report No 4 of 2016 - General and Social Sector Government of Andhra Pradesh,,,General Sector Ministries and Constitutional Bodies,2015-16,https://cag.gov.in/en/audit-report/details/20265,/webroot/uploads/download_audit_report/2016/Report No 4 of 2016 - General and Social Sector Government of Andhra Pradesh.pdf,,2026-07-22T13:14:49Z,4/2016
Andhra Pradesh,Report No 1 of 2016 - Local Bodies Government of Andhra Pradesh,,,Finance,2015-16,https://cag.gov.in/en/audit-report/details/20244,/webroot/uploads/download_audit_report/2016/Report No 1 of 2016 Local Bodies Government of Andhra Pradesh.pdf,,2026-07-22T13:14:49Z,1/2016
Andhra Pradesh,Report No 5 of 2016 - Public Sector Undertakings Government of Andhra Pradesh,,Compliance,Social Infrastructure,2015-16,https://cag.gov.in/en/audit-report/details/20224,/webroot/uploads/download_audit_report/2016/Report No 5 of 2016 - Public Sector Undertakings Government of Andhra Pradesh.pdf,,2026-07-22T13:14:49Z,5/2016
Andhra Pradesh,Report of 2015 - Report of the Comptroller and Auditor General of India on State Finances for the year ended March 2014; Government of Andhra Pradesh,,Financial,Finance,2013-14,https://cag.gov.in/en/audit-report/details/3774,/webroot/uploads/download_audit_report/2015/Andhra_Pradesh_SF_2015.pdf,,2026-07-22T13:15:51Z,
Andhra Pradesh,Report No. 5 of 2015 - Compliance and Performance Audit on Local Bodies of Government of Andhra Pradesh,,Performance,Local Bodies,2014-15,https://cag.gov.in/en/audit-report/details/3765,/webroot/uploads/download_audit_report/2015/Andhra_Pradesh_Report_5_2015.pdf,,2026-07-22T13:15:51Z,5/2015
Andhra Pradesh,Report No. 4 of 2015 -Report of the Comptroller and Auditor General of India on Public Sector Undertakings For the year ended March 2014 Government of Andhra Pradesh,,Compliance,Industry and Commerce,2013-14,https://cag.gov.in/en/audit-report/details/3743,/webroot/uploads/download_audit_report/2015/Andhra_Pradesh_Report_4_2015.pdf,,2026-07-22T13:15:51Z,4/2015
Andhra Pradesh,Report No. 3 of 2015 - Report of the Comptroller and Auditor General of India on  General and Social Sector for the year ended March 2014; Government of Andhra Pradesh,,,Social Welfare,2013-14,https://cag.gov.in/en/audit-report/details/3699,/webroot/uploads/download_audit_report/2015/Andhra_Pradesh_Report_3_2015.pdf,,2026-07-22T13:15:51Z,3/2015
Andhra Pradesh,Report No. 2 of 2015 - Report of the Comptroller and Auditor General of India  on Economic Sector for the year ended March 2014 Government of Andhra Pradesh,,,Transport & Infrastructure,2013-14,https://cag.gov.in/en/audit-report/details/3659,/webroot/uploads/download_audit_report/2015/Andhra_Pradesh_Report_2_2015.pdf,,2026-07-22T13:15:51Z,2/2015
Andhra Pradesh,Report 1 of 2015 - Compliance and  Performance Audit on Revenue Sectors of Government of Andhra Pradesh,,Performance,,2014-15,https://cag.gov.in/en/audit-report/details/3598,/webroot/uploads/download_audit_report/2015/Andhra_Pradesh_Report_1_2015.pdf,,2026-07-22T13:15:51Z,
Andhra Pradesh,Report No. 5 of 2014 - Report of the Comptroller and Auditor General of India on Public Sector Undertakings for the year ended March 2013 Government of Andhra Pradesh,,Compliance,Industry and Commerce,2012-13,https://cag.gov.in/en/audit-report/details/611,/webroot/uploads/download_audit_report/2014/Andhra_Pradesh_public_sector_5_2014.pdf,,2026-07-22T13:21:18Z,5/2014
Andhra Pradesh,Report No. 4 of 2014 - Performance and Compliance Audit on Revenue sector of Government of Andhra Pradesh,,Financial,Taxes and Duties,2013-14,https://cag.gov.in/en/audit-report/details/589,/webroot/uploads/download_audit_report/2014/Andhra_Pradesh_revenue_sector_4_2014.pdf,,2026-07-22T13:21:18Z,4/2014
Andhra Pradesh,Report No. 3 of 2014 - Report of the Comptroller andd Auditor General of India on Economic Sector for the year ended March 2013 Government of Andhra Pradesh,,,Environment and Sustainable Development,2012-13,https://cag.gov.in/en/audit-report/details/573,/webroot/uploads/download_audit_report/2014/Andhra_Pradesh_economic_sector_3_2014_0.pdf,,2026-07-22T13:21:22Z,3/2014
Andhra Pradesh,Report No. 2 of 2014 - Performance Audit of Functioning of the Directorate of Mines & Geology in Andhra Pradesh,,Performance,Taxes and Duties,2013-14,https://cag.gov.in/en/audit-report/details/557,/webroot/uploads/download_audit_report/2014/Andhra_Pradesh_revenue_sector_2_2014.pdf,,2026-07-22T13:21:22Z,2/2014
Andhra Pradesh,Report No. 1 of 2014 - Report of the Comptroller and Auditor General of India on General & Social Sector for the year ended March 2013; Government of Andhra Pradesh,,,Social Welfare,2012-13,https://cag.gov.in/en/audit-report/details/541,/webroot/uploads/download_audit_report/2014/Andhra_Pradesh_social_sector_1_2014.pdf,,2026-07-22T13:21:22Z,1/2014
Andhra Pradesh,Report No. 5 of 2013 - Performace Audit on Mahatama Gandhi National Rural Employment Guarantee Act of Government of Andhra Pradesh,,,Agriculture and Rural Development,2012-13,https://cag.gov.in/en/audit-report/details/1450,/webroot/uploads/download_audit_report/2013/Andhra_Pradesh_MGNREGA_report_5_2013.pdf,,2026-07-22T13:41:42Z,5/2013
Andhra Pradesh,Report No. 2 of 2013 - Performance and Compliance Audit on Public sector of Government of Andhra Pradesh,,Compliance,Industry and Commerce,2012-13,https://cag.gov.in/en/audit-report/details/1440,/webroot/uploads/download_audit_report/2013/Andhra_Pradesh_public_sector_report_2_2013.pdf,,2026-07-22T13:41:42Z,2/2013
Andhra Pradesh,Report No. 4 of 2013 - Report of the Comptroller and Auditor General of India on General & Social Sector for the year ended March 2012; Government of Andhra Pradesh,,,Social Welfare,2011-12,https://cag.gov.in/en/audit-report/details/1430,/webroot/uploads/download_audit_report/2013/Andhra_Pradesh_Social_sector_report_4_2013.pdf,,2026-07-22T13:41:42Z,4/2013
Andhra Pradesh,Report No. 1 of 2013 - Performance Audit on Revenue sector of Government of Andhra Pradesh,,Performance,Taxes and Duties,2012-13,https://cag.gov.in/en/audit-report/details/1415,/webroot/uploads/download_audit_report/2013/Andhra_Pradesh_revenue_report_1_2013.pdf,,2026-07-22T13:41:42Z,1/2013
Andhra Pradesh,Report No. 3 of 2013 - Performance and Compliance Audit on Economic sector of Government of Andhra Pradesh,,Compliance,Finance,2012-13,https://cag.gov.in/en/audit-report/details/1411,/webroot/uploads/download_audit_report/2013/Andhra_Pradesh_economic_sector_report_3_2013.pdf,,2026-07-22T13:41:42Z,3/2013
Andhra Pradesh,Report of 2013 - Report of the Comptroller and Auditor General of India on State Finance for the year ended March 2013 Government of Andhra Pradesh,,Financial,Finance,2012-13,https://cag.gov.in/en/audit-report/details/524,/webroot/uploads/download_audit_report/2013/Andhra_Pradesh_state_finance_2013.pdf,,2026-07-22T13:41:55Z,
Andhra Pradesh,Report No. 1 of 2012 - Financial Audit on State Finance of Government of Andhra Pradesh,,Financial,Finance,2011-12,https://cag.gov.in/en/audit-report/details/1388,/webroot/uploads/download_audit_report/2012/Andhra_Pradesh_state_finance_report_1_2012.pdf,,2026-07-22T13:42:24Z,1/2012
Andhra Pradesh,Report No. 2 of 2012 - Performance Audit of Jalayagnam in Andhra Pradesh,,Performance,Environment and Sustainable Development,2011-12,https://cag.gov.in/en/audit-report/details/1369,/webroot/uploads/download_audit_report/2012/Andhra_Pradesh_jalayagnam_report_2_2012.pdf,,2026-07-22T13:42:24Z,2/2012
Andhra Pradesh,Report of 2012 - Performace Audit on Civil Land of Government of Andhra Pradesh,,,Transport & Infrastructure,2011-12,https://cag.gov.in/en/audit-report/details/1349,/webroot/uploads/download_audit_report/2012/Andhra_Pradesh_civil_land_2012.pdf,,2026-07-22T13:42:24Z,
Andhra Pradesh,Report of 2011 - Financial Audit on State Finance of Government of Andhra Pradesh,,Financial,Finance,2010-11,https://cag.gov.in/en/audit-report/details/1379,/webroot/uploads/download_audit_report/2011/Andhra_Pradesh_state_finance_2011.pdf,,2026-07-22T13:43:11Z,
Andhra Pradesh,Report of 2011 - Performance Audit on Revenue of Government of Andhra Pradesh,,Performance,Taxes and Duties,2010-11,https://cag.gov.in/en/audit-report/details/1338,/webroot/uploads/download_audit_report/2011/Andhra_Pradesh_revenue_2011.pdf,,2026-07-22T13:43:11Z,
Andhra Pradesh,Report of 2011 - Performance Audit on Commercial of Government of Andhra Pradesh,,Performance,Industry and Commerce,2010-11,https://cag.gov.in/en/audit-report/details/1318,/webroot/uploads/download_audit_report/2011/Andhra_Pradesh_commercial_2011.pdf,,2026-07-22T13:43:14Z,
Andhra Pradesh,Report of 2011 - Compliance and Performance Audit on Civil of Government of Andhra Pradesh,,Performance,Social Infrastructure,2010-11,https://cag.gov.in/en/audit-report/details/1288,/webroot/uploads/download_audit_report/2011/Andhra_Pradesh_civil_2011.pdf,,2026-07-22T13:43:14Z,
Andhra Pradesh,Report of 2010 - Financial Audit on State Finance of Government of Andhra Pradesh,,Financial,Finance,2009-10,https://cag.gov.in/en/audit-report/details/1406,/webroot/uploads/download_audit_report/2010/Andhra_Pradesh_state_finance_2010.pdf,,2026-07-22T13:44:02Z,
Andhra Pradesh,Report of 2010 - Performance Audit on Revenue Receipt of Government of Andhra Pradesh,,Performance,Taxes and Duties,2009-10,https://cag.gov.in/en/audit-report/details/1366,/webroot/uploads/download_audit_report/2010/Andhra_Pradesh_revenue_receipt_2010.pdf,,2026-07-22T13:44:02Z,
Andhra Pradesh,Report of 2010 - Performance Audit on Revenue of Government of Andhra Pradesh,,Performance,Taxes and Duties,2009-10,https://cag.gov.in/en/audit-report/details/1328,/webroot/uploads/download_audit_report/2010/Andhra_Pradesh_revenue_2010.pdf,,2026-07-22T13:44:02Z,
Andhra Pradesh,Report of 2010 - Performance Audit on Commercial of Government of Andhra Pradesh,,Performance,Industry and Commerce,2009-10,https://cag.gov.in/en/audit-report/details/1290,/webroot/uploads/download_audit_report/2010/Andhra_Pradesh_commercial_2010.pdf,,2026-07-22T13:44:02Z,
Andhra Pradesh,Report of 2010 - Audit Report (Civil) for the year ended March 2010 Government of Andhra Pradesh,,,Social Welfare,2009-10,https://cag.gov.in/en/audit-report/details/1266,/webroot/uploads/download_audit_report/2010/Andhra_Pradesh_civil_2010.pdf,,2026-07-22T13:44:02Z,
Andhra Pradesh,Report of 2009 - Compliance Audit on Revenue of Government of Andhra Pradesh,,Compliance,Taxes and Duties,2008-09,https://cag.gov.in/en/audit-report/details/1309,/webroot/uploads/download_audit_report/2009/Andhra_Pradesh_revenue_2009.pdf,,2026-07-22T13:44:41Z,
Andhra Pradesh,Report of 2009 - Performance Audit on Commercial of Government of Andhra Pradesh,,Performance,Industry and Commerce,2008-09,https://cag.gov.in/en/audit-report/details/1280,/webroot/uploads/download_audit_report/2009/Andhra_Pradesh_commercial_2009.pdf,,2026-07-22T13:44:44Z,
Andhra Pradesh,Report of 2009 - Performance and Financial Audit on Civil of Government of Andhra Pradesh,,Financial,Social Infrastructure,2008-09,https://cag.gov.in/en/audit-report/details/1270,/webroot/uploads/download_audit_report/2009/Andhra_Pradesh_civil_2009.pdf,,2026-07-22T13:44:44Z,
Andhra Pradesh,Report of 2009 - Report of the Comptroller and Auditor General of India on State Finance for the year ended March 2009 Government of Andhra Pradesh,,Financial,Finance,2008-09,https://cag.gov.in/en/audit-report/details/1259,/webroot/uploads/download_audit_report/2009/Andhra_Pradesh_state_finance_2009.pdf,,2026-07-22T13:44:44Z,
Arunachal Pradesh,"Report of the Comptroller and Auditor General of India on State Finances for the year 2023-24, Govt. of Arunachal Pradesh (Report No. 1 of 2025)",,Financial,Finance,2023-24,https://cag.gov.in/en/audit-report/details/124733,/webroot/uploads/download_audit_report/2024/State-Finance-Report-2023-24-Arunachal-069c280ae5f3392.54463922.pdf,,2026-07-22T13:05:42Z,1/2025
Arunachal Pradesh,"Report of the Comptroller and Auditor General of India On Social (including Local Governments Audit), Economic, General and Revenue Sectors  for the year 2022-23 Government of Arunachal Pradesh (Report No. 2 of 2025)",,Compliance,Local Bodies,2022-23,https://cag.gov.in/en/audit-report/details/124937,"/webroot/uploads/download_audit_report/2023/SOCIAL,-ECONOMIC,-GENERAL-Report-Arunachal-2022-23-069c4dd5dac89f6.08301401.pdf",,2026-07-22T13:07:07Z,2/2025
Arunachal Pradesh,"Report No. 1 of 2024 - State Finances Audit Report for the year ended 31 March 2023, Government of Arunachal Pradesh.",,Financial,Finance,2022-23,https://cag.gov.in/en/audit-report/details/120298,/webroot/uploads/download_audit_report/2023/State-Finance-Report-2022-23-Arunachal-FINAL-FOR-PRINT-(02-05-2024)-066b0b5f0499df2.46996327.pdf,,2026-07-22T13:07:15Z,1/2024
Arunachal Pradesh,"Report No. 1 of 2023 - State Finances Audit Report for the year ended 31 March 2022, Government of Arunachal Pradesh.",,Financial,Finance,2021-22,https://cag.gov.in/en/audit-report/details/118622,/webroot/uploads/download_audit_report/2023/SFR-State-Finance-Report-2021-22-(14-02-2023)-FINAL-FOR-PRINT-0642534167811c7.85295835.pdf,,2026-07-22T13:07:46Z,1/2023
Arunachal Pradesh,"REPORT OF THE  COMPTROLLER AND AUDITOR GENERAL OF INDIA ON SOCIAL, ECONOMIC, GENERAL AND REVENUE SECTORS FOR THE YEAR ENDED 31 MARCH 2022 GOVERNMENT OF ARUNACHAL PRADESH REPORT NO. 2 OF 2023",,,,2021-22,https://cag.gov.in/en/audit-report/details/119258,"/webroot/uploads/download_audit_report/2022/SOCIAL,-ECONOMIC,-GENERAL-Report-Arunachal-2021-22-FINAL-FOR-PRINT--12-04-2023-065001a400d4ec6.13436703.pdf",,2026-07-22T13:08:24Z,2/2023
Arunachal Pradesh,"Report No. 1 of 2022 - State Finances Audit Report for the year ended 31 March 2021, Government of Arunachal Pradesh.",,Financial,Finance,2020-21,https://cag.gov.in/en/audit-report/details/117472,/webroot/uploads/download_audit_report/2022/SFR -State Finance Report 2020-21 FINAL FOR Net uploding (27- April 2022) All page-0632c369e293e79.01933418.pdf,,2026-07-22T13:08:46Z,1/2022
Arunachal Pradesh,"Report No. 2 of 2022 - Compliance audit of the Departments under Social, Economic, General and Revenue Sectors, Government of Arunachal Pradesh.",,Compliance,Finance,2021-22,https://cag.gov.in/en/audit-report/details/117205,/webroot/uploads/download_audit_report/2022/Audit Report 2019-20-063295dfb834be1.69469104.pdf,,2026-07-22T13:08:50Z,2/2022
Arunachal Pradesh,"Report No. 2 of 2021 - State Finance, Government of Arunachal Pradesh",,Financial,Finance,2019-20,https://cag.gov.in/en/audit-report/details/115926,/webroot/uploads/download_audit_report/2020/SFAR 2019-20_Report No. 2 of 2021_PDF_(13-08-2021)-0624574acb535a7.09294626.pdf,,2026-07-22T13:10:30Z,2/2021
Arunachal Pradesh,C & AG's State Finances Audit Report for the year ended 31 March 2019,,Financial,Finance,2018-19,https://cag.gov.in/en/audit-report/details/113308,/webroot/uploads/download_audit_report/2020/SFAR_Report No. 1 of 2020-06048a2745fd8c3.48723714.pdf,,2026-07-22T13:10:46Z,
Arunachal Pradesh,Performance Audit of Select District Hospitals in Arunachal Pradesh for the year ended 31 March 2019.,,Performance,"Education, Health & Family Welfare",2018-19,https://cag.gov.in/en/audit-report/details/113307,/webroot/uploads/download_audit_report/2020/Report No. 2 of 2020_District Hospitals (1)-060489f37f13473.54316759.pdf,,2026-07-22T13:10:46Z,
Arunachal Pradesh,"Report No.1 of 2021 - Report of the Comptroller and Auditor General of India on Social, Economic, General and Revenue Sectors for the Year Ended March 2019, Government of Arunachal Pradesh",,,,2018-19,https://cag.gov.in/en/audit-report/details/117126,/webroot/uploads/download_audit_report/2019/Report No. 1 of 2021 Govt. of Arunachal Pradesh_SEGRS-0630c7d9814e2d0.41178959.pdf,,2026-07-22T13:11:14Z,1/2021
Arunachal Pradesh,"Report No. 2 of 2019 - Social, Economic, General And Revenue Sectors, Government of Arunachal Pradesh",,,Taxes and Duties,2018-19,https://cag.gov.in/en/audit-report/details/56903,/webroot/uploads/download_audit_report/2019/Report_No_2_of_2019_Social_Economic_General_And_Revenue_Sec.pdf,,2026-07-22T13:11:34Z,2/2019
Arunachal Pradesh,"Report No. 1 of 2019 - State Finance, Government of Arunachal Pradesh",,Financial,Finance,2018-19,https://cag.gov.in/en/audit-report/details/56893,/webroot/uploads/download_audit_report/2019/Report_No_1_of_2019_State_Finance_Government_of_Arunachal_Pradesh.pdf,,2026-07-22T13:11:34Z,1/2019
Arunachal Pradesh,"Report No. 2 of 2018 - Social, Economic, General Revenue And Economic (PSUs) Sectors, Government of Arunachal Pradesh",,,Taxes and Duties,2017-18,https://cag.gov.in/en/audit-report/details/56453,/webroot/uploads/download_audit_report/2018/Report_No_2_of_2018_Social_Economic_General_Revenue_And_Economic_(PSUs)_Sectors_Government_of_Arunachal_Pradesh.pdf,,2026-07-22T13:12:03Z,2/2018
Arunachal Pradesh,"Report No. 1 of 2018 - State Finance, Government of Arunachal Pradesh",,Financial,Finance,2017-18,https://cag.gov.in/en/audit-report/details/56431,/webroot/uploads/download_audit_report/2018/Report_No_1_of_2018_State_Finance_Government_of_Arunachal_Pradesh.pdf,,2026-07-22T13:12:03Z,1/2018
Arunachal Pradesh,"Report No.2 of 2018 - Social, Economic, General, Revenue and Economic (PSUs) Sectors, Government of Arunachal Pradesh",,,General Sector Ministries and Constitutional Bodies,2017-18,https://cag.gov.in/en/audit-report/details/50641,/webroot/uploads/download_audit_report/2018/Report_No_2_of_2018_Social_Economic_General_Revenue_and_Economic_PSUs_Sectors_Government_of_Arunachal_Pradesh.pdf,,2026-07-22T13:12:10Z,2/2018
Arunachal Pradesh,"Report No. 2 of 2017 - Social, Economic, General Revenue And Economic (PSUs) Sectors, Government of Arunachal Pradesh",,,Taxes and Duties,2016-17,https://cag.gov.in/en/audit-report/details/56441,/webroot/uploads/download_audit_report/2017/Report_No_2_of_2017_Social_Economic_General_Revenue_And_Economic_(PSUs)_Sectors_Government_of_Arunachal_Pradesh.pdf,,2026-07-22T13:12:49Z,2/2017
Arunachal Pradesh,"Report No. 1 of 2017 - State Finance, Government of Arunachal Pradesh",,Financial,Finance,2016-17,https://cag.gov.in/en/audit-report/details/56419,/webroot/uploads/download_audit_report/2017/Report_No_1_of_2017_State_Finance_Government_of_Arunachal_Pradesh.pdf,,2026-07-22T13:12:49Z,1/2017
Arunachal Pradesh,Report of 2015 - Financial Audit on State Finance of Government of Arunachal Pradesh,,Financial,,2014-15,https://cag.gov.in/en/audit-report/details/12449,/webroot/uploads/download_audit_report/2015/Arunachal_Pradesh_State Finance_2015.pdf,,2026-07-22T13:15:22Z,
Arunachal Pradesh,"Report No. 1 of 2015 - Performance Audit on Social, Economic, Revenue and Economic (SPSUs) Sectors of Government of Arunachal Pradesh",,Performance,,2014-15,https://cag.gov.in/en/audit-report/details/12439,/webroot/uploads/download_audit_report/2015/Arunachal_Pradesh_Report_1_2015.pdf,,2026-07-22T13:15:22Z,1/2015
Arunachal Pradesh,Report of 2014 – Financial Audit on State Finances of Government of Arunachal Pradesh,,Financial,Finance,2013-14,https://cag.gov.in/en/audit-report/details/3633,/webroot/uploads/download_audit_report/2014/Arunachal_Pradesh_States_Finances_2014.pdf,,2026-07-22T13:21:18Z,
Arunachal Pradesh,"Report of 2014 – Compliance, Financial and Performance Audit on Social Public Sector Undertakings(SPSUs) of Government of Arunachal Pradesh",,Performance,Taxes and Duties,2013-14,https://cag.gov.in/en/audit-report/details/3625,/webroot/uploads/download_audit_report/2014/Arunachal_Pradesh_SPSUs_2014.pdf,,2026-07-22T13:21:18Z,
Arunachal Pradesh,Report of 2013 – Financial Audit on State Finances of Government of Arunachal Pradesh,,Financial,Finance,2012-13,https://cag.gov.in/en/audit-report/details/3665,/webroot/uploads/download_audit_report/2013/Arunachal_Pradesh_State_Finances_2013.pdf,,2026-07-22T13:41:42Z,
Arunachal Pradesh,Report of 2011 – Financial Audit on State Finance of Government of Arunachal Pradesh,,Financial,Finance,2011-12,https://cag.gov.in/en/audit-report/details/3709,/webroot/uploads/download_audit_report/2012/Arunachal_Pradesh_State_Finance_2011.pdf,,2026-07-22T13:42:20Z,
Arunachal Pradesh,Report of 2011 – Financial Audit on Lower Subansiri District of Government of Arunachal Pradesh,,Financial,Finance,2011-12,https://cag.gov.in/en/audit-report/details/3683,/webroot/uploads/download_audit_report/2012/Arunachal_Pradesh_District_2011.pdf,,2026-07-22T13:42:20Z,
Arunachal Pradesh,Report of 2011 - Financial and Performance Audit on Civil of Government of Arunachal Pradesh,,Performance,Taxes and Duties,2011-12,https://cag.gov.in/en/audit-report/details/3676,/webroot/uploads/download_audit_report/2012/Arunachal_Pradesh_civil_2011.pdf,,2026-07-22T13:42:24Z,
Arunachal Pradesh,Report of 2010 – Financial Audit on State Finance of Government of Arunachal Pradesh,,Financial,Finance,2010-11,https://cag.gov.in/en/audit-report/details/3728,/webroot/uploads/download_audit_report/2011/Arunachal_Pradesh_State_Finances_2010.pdf,,2026-07-22T13:43:11Z,
Arunachal Pradesh,Report of 2010 - Performance and Financial Audit on Civil of Government of Arunachal Pradesh,,Financial,Taxes and Duties,2010-11,https://cag.gov.in/en/audit-report/details/3714,/webroot/uploads/download_audit_report/2011/Arunachal_Pradesh_civil_2010.pdf,,2026-07-22T13:43:11Z,
Arunachal Pradesh,Report of 2009 - Financial Audit on State Finance of Government of Arunachal Pradesh,,Financial,Finance,2009-10,https://cag.gov.in/en/audit-report/details/3744,/webroot/uploads/download_audit_report/2010/Arunachal_Pradesh_State_Finance_2009.pdf,,2026-07-22T13:44:02Z,
Arunachal Pradesh,Report of 2009 - Performance and Financial Audit on Civil of Government of Arunachal Pradesh,,Financial,Taxes and Duties,2009-10,https://cag.gov.in/en/audit-report/details/3738,/webroot/uploads/download_audit_report/2010/Arunachal_Pradesh_civil_2009.pdf,,2026-07-22T13:44:02Z,
Assam,"Report No. 1 of 2026  Audit Report on Local Bodies for the period  ended March 2024, Government of Assam",,Compliance,Local Bodies,2023-24,https://cag.gov.in/en/audit-report/details/125177,/webroot/uploads/download_audit_report/2026/CAG-Assam---Report-No-1---Local-Bodies-2023-24-in-2026-English-signed-06a1ea8c8655660.64136110.pdf,,2026-07-22T13:04:41Z,1/2026
Assam,"Report No.2 of 2026- State Finances Audit Report, Government of Assam",,Financial,Finance,2025-26,https://cag.gov.in/en/audit-report/details/125167,"/webroot/uploads/download_audit_report/2026/Report-No.-2-of-2026--State-Finance-Audit-Report,-Government-of-Assam-06a1533648ff079.21776503.pdf",,2026-07-22T13:04:41Z,2/2026
Assam,"Report No. 5 of 2025 - Audit Report on State Revenues, Government of Assam",,Financial,Finance,2024-25,https://cag.gov.in/en/audit-report/details/124208,/webroot/uploads/download_audit_report/2025/Report-No-5-of-2025-English-069a171c9134c53.42000144.pdf,,2026-07-22T13:05:00Z,5/2025
Assam,"Report No. 2 of 2025- Audit Report on State Public Sector Enterprises, Government of Assam",,Compliance,Finance,2024-25,https://cag.gov.in/en/audit-report/details/123564,/webroot/uploads/download_audit_report/2025/Report-No.-2-of-2025_SPSEs-Assam-English-0693fdd85031963.09270894.pdf,,2026-07-22T13:05:13Z,2/2025
Assam,"Report No. 3 of 2025 - Audit Report on State Revenues, Government of Assam",,Financial,Finance,2024-25,https://cag.gov.in/en/audit-report/details/123471,/webroot/uploads/download_audit_report/2025/Report-No.-3-of-2025_Revenue-2022-23_Assam-English-(19-08-2025)-06931653c300f05.98327226.pdf,,2026-07-22T13:05:16Z,3/2025
Assam,"Report No. 4 of 2025 - Audit Report on Social, Economic and General Sectors, Government of Assam",,Compliance,Finance,2024-25,https://cag.gov.in/en/audit-report/details/123470,"/webroot/uploads/download_audit_report/2025/Report-No.-4-of-2025---Audit-Report-on-Social,-Economic-and-General-Sectors,-Government-of-Assam-0692fe841c5e9d8.14316767.pdf",,2026-07-22T13:05:16Z,4/2025
Assam,"Report No.1 of 2025- State Finances Audit Report, Government of Assam",,Financial,Finance,2023-24,https://cag.gov.in/en/audit-report/details/123454,/webroot/uploads/download_audit_report/2024/Report-No.-1-of-2025_SFAR-2023-24_Assam-English-(30-04-2025)-0692d8316d01924.01236053.pdf,,2026-07-22T13:05:16Z,1/2025
Assam,Report No. 4 of 2024 - Audit Report on State Public Sector Enterprises for the year ended 31 March 2023 - Government of Assam,,Compliance,Finance,2022-23,https://cag.gov.in/en/audit-report/details/121834,/webroot/uploads/download_audit_report/2024/Report-No.-4-of-2024---Audit-Report-on-State-Public-Sector-Enterprises-for-the-year-ended-31-March-2023---Government-of-Assam-067e3d60bce0229.56764058.pdf,,2026-07-22T13:06:16Z,4/2024
Assam,"Report No. 1 of 2024 - State Finances Audit Report, Government of Assam",,Financial,Finance,2023-24,https://cag.gov.in/en/audit-report/details/120610,/webroot/uploads/download_audit_report/2024/SFAR-2022-23_Report-No.-1-of-2024_English-066d98d2be4eb40.74033099.pdf,,2026-07-22T13:06:41Z,1/2024
Assam,"Report No. 2 of 2024 - Audit Report on Social, Economic and General Sectors, Government of Assam",,Compliance,Finance,2023-24,https://cag.gov.in/en/audit-report/details/120588,/webroot/uploads/download_audit_report/2024/Report-No.-2-of-2024_SE&GS_English-066d9895d303503.59012457.pdf,,2026-07-22T13:06:41Z,2/2024
Assam,"Report No. 3 of 2024 - Audit Report on Revenue Sector, Government of Assam",,Financial,Transport & Infrastructure,2023-24,https://cag.gov.in/en/audit-report/details/120576,/webroot/uploads/download_audit_report/2024/Report-No.-3-of-2024-Revenue_English-066d9871ea76ec6.83481144.pdf,,2026-07-22T13:06:45Z,3/2024
Assam,"Report No. 5 of 2024-Performance Audit Report on  Implementation of Schemes for  Welfare of Tea Tribes, Government of Assam",,Performance,Social Welfare,2023-24,https://cag.gov.in/en/audit-report/details/120539,/webroot/uploads/download_audit_report/2024/Report-No.-5-of-2024_PA-on-ISWTT-English-066d833f96356d8.24962523.pdf,,2026-07-22T13:06:45Z,5/2024
Assam,Report No. 3 of 2023 - Audit Report on State Public Sector Enterprises for the year ended 31 March 2022 - Government of Assam,,Compliance,Finance,2021-22,https://cag.gov.in/en/audit-report/details/119476,/webroot/uploads/download_audit_report/2023/Audit-Report-SPSE-2021-22-Report-No-3-of-2023-(11-09-2023)-English-0651ffaf42c7508.40982477.pdf,,2026-07-22T13:07:31Z,3/2023
Assam,"Report No. 2 of 2023 - Audit Report on Local Bodies for the period 2017-18 to 2020-21, Government of Assam",,Compliance,Local Bodies,2017-18,https://cag.gov.in/en/audit-report/details/119465,/webroot/uploads/download_audit_report/2023/Local-Bodies-2017-21-English-Full-Report-0651ff7988ef198.54667373.pdf,,2026-07-22T13:07:31Z,2/2023
Assam,"Report No. 1 of 2023 - State Finances Audit Report, Government of Assam",,Financial,Finance,2022-23,https://cag.gov.in/en/audit-report/details/118733,/webroot/uploads/download_audit_report/2023/SFAR-2021-22-Report-No.-1-of-2023_Assam-English-(21-03-2023)-0642ec30009e023.84554048.pdf,,2026-07-22T13:07:46Z,1/2023
Assam,"Report No. 4 of 2022 - Audit Report on Social, Economic and General Sectors, Government of Assam",,Compliance,Finance,2021-22,https://cag.gov.in/en/audit-report/details/117932,/webroot/uploads/download_audit_report/2022/Report-No.-4-of-2022-Govt.-of-Assam_SEGS-063d89eeff1c6d5.93730240.pdf,,2026-07-22T13:08:43Z,4/2022
Assam,"Report No. 3 of 2022 -  Audit Report on Public Sector Undertakings, Government of Assam",,Compliance,Industry and Commerce,2021-22,https://cag.gov.in/en/audit-report/details/117507,/webroot/uploads/download_audit_report/2022/Report No. 3 of 2022_(PSUs 2019-20)_English_(03-08-2022)-0632d764ed773d8.55253332.pdf,,2026-07-22T13:08:46Z,3/2022
Assam,"Report No. 2 of 2022 -  Audit Report on Revenue Sector,  Government of Assam",,Financial,Transport & Infrastructure,2021-22,https://cag.gov.in/en/audit-report/details/117494,/webroot/uploads/download_audit_report/2022/Report No. 2 of 2022_Revenue 2019-20_English_(18-8-2022)-0632d7163749f44.67529383.pdf,,2026-07-22T13:08:46Z,2/2022
Assam,"Report No. 1 of 2022 - State Finances Audit Report, Government of Assam",,Financial,Finance,2021-22,https://cag.gov.in/en/audit-report/details/117483,/webroot/uploads/download_audit_report/2022/SFAR 2020-21_Report No. 1 of 2022 (Government of Assam) (1)-0632d6d83bdb171.48097692.pdf,,2026-07-22T13:08:46Z,1/2022
Assam,"Report No.4 of 2021 - State Finances, Government of Assam",,Financial,Finance,2020-21,https://cag.gov.in/en/audit-report/details/116199,/webroot/uploads/download_audit_report/2021/Report No. 4 of 2021 Govt. of Assam_SFAR v1.2-0628f4cd3a9d188.01918611.pdf,,2026-07-22T13:09:30Z,4/2021
Assam,"Report No. 3 of 2021 - Performance Audit of Select District Hospitals  for the year ended 31 March 2019, Government of Assam.",,Performance,"Education, Health & Family Welfare",2018-19,https://cag.gov.in/en/audit-report/details/115329,/webroot/uploads/download_audit_report/2021/Report No. 3 of 2021 Govt. of Assam_PA-0624d42c7adf574.56922310.pdf,,2026-07-22T13:09:44Z,3/2021
Assam,"Report No. 2 of 2021 - Public Sector Undertakings and Revenue Sector, Government of Assam",,Financial,,2020-21,https://cag.gov.in/en/audit-report/details/115318,/webroot/uploads/download_audit_report/2021/Report No. 2 of 2021_PSUs RS_Assam_English-061cab170236bd8.66165262.pdf,,2026-07-22T13:09:44Z,2/2021
Assam,"Report No. 1 of 2021 - Social, Economic (Non-PSUs) and General Sectors, Government of Assam",,Compliance,Social Welfare,2020-21,https://cag.gov.in/en/audit-report/details/114053,/webroot/uploads/download_audit_report/2021/Report No1of2021_N-PSUs_English_-060f1675b52e338.05466893.pdf,,2026-07-22T13:10:17Z,1/2021
Assam,"Report of the Comptroller and Auditor General of India on the accounts of North Cachar Hills Autonomous Council, Haflong, Dima Hasao for the year ended 31 March 2020",,,General Sector Ministries and Constitutional Bodies,2019-20,https://cag.gov.in/en/audit-report/details/124731,/webroot/uploads/download_audit_report/2020/Audit-Report-of-NCHAC-2019-20_Assam-(14-08-2025)-(1)-069c26e8dcb3b89.33738120.pdf,,2026-07-22T13:10:21Z,
Assam,Report of the Comptroller and Auditor General of India on Bodoland Territorial Council for the year ended 31 March 2020,,,General Sector Ministries and Constitutional Bodies,2019-20,https://cag.gov.in/en/audit-report/details/122841,/webroot/uploads/download_audit_report/2020/BTC-Report-2019-20-(09-01-2024)-068b044c0a230c8.68789562.pdf,,2026-07-22T13:10:21Z,
Assam,"Report No.1 of 2020 - State Finances, Government of Assam",,Financial,Finance,2019-20,https://cag.gov.in/en/audit-report/details/110604,/webroot/uploads/download_audit_report/2020/Report_No_1_of_2020_State_Finances_Government_of_Assam.pdf,,2026-07-22T13:11:03Z,1/2020
Assam,Report of the Comptroller and Auditor General of India on Bodoland Territorial Council for the year ended 31 March 2019,,,General Sector Ministries and Constitutional Bodies,2018-19,https://cag.gov.in/en/audit-report/details/122831,/webroot/uploads/download_audit_report/2019/BTC-Report-2018-19-(09-01-2024)-068b043d317fc10.95566022.pdf,,2026-07-22T13:11:06Z,
Assam,Report of the Comptroller and Auditor General of India on North Cachar Hills Autonomous Council for the year 2018-19,,,General Sector Ministries and Constitutional Bodies,2018-19,https://cag.gov.in/en/audit-report/details/122776,/webroot/uploads/download_audit_report/2019/NCHAC-2018-19-(27-02-2024)-068aeeed9780a33.66252079.pdf,,2026-07-22T13:11:06Z,
Assam,"Report No.3 of 2019 - Public Sector Undertakings, Government of Assam",,Compliance,Industry and Commerce,2018-19,https://cag.gov.in/en/audit-report/details/56648,/webroot/uploads/download_audit_report/2019/Report_No_3_of_2019_Public_Sector_Undertakings_Government_of_Assam.pdf,,2026-07-22T13:11:38Z,3/2019
Assam,"Report no. 4 of 2019 - Social, General and Economic (Non-PSUs) Sectors Government of Assam",,Compliance,Taxes and Duties,2018-19,https://cag.gov.in/en/audit-report/details/55803,/webroot/uploads/download_audit_report/2019/Report_no_4_of_2019_Social_General_and_Economic_(Non-PSUs)_Sectors_Government_of_Assam.pdf,,2026-07-22T13:11:42Z,4/2019
Assam,"Report No.2 of 2019 - Revenue Sector, Government of Assam",,Financial,Taxes and Duties,2018-19,https://cag.gov.in/en/audit-report/details/52625,/webroot/uploads/download_audit_report/2019/Report_No_2_of_2019_Revenue_Sector_Government_of_Assam.pdf,,2026-07-22T13:11:50Z,2/2019
Assam,"Report No.1 of 2019 - State Finances, Government of Assam",,Financial,Finance,2018-19,https://cag.gov.in/en/audit-report/details/52614,/webroot/uploads/download_audit_report/2019/Report_No_1_of_2019_State_Finances_Government_of_Assam.pdf,,2026-07-22T13:11:50Z,1/2019
Assam,Report of the Comptroller and Auditor General of India on Bodoland Territorial Council for the year ended 31 March 2018,,,General Sector Ministries and Constitutional Bodies,2017-18,https://cag.gov.in/en/audit-report/details/122821,/webroot/uploads/download_audit_report/2018/BTC-Report-2017-18-(09-01-2024)-068b04304102ab9.98353465.pdf,,2026-07-22T13:11:54Z,
Assam,Report of the Comptroller and Auditor General of India on North Cachar Hills Autonomous Council for the year 2017-18,,,General Sector Ministries and Constitutional Bodies,2017-18,https://cag.gov.in/en/audit-report/details/122766,/webroot/uploads/download_audit_report/2018/NCHAC-2017-18-(27-02-2024)-068aeedde7ca2f0.40333701.pdf,,2026-07-22T13:11:54Z,
Assam,Report of the Comptroller and Auditor General of India on Karbi Anglong Autonomous Council for the year ended 31 March 2018,,,General Sector Ministries and Constitutional Bodies,2017-18,https://cag.gov.in/en/audit-report/details/122721,/webroot/uploads/download_audit_report/2018/KAAC-Report-2017-18-(09-01-2024)-068aeda425f2211.22774971.pdf,,2026-07-22T13:11:54Z,
Assam,Report No.4 of 2018 - Revenue Sector Government of Assam,,Financial,General Sector Ministries and Constitutional Bodies,2017-18,https://cag.gov.in/en/audit-report/details/47751,/webroot/uploads/download_audit_report/2018/Report_No_4_of_2018_-_Revenue_Sector_Government_of_Assam.pdf,,2026-07-22T13:12:19Z,4/2018
Assam,"Report No.5 of 2018 - Social, General and Economic (Non-PSUs) Sectors Government of Assam",,Compliance,"one, Economic... Sector: General Sector Ministries and Constitutional Bodies",2017-18,https://cag.gov.in/en/audit-report/details/47742,/webroot/uploads/download_audit_report/2018/Report_No_5_of_2018_-_Social_General_and_Economic_Non-PSUs_Sectors_Government_of_Assam.pdf,,2026-07-22T13:12:19Z,5/2018
Assam,Report No.3 of 2018 - Local Bodies Government of Assam,,,General Sector Ministries and Constitutional Bodies,2017-18,https://cag.gov.in/en/audit-report/details/47731,/webroot/uploads/download_audit_report/2018/Report_No_3_of_2018_-_Local_Bodies_Government_of_Assam.pdf,,2026-07-22T13:12:19Z,3/2018
Assam,Report No.1 of 2018 - Public Sector Undertakings Government of Assam,,Compliance,General Sector Ministries and Constitutional Bodies,2017-18,https://cag.gov.in/en/audit-report/details/44983,/webroot/uploads/download_audit_report/2018/Report_No_1_of_2018_-_Public_Sector_Undertakings_Government_of_Assam.pdf,,2026-07-22T13:12:36Z,1/2018
Assam,Report No.2 of 2018 - State Finances Government of Assam,,Financial,Finance,2017-18,https://cag.gov.in/en/audit-report/details/44857,/webroot/uploads/download_audit_report/2018/Report_No_2_of_2018_-_State_Finances_Government_of_Assam.pdf,,2026-07-22T13:12:36Z,2/2018
Assam,Report of the Comptroller and Auditor General of India on Bodoland Territorial Council for the year ended 31 March 2017,,,General Sector Ministries and Constitutional Bodies,2016-17,https://cag.gov.in/en/audit-report/details/122811,/webroot/uploads/download_audit_report/2017/BTC-Report-2016-17-(09-01-2024)-068b04169a1c3f2.77081201.pdf,,2026-07-22T13:12:49Z,
Assam,Report of the Comptroller and Auditor General of India on North Cachar Hills Autonomous Council for the year 2016-17,,,General Sector Ministries and Constitutional Bodies,2016-17,https://cag.gov.in/en/audit-report/details/122756,/webroot/uploads/download_audit_report/2017/NCHAC-2016-17-(27-02-2024)-068aeed0879faf5.41674760.pdf,,2026-07-22T13:12:49Z,
Assam,Report of the Comptroller and Auditor General of India on Karbi Anglong Autonomous Council for the year ended 31 March 2017,,,General Sector Ministries and Constitutional Bodies,2016-17,https://cag.gov.in/en/audit-report/details/122711,/webroot/uploads/download_audit_report/2017/KAAC-Report-2016-17-(09-01-2024)-068aed92ef1a1e1.33313072.pdf,,2026-07-22T13:12:49Z,
Assam,Report No.4 of 2017 - Impact of National Rural Health Mission on Reproductive and Child Health in Assam Government of Assam,,,Social Welfare,2016-17,https://cag.gov.in/en/audit-report/details/33536,/webroot/uploads/download_audit_report/2017/Report_No.4_of_2017_-_Impact_of_National_Rural_Health_Mission_on_Reproductive_and_Child_Health_in_Assam_Government_of_Assam.pdf,,2026-07-22T13:13:07Z,4/2017
Assam,"Report No.3 of 2017 - Revenue Sector, Government of Assam",,Financial,Finance,2016-17,https://cag.gov.in/en/audit-report/details/31966,"/webroot/uploads/download_audit_report/2017/Report_No.3_of_2017_-_Revenue_Sector,_Government_of_Assam.pdf",,2026-07-22T13:13:15Z,3/2017
Assam,Report No 2 of 2017 - Local Bodies Assam,,,Local Bodies,2016-17,https://cag.gov.in/en/audit-report/details/28499,/webroot/uploads/download_audit_report/2017/Report_No_2_of_2017_Assam_Local_Bodies.pdf,,2026-07-22T13:13:40Z,2/2017
Assam,Report No 1 of 2017 - Assam Social General Economic Non-PSUs Sectors,,Compliance,Social Welfare,2016-17,https://cag.gov.in/en/audit-report/details/28446,/webroot/uploads/download_audit_report/2017/Report_No_1_of_2017_of_SGE_Non-PSUs_Sectors.pdf,,2026-07-22T13:13:40Z,1/2017
Assam,Report No 5 of 2016 - Assam Public Sector Undertakings,,Compliance,General Sector Ministries and Constitutional Bodies,2016-17,https://cag.gov.in/en/audit-report/details/28437,/webroot/uploads/download_audit_report/2017/Report_No._5_of_2016_Assam_PSUs.pdf,,2026-07-22T13:13:40Z,5/2016
Assam,Report of the Comptroller and Auditor General of India on Bodoland Territorial Council for the year ended 31 March 2016,,,General Sector Ministries and Constitutional Bodies,2015-16,https://cag.gov.in/en/audit-report/details/122796,/webroot/uploads/download_audit_report/2016/BTC-Report-2015-16-(09-01-2024)-068b0407f24a573.71692039.pdf,,2026-07-22T13:13:55Z,
Assam,Report of the Comptroller and Auditor General of India on North Cachar Hills Autonomous Council for the year 2015-16,,,General Sector Ministries and Constitutional Bodies,2015-16,https://cag.gov.in/en/audit-report/details/122746,/webroot/uploads/download_audit_report/2016/NCHAC-2015-16-(27-02-2024)-069c26f515e4d55.65267793.pdf,,2026-07-22T13:13:55Z,
Assam,Report of the Comptroller and Auditor General of India on Karbi Anglong Autonomous Council for the years 2011-12 TO 2015-16,,,General Sector Ministries and Constitutional Bodies,2011-12,https://cag.gov.in/en/audit-report/details/122702,/webroot/uploads/download_audit_report/2016/Report-KAAC-2011-12-to-2015-16-068aed777c15bd5.43006121.pdf,,2026-07-22T13:13:55Z,
Assam,Report No 4 of 2016 - State Finances Government of Assam,,Financial,Finance,2015-16,https://cag.gov.in/en/audit-report/details/28425,/webroot/uploads/download_audit_report/2016/Report_No_4_of_2016_State_Finances_Government_of_Assam.pdf,,2026-07-22T13:14:04Z,4/2016
Assam,Report No 3 of 2016 - Performance Audit of Environmental Degradation Government of Assam,,Performance,Environment and Sustainable Development,2015-16,https://cag.gov.in/en/audit-report/details/24128,/webroot/uploads/download_audit_report/2016/Assam_Performance_Audit_of_Environmental_Degradation_Report_3_2016.pdf,,2026-07-22T13:14:20Z,3/2016
Assam,Report 1 2016 - Social General and Economic (Non-PSUs) Sectors Government of Assam,,Compliance,"16, Economic Sector: 6 and General Sector: 10, including 3 general paragraphs), three performance audit reports (Social Sector: two and General Sector: one) besides one follow-up audit report under...",2015-16,https://cag.gov.in/en/audit-report/details/23196,/webroot/uploads/download_audit_report/2016/Assam_ Social_General_and_Economic_Non_PSUs_Sectors_Report_1_ 2016.pdf,,2026-07-22T13:14:32Z,
Assam,Report of the Comptroller and Auditor General of India on Bodoland Territorial Council for the year ended 31 March 2015,,,General Sector Ministries and Constitutional Bodies,2014-15,https://cag.gov.in/en/audit-report/details/122786,/webroot/uploads/download_audit_report/2015/BTC-Report-2014-15-(Full-Report)-068b03f42745ed1.10241703.pdf,,2026-07-22T13:14:53Z,
Assam,Report of the Comptroller and Auditor General of India on North Cachar Hills Autonomous Council for the year 2014-15,,,General Sector Ministries and Constitutional Bodies,2014-15,https://cag.gov.in/en/audit-report/details/122733,/webroot/uploads/download_audit_report/2015/NCHAC-2014-15-(27-02-2024)-068aeea19776172.86175386.pdf,,2026-07-22T13:14:57Z,
Assam,Report 2015 - State Finances Government of Assam,,Financial,Finance,2014-15,https://cag.gov.in/en/audit-report/details/23236,/webroot/uploads/download_audit_report/2015/Assam_State_Finances_Report_2015.pdf,,2026-07-22T13:15:01Z,
Assam,Report 4 of 2015 - Report on Revenue Sector of Government of Assam,,Financial,Taxes and Duties,2014-15,https://cag.gov.in/en/audit-report/details/23227,/webroot/uploads/download_audit_report/2015/Assam_Revenue_Sector_Report_4_2015.pdf,,2026-07-22T13:15:01Z,
Assam,Report 3 of 2015 - Public Sector Undertakings Government of Assam,,Compliance,Transport & Infrastructure,2014-15,https://cag.gov.in/en/audit-report/details/23218,/webroot/uploads/download_audit_report/2015/Assam_ Public_Sector_Undertakings_Report_3_ 2015.pdf,,2026-07-22T13:15:01Z,
Assam,Report of 2015 -Report of the C&AG of India on State Finances for the year ended 31 March 2014 Government of Assam,,Financial,Taxes and Duties,2013-14,https://cag.gov.in/en/audit-report/details/4535,/webroot/uploads/download_audit_report/2015/Assam_State_Finances_2015.pdf,,2026-07-22T13:15:51Z,
Assam,"Report No.1 of 2015 - Report of the C&AG of India on Social, General and Economic (Non-PSUs) Sectors for the year ended 31 March 2014, Government of Assam",,Compliance,"21, Economic Sector: 5 and General Sector: 6 including 3 general paragraphs) and three performance audit reports (Social Sector: 2 and General Sector: 1). The draft audit paragraphs and draft... Secto",2013-14,https://cag.gov.in/en/audit-report/details/4531,/webroot/uploads/download_audit_report/2015/Assam_Report_1_2015.pdf,,2026-07-22T13:15:51Z,1/2015
Assam,Report of 2014 - Report of the C&AG of India on State Finances for the year ended 31 March 2013 Government of Assam,,Financial,Finance,2012-13,https://cag.gov.in/en/audit-report/details/4404,/webroot/uploads/download_audit_report/2014/Assam_State_Finance_2014.pdf,,2026-07-22T13:21:14Z,
Assam,Report 4 of 2014 - Performance Audit on Revenue Sector of Government of Assam,,Performance,Taxes and Duties,2013-14,https://cag.gov.in/en/audit-report/details/4392,/webroot/uploads/download_audit_report/2014/Assam_Report_4_2014.pdf,,2026-07-22T13:21:14Z,
Assam,Report 3 of 2014 - Performance Audit on Kaziranga National Park-Issues and Challenges of Government of Assam,,Performance,Environment and Sustainable Development,2013-14,https://cag.gov.in/en/audit-report/details/4371,/webroot/uploads/download_audit_report/2014/Assam_Report_3_2014.pdf,,2026-07-22T13:21:14Z,
Assam,Report 2 of 2014 - Report of the C&AG of India on Public Sector Undertakings (PSUs) for the year ended 31 March 2014 Government of Assam,,Compliance,Transport & Infrastructure,2013-14,https://cag.gov.in/en/audit-report/details/4357,/webroot/uploads/download_audit_report/2014/Assam_Report_2_2014.pdf,,2026-07-22T13:21:14Z,
Assam,Report No.1 of 2014 - Report of the C&AG of India on Indira Awaas Yojana (IAY) for the ended 31 March 2013 Government of Assam,,,Agriculture and Rural Development,2013-14,https://cag.gov.in/en/audit-report/details/4339,/webroot/uploads/download_audit_report/2014/Assam_Report_1_2014.pdf,,2026-07-22T13:21:14Z,1/2014
Assam,Report No. 3 of 2013 - Report of the Comptroller and Auditor General of India on Mahatma Gandhi National Rural Employment Guarantee Scheme (MGNREGS) for the year ended 31 March 2012 Government of Assam,,,Transport & Infrastructure,2011-12,https://cag.gov.in/en/audit-report/details/4204,/webroot/uploads/download_audit_report/2013/Assam_Report_3_2013.pdf,,2026-07-22T13:41:42Z,3/2013
Assam,"Report No. 2 of 2013 - Report of the C&AG of India on Social, General, Economic (Non-PSUs) Sectors for the ended 31 March 2012 Government of Assam",,Compliance,Transport & Infrastructure,2012-13,https://cag.gov.in/en/audit-report/details/4193,/webroot/uploads/download_audit_report/2013/Assam_Report_2_2013.pdf,,2026-07-22T13:41:42Z,2/2013
Assam,Report 1 of 2013 - Report of C&AG of India on Public Sector Undertakings (PSUs) for the year ended 31 March 2012 Government of Assam,,Compliance,Transport & Infrastructure,2011-12,https://cag.gov.in/en/audit-report/details/4174,/webroot/uploads/download_audit_report/2013/Assam_Report_1_2013.pdf,,2026-07-22T13:41:42Z,
Assam,Report of 2012 - Report of the C&AG of India on State Finances for the year ended 31 March 2012 Government of Assam,,Financial,Finance,2011-12,https://cag.gov.in/en/audit-report/details/4166,/webroot/uploads/download_audit_report/2012/Assam_State_Finance_2012.pdf,,2026-07-22T13:42:20Z,
Assam,Report 5 of 2012 – Performance Audit on Forest Receipts of Government of Assam,,Performance,Finance,2011-12,https://cag.gov.in/en/audit-report/details/4141,/webroot/uploads/download_audit_report/2012/Assam_Repotr_5_2012.pdf,,2026-07-22T13:42:20Z,
Assam,Report 2 of 2012 - Performance Audit on Revenue of Government of Assam,,Performance,Taxes and Duties,2011-12,https://cag.gov.in/en/audit-report/details/4131,/webroot/uploads/download_audit_report/2012/Assam_Report_2_2010.pdf,,2026-07-22T13:42:20Z,
Assam,Report of the Comptroller and Auditor General of India on Karbi Anglong Autonomous Council for the year ended 31 March 2011,,,General Sector Ministries and Constitutional Bodies,2010-11,https://cag.gov.in/en/audit-report/details/122693,/webroot/uploads/download_audit_report/2011/Report-2010-11-KAAC-068aed32ed1b6c6.24710422.pdf,,2026-07-22T13:42:24Z,
Assam,Report of 2011 – Report of the C&AG of India on District Nagaon for the ended 31 March 2011 Government of Assam,,,Transport & Infrastructure,2010-11,https://cag.gov.in/en/audit-report/details/4116,/webroot/uploads/download_audit_report/2011/Assam_District_Nagaon_2011.pdf,,2026-07-22T13:43:03Z,
Assam,Report of 2011 – Report of the C&AG of India on State Finances for the year ended 31 March 2011 Government of Assam,,Financial,Finance,2010-11,https://cag.gov.in/en/audit-report/details/4078,/webroot/uploads/download_audit_report/2011/Assam_State_Finances_2011.pdf,,2026-07-22T13:43:03Z,
Assam,Report of 2011 - Financial Audit on Revenue of Government of Assam,,Financial,Taxes and Duties,2010-11,https://cag.gov.in/en/audit-report/details/4061,/webroot/uploads/download_audit_report/2011/Assam_Revenue_2011.pdf,,2026-07-22T13:43:11Z,
Assam,Report of 2011 - - Report of C&AG of India (Commercial) for the year ended 31 March 2011 (Report No. 4) Government of Assam,,,Power & Energy,2010-11,https://cag.gov.in/en/audit-report/details/4055,/webroot/uploads/download_audit_report/2011/Assam_Commerical_2011.pdf,,2026-07-22T13:43:11Z,
Assam,Report of 2011 - Audit Report (Civil) of the C&AG of India for the ended 31 March 2011 Government of Assam,,,Transport & Infrastructure,2010-11,https://cag.gov.in/en/audit-report/details/3960,/webroot/uploads/download_audit_report/2011/Assam_Civil_2011.pdf,,2026-07-22T13:43:11Z,
Assam,Report of 2010 - Report of the C&AG of India on District Cachar  for the ended 31 March 2010  Government of Assam,,,Transport & Infrastructure,2009-10,https://cag.gov.in/en/audit-report/details/3924,/webroot/uploads/download_audit_report/2010/Assam_District_2010.pdf,,2026-07-22T13:43:58Z,
Assam,Report of 2010 - Report of the C&AG of India on Performance Audit of Public Distribution System for the ended 31 March 2010 Government of Assam,,Performance,Social Welfare,2009-10,https://cag.gov.in/en/audit-report/details/3902,/webroot/uploads/download_audit_report/2010/Assam_Public_Distribution_2010.pdf,,2026-07-22T13:43:58Z,
Assam,Report of 2010 – Report of the C&AG of India on Internal Controls and Risk Management for the ended 31 March 2010 Government of Assam,,,"Art, Culture and Sports",2009-10,https://cag.gov.in/en/audit-report/details/3882,/webroot/uploads/download_audit_report/2010/Assam_Risk_2010.pdf,,2026-07-22T13:43:58Z,
Assam,Report of 2010 - Report of the C&AG of India on State Finances for the year ended 31 March 2010 Government of Assam,,Financial,Finance,2009-10,https://cag.gov.in/en/audit-report/details/3855,/webroot/uploads/download_audit_report/2010/Assam_State_Finances_2010.pdf,,2026-07-22T13:43:58Z,
Assam,Report of 2010 - Financial Audit on Revenue of Government of Assam,,Financial,Taxes and Duties,2009-10,https://cag.gov.in/en/audit-report/details/3848,/webroot/uploads/download_audit_report/2010/Assam_Revenue_2010.pdf,,2026-07-22T13:43:58Z,
Assam,Report of 2010 - Report of C&AG of India (Commercial) for the year ended 31 March 2010 (Report No. 4) Government of Assam,,,Finance,2009-10,https://cag.gov.in/en/audit-report/details/3830,/webroot/uploads/download_audit_report/2010/Assam_Commerical_2010.pdf,,2026-07-22T13:43:58Z,
Assam,Report of 2010 - Audit Report (Civil) of the C&AG of India for the ended 31 March 2010 Government of Assam,,,Transport & Infrastructure,2009-10,https://cag.gov.in/en/audit-report/details/3824,/webroot/uploads/download_audit_report/2010/Assam_Civil_2010.pdf,,2026-07-22T13:44:02Z,
Assam,Report of 2009 - Report of the C&AG of India on State Finances for the year ended 31 March 2009 Government of Assam,,Financial,Finance,2008-09,https://cag.gov.in/en/audit-report/details/3804,/webroot/uploads/download_audit_report/2009/Assam_SF_2009.pdf,,2026-07-22T13:44:41Z,
Assam,Report of 2009 - Financial Audit on Revenue of Government of Assam,,Financial,Taxes and Duties,2008-09,https://cag.gov.in/en/audit-report/details/3794,/webroot/uploads/download_audit_report/2009/Assam_Revenue_2009.pdf,,2026-07-22T13:44:41Z,
Assam,Report of 2009 - Report of C&AG of India (Commercial) for the year ended 31 March 2009 Government of Assam,,,Finance,2008-09,https://cag.gov.in/en/audit-report/details/3787,/webroot/uploads/download_audit_report/2009/Assam_commerical_2009.pdf,,2026-07-22T13:44:41Z,
Assam,Report of 2009 - Audit Report (Civil) of the C&AG of India for the ended 31 March 2009 Government of Assam,,,Transport & Infrastructure,2008-09,https://cag.gov.in/en/audit-report/details/3782,/webroot/uploads/download_audit_report/2009/Assam_civil_2009.pdf,,2026-07-22T13:44:41Z,
Bihar,Report No. 4 of the year 2025: Report of the Comptroller and Auditor General of India on Ayushman Bharat- Pradhan Mantri Jan Arogya Yojana and Pradhan Mantri Awaas Yojana- Gramin.,,,,2024-25,https://cag.gov.in/en/audit-report/details/124205,/webroot/uploads/download_audit_report/2025/Performance-Audit---Civil---Report---4-of-2025--English-069a01619c584d8.44750365.pdf,,2026-07-22T13:05:00Z,
Bihar,Report No. 5 of the year 2025 :Report of the Comptroller and Auditor General on Functioning of District Transport Offices in Bihar (Performance Audit-Civil),,Performance,Transport & Infrastructure,2024-25,https://cag.gov.in/en/audit-report/details/123748,/webroot/uploads/download_audit_report/2025/Bihar-PA_Transport-Offices(DTO)-Report-No-5-of-2025_English_20-01-2026-signed-069a011073325f4.22113090.pdf,,2026-07-22T13:05:09Z,
Bihar,"Report No. 03 of the year 2025: Report of the Comptroller and Auditor General of India for the period ended 31st March 2023. Government of Bihar, (Compliance Audit- Civil)",,Compliance,,2024-25,https://cag.gov.in/en/audit-report/details/123185,/webroot/uploads/download_audit_report/2025/Compliance-Audit-Report-Civil_Report-No-3-of-2023_ENGLISH-069a01d2db430c0.06918421.pdf,,2026-07-22T13:05:26Z,
Bihar,Report No. 2 of 2025: Report of the Comptroller and Auditor General of India for the Period ended March 2023 (Performance and Compliance Audit- Civil and Commercial),,Compliance,Taxes and Duties,2022-23,https://cag.gov.in/en/audit-report/details/123159,/webroot/uploads/download_audit_report/2025/Performance-and-Compliance-Audit-Report-English-Report-no-2---(for-net-uploading)-(09-12-2025)-069a00f86013dc3.90005965.pdf,,2026-07-22T13:05:26Z,2/2025
Bihar,"Report No.1 of the year 2025 - State Finances Audit Report of the Comptroller and Auditor General of India for the year ended 31st March 2024, Government of Bihar.",,Financial,Finance,2024-25,https://cag.gov.in/en/audit-report/details/121585,/webroot/uploads/download_audit_report/2025/State-Finance-Report-2023-24-(08-04-2025)-ENGLISH-FINAL-with-Signeture-FINAL-FOR-PRINT-06881e24daadd66.83179080.pdf,,2026-07-22T13:05:37Z,
Bihar,"Report No. 5 of the year 2024 - Report of the Comptroller and Auditor General of India (Performance and Compliance Audit) for the Year ended 31 March 2022, Government of Bihar",,Compliance,,2021-22,https://cag.gov.in/en/audit-report/details/120819,/webroot/uploads/download_audit_report/2024/Performance-and-Compliance-Audit-Report-English-Report-no-5-FINAL-for-net-upload-067e25ebc9fe458.93000291.pdf,,2026-07-22T13:06:33Z,
Bihar,"Report No. 4 of the Year 2024 - Report of the Comptroller and Auditor General of India Performance Audit on Public Health Infrastructure and Management of Health Services, Government of Bihar",,Performance,"Education, Health & Family Welfare",2023-24,https://cag.gov.in/en/audit-report/details/120622,/webroot/uploads/download_audit_report/2024/Performance-Audit-Report-English-Report-no-4-FINAL-FOR-PRINT-(28-11-2024)-0674822bcb8ea50.59858416.pdf,,2026-07-22T13:06:41Z,
Bihar,"Report No.1 of the year 2024 - State Finances Audit Report of the Comptroller and Auditor General of India for the year ended 31st March 2023, Government of Bihar.",,Financial,Finance,2023-24,https://cag.gov.in/en/audit-report/details/119735,/webroot/uploads/download_audit_report/2024/State-Finance-Report-2022-23-(ENGLISH)-066a229e6b84881.48517440.pdf,,2026-07-22T13:07:04Z,
Bihar,Report No. 2 of the year 2024-Compliance Audit Report of the Comptroller and Auditor General of India for the year ended 31 March 2022.,,Compliance,,2021-22,https://cag.gov.in/en/audit-report/details/119732,/webroot/uploads/download_audit_report/2024/Report-no-2-ENGLISH--Compliance-Audit-Report-2022-for-24-(29-06-2024)-FINAL-FOR-PRINT-066a230fbc82fd2.20767913.pdf,,2026-07-22T13:07:04Z,
Bihar,"Report No.1 of the year 2023 - State Finances Audit Report of the Comptroller and Auditor General of India for the year ended 31st March 2022, Government of Bihar.",,Financial,Finance,2022-23,https://cag.gov.in/en/audit-report/details/118394,/webroot/uploads/download_audit_report/2023/SFAR-2021-22(English)-064afc04687b457.23790417.pdf,,2026-07-22T13:07:50Z,
Bihar,Report No.5 of the year 2022 - Report of the Comptroller and Accountant General of India (Performance and Compliance Audit) for the year ended 31 March 2021.,,Compliance,,2020-21,https://cag.gov.in/en/audit-report/details/117574,/webroot/uploads/download_audit_report/2022/Report-no---5--ENGLISH-All-page-0639c1cd5094d73.67698090.pdf,,2026-07-22T13:08:46Z,
Bihar,Annual Technical Inspection Report on Local Bodies for the year ended 31 March 2019.,,,Local Bodies,2018-19,https://cag.gov.in/en/audit-report/details/117559,/webroot/uploads/download_audit_report/2022/Annual-Technical-Inspection-Report-(2017-19)--0639c1b6f0e1ef1.99825442.pdf,,2026-07-22T13:08:46Z,
Bihar,Report No. 4 of the year 2022-  Performance Audit Report of the Comptroller and Auditor General of India on Systems and controls in assessment and collection of mineral receipts for the year ended 31st March 2021.,,Performance,Taxes and Duties,2021-22,https://cag.gov.in/en/audit-report/details/117135,/webroot/uploads/download_audit_report/2022/Performance-Audit-Report-on-mineral-receipts-English-Report-no-4-FOR-NET-UPLOUDING-(30-09-2022)-0639c1c6ac852c2.51216107.pdf,,2026-07-22T13:08:54Z,
Bihar,"Report No. 3 of the year 2022 - Performance Audit Report on Outcomes of Surface Irrigation Projects in Bihar, Government of Bihar",,Performance,,2021-22,https://cag.gov.in/en/audit-report/details/116500,/webroot/uploads/download_audit_report/2022/PERFOR~1-0639c1c254c0c28.63790710.pdf,,2026-07-22T13:09:02Z,
Bihar,Report No. 2 of the year 2022- Report of the Comptroller and Auditor General of India Compliance Audit (Revenue Sector) for the year ended 31 March 2021.,,Financial,Taxes and Duties,2020-21,https://cag.gov.in/en/audit-report/details/116276,/webroot/uploads/download_audit_report/2020/Revenue-Sector-Report-ENGLISH--(23-07-2022)-FOR-PRINT-0639c1be27d96b8.95885101.pdf,,2026-07-22T13:09:02Z,
Bihar,"Report No.1 of the year 2022 - State Finances Audit Report of the Comptroller and Auditor  General of India, Government of Bihar.",,Financial,Finance,2020-21,https://cag.gov.in/en/audit-report/details/115414,/webroot/uploads/download_audit_report/2021/Report no.-1 of 2022 Bihar Government- State Finances Audit Report of Comptroller and Auditor General of India-062bd83e9ba96a1.35273324.pdf,,2026-07-22T13:09:44Z,
Bihar,"Report No. 4 of the year 2021-State Finances Audit Report of the Comptroller and Auditor General of India, Government of Bihar",,Financial,Finance,2020-21,https://cag.gov.in/en/audit-report/details/114461,/webroot/uploads/download_audit_report/2021/SFAR 2019-20 (English)-061a8a27a53a907.46574305.pdf,,2026-07-22T13:10:04Z,
Bihar,"Report No. 1 of 2021 - Revenue Sector, Government of Bihar",,Financial,Taxes and Duties,2017-18,https://cag.gov.in/en/audit-report/details/113910,/webroot/uploads/download_audit_report/2018/Revenue Sector Report 2019 ENGLISH  (24-06-2021) FINAL FOR  NET UPLOADING-0610264c93e21a7.77245387.pdf,,2026-07-22T13:10:17Z,1/2021
Bihar,"Report No. 5 of the year 2021 - Audit Report of the Comptroller and Auditor General of India (Performance and Compliance Audit ) for the year ended 31 March 2020,  Government of Bihar.",,Compliance,Environment and Sustainable Development,2019-20,https://cag.gov.in/en/audit-report/details/114773,/webroot/uploads/download_audit_report/2020/Cag Bihar Audit Report No-5 - 2019-20  ENGLISH (17-12-2021) FINAL FOR NET UPLOUDING-062442d832b37d0.15499677.pdf,,2026-07-22T13:10:33Z,
Bihar,"Report No.3 of 2020- State Finances Audit Report of the Comptroller and Auditor General of India, Government of Bihar",,Financial,Finance,2018-19,https://cag.gov.in/en/audit-report/details/113706,/webroot/uploads/download_audit_report/2019/State Finance Audit Report 2018-19 ENGLISH-06065a9143077f6.56221844.pdf,,2026-07-22T13:10:37Z,3/2020
Bihar,Report No. 2 of the year 2020  of the Comptroller and Auditor General of India on Public Sector Undertakings for the year ended 31 March 2018 (Govt. of Bihar).,,Compliance,Industry and Commerce,2017-18,https://cag.gov.in/en/audit-report/details/113413,/webroot/uploads/download_audit_report/2018/CAG Bihar- Report-2 PSU English-06059db90eb40d3.34519898.pdf,,2026-07-22T13:10:41Z,
Bihar,"Report No. 1  of the year 2020 of the Comptroller and Auditor General of India on General, Social and Economic Sectors for the year ended 31 March 2018 (Govt. of Bihar)",,,Local Bodies,2017-18,https://cag.gov.in/en/audit-report/details/113411,/webroot/uploads/download_audit_report/2018/GS & ES - English - Report for the year ended March 2018-06059d8814dea38.05888651.pdf,,2026-07-22T13:10:41Z,
Bihar,"Report No. 1 of 2019 - State Finances, Government of Bihar",,Financial,Finance,2018-19,https://cag.gov.in/en/audit-report/details/58934,/webroot/uploads/download_audit_report/2019/Report_No_1_of_2019_State_Finances_Government_of_Bihar.pdf,,2026-07-22T13:11:26Z,1/2019
Bihar,"Report No.2 of 2019 - Revenue Sector, Government of Bihar",,Financial,Taxes and Duties,2018-19,https://cag.gov.in/en/audit-report/details/58595,/webroot/uploads/download_audit_report/2019/Report_No_2_of_2019_Revenue_Sector_Government_of_Bihar.pdf,,2026-07-22T13:11:26Z,2/2019
Bihar,"Report No. 3 of the year 2021 of the Comptroller and Auditor General of India on General, Social and Economic Sectors for the year ended 31 March 2019, Government of Bihar.",,,Local Bodies,2018-19,https://cag.gov.in/en/audit-report/details/114013,/webroot/uploads/download_audit_report/2018/Report GS & ES ENGLISH 2019 (15-07-2021) FOR PRINT-061026862eefb90.03127055.pdf,,2026-07-22T13:11:57Z,
Bihar,Report No. 2 of 2021 of the Comptroller and Auditor General of India on Public Sector Undertakings for the year ended 31 March 2019 (Government of Bihar).,,Compliance,Finance,2018-19,https://cag.gov.in/en/audit-report/details/113912,/webroot/uploads/download_audit_report/2018/CAG Bihar- Report-2 PSU ENGLISH_2018-19-061026683528f72.46417619.pdf,,2026-07-22T13:11:57Z,2/2021
Bihar,"Report No.3 of 2018 - State Finances, Government of Bihar",,Financial,Finance,2017-18,https://cag.gov.in/en/audit-report/details/48369,/webroot/uploads/download_audit_report/2018/Report_No_3_of_2018_State_Finances_Government_of_Bihar.pdf,,2026-07-22T13:12:19Z,3/2018
Bihar,"Report No.4 of 2018 - General, Social and Economic Sectors, Government of Bihar",,,Social Welfare,2017-18,https://cag.gov.in/en/audit-report/details/48224,/webroot/uploads/download_audit_report/2018/Report_No_4_of_2018_General_Social_and_Economic_Sectors_Government_of_Bihar.pdf,,2026-07-22T13:12:19Z,4/2018
Bihar,Report No.2 of 2018 - Revenue Sector Government of Bihar,,Financial,Taxes and Duties,2017-18,https://cag.gov.in/en/audit-report/details/47978,/webroot/uploads/download_audit_report/2018/Report_No_2_of_2018_Revenue_Sector_Government_of_Bihar.pdf,,2026-07-22T13:12:19Z,2/2018
Bihar,Report No.1 of 2018 - Public Sector Undertakings Government of Bihar,,Compliance,General Sector Ministries and Constitutional Bodies,2017-18,https://cag.gov.in/en/audit-report/details/46290,/webroot/uploads/download_audit_report/2018/Report_No_1_of_2018_-_Public_Sector_Undertakings_Government_of_Bihar.pdf,,2026-07-22T13:12:27Z,1/2018
Bihar,Report No.4 of 2017 - Local Bodies Government of Bihar,,,Local Bodies,2016-17,https://cag.gov.in/en/audit-report/details/33074,/webroot/uploads/download_audit_report/2017/Report_No.4_of_2017_-_Local_Bodies_Government_of_Bihar.pdf,,2026-07-22T13:13:11Z,4/2017
Bihar,Report 2 of 2017 - General Social Economic Sector Bihar,,,Agriculture and Rural Development,2016-17,https://cag.gov.in/en/audit-report/details/29110,/webroot/uploads/download_audit_report/2017/Bihar_Report_No_2_of_2017_on_GSES.pdf,,2026-07-22T13:13:28Z,
Bihar,Report No 3 of 2017 - Public Sector Undertakings Bihar,,Compliance,General Sector Ministries and Constitutional Bodies,2016-17,https://cag.gov.in/en/audit-report/details/28896,/webroot/uploads/download_audit_report/2017/Report_No_3_of_2017_Bihar_PSUs.pdf,,2026-07-22T13:13:28Z,3/2017
Bihar,Report No 1 of 2017 - Revenue Sector Bihar,,Financial,Taxes and Duties,2016-17,https://cag.gov.in/en/audit-report/details/28518,/webroot/uploads/download_audit_report/2017/Report_No_1_of_2017_Bihar_Revenue_Sector.pdf,,2026-07-22T13:13:40Z,1/2017
Bihar,Report No 2 of 2016 - State Finance Government of Bihar,,Financial,Finance,2015-16,https://cag.gov.in/en/audit-report/details/28412,/webroot/uploads/download_audit_report/2016/Report_No_2_of_the_year_2016_State_Finance_Government_of_Bihar.pdf,,2026-07-22T13:14:04Z,2/2016
Bihar,Report No 2 of 2015 - General Social and Economic Sector Government of Bihar,,,Social Infrastructure,2015-16,https://cag.gov.in/en/audit-report/details/20429,/webroot/uploads/download_audit_report/2016/Bihar_General_Social_and_Economic_Sector_Report_2_2015.pdf,,2026-07-22T13:14:45Z,2/2015
Bihar,Report No 4 of 2015 - Public Sector Undertakings Government of Bihar,,Compliance,Finance,2015-16,https://cag.gov.in/en/audit-report/details/20304,/webroot/uploads/download_audit_report/2016/Report_No_4_of_2015_Public_Sector_Undertakings_Government_of_Bihar.pdf,,2026-07-22T13:14:49Z,4/2015
Bihar,Report No 3 of 2015 - Revenue Sector Government of Bihar,,Financial,Taxes and Duties,2014-15,https://cag.gov.in/en/audit-report/details/20650,/webroot/uploads/download_audit_report/2015/Bihar_ Revenue_Sector_ Report_3_2015.pdf,,2026-07-22T13:15:14Z,3/2015
Bihar,Report 2015 - State Finances Government of Bihar,,Financial,Finance,2014-15,https://cag.gov.in/en/audit-report/details/20496,/webroot/uploads/download_audit_report/2015/Bihar_State_Finances_Report_2015.pdf,,2026-07-22T13:15:14Z,
Bihar,Report No. 1 of 2015 - Performance Audit on Public Sector Undertakings of Government of Bihar,,Performance,,2014-15,https://cag.gov.in/en/audit-report/details/12481,/webroot/uploads/download_audit_report/2015/Bihar_Report_1_2015_0.pdf,,2026-07-22T13:15:22Z,1/2015
Bihar,"Report No. 1 of the Year 2015 - Report of the Comptroller and Auditor General of India on Public Sector Undertakings for the year ended 31 March 2014, Government of Bihar",,Compliance,Transport & Infrastructure,2013-14,https://cag.gov.in/en/audit-report/details/5130,/webroot/uploads/download_audit_report/2015/Bihar_Report_1_2015.pdf,,2026-07-22T13:15:40Z,
Bihar,Report of 2014 - Financial Audit on State Finance of Government of Bihar,,Financial,,2013-14,https://cag.gov.in/en/audit-report/details/12492,/webroot/uploads/download_audit_report/2014/Bihar_State_Finance_Report_2014_0.pdf,,2026-07-22T13:15:55Z,
Bihar,Report No.4 - Report of the Comptroller and Auditor General of India (GS&ES) for the year ended March 2014 Government of Bihar,,,Finance,2013-14,https://cag.gov.in/en/audit-report/details/11005,/webroot/uploads/download_audit_report/2014/Report-No.-4_English-pdf-file_0.pdf,,2026-07-22T13:15:55Z,
Bihar,Report of 2014 - Report of the Comptroller and Auditor General of India (State Finances) for the year ended 31st March 2014 Government of Bihar,,Financial,Finance,2013-14,https://cag.gov.in/en/audit-report/details/5204,/webroot/uploads/download_audit_report/2014/Bihar_State_Finances_2015.pdf,,2026-07-22T13:21:10Z,
Bihar,"Report No.4 of 2014 – Report of the Comptroller and Auditor General of India (General, Social & Economic Sectors) for the year ended 31st March 2014 Government of Bihar",,,Finance,2013-14,https://cag.gov.in/en/audit-report/details/5086,/webroot/uploads/download_audit_report/2014/Bihar_Report_4_2014.pdf,,2026-07-22T13:21:10Z,4/2014
Bihar,Report No. 3 of 2014 - Report of the Comptroller and Auditor General of India on Revenue Sector for the year ended March 2014 - Government of Bihar,,Financial,Taxes and Duties,2013-14,https://cag.gov.in/en/audit-report/details/5023,/webroot/uploads/download_audit_report/2014/Bihar_Report_3_2014.pdf,,2026-07-22T13:21:10Z,3/2014
Bihar,"Report No.2 of 2014 – Report of the Comptroller and Auditor General of India (General, Social & Economic Sectors) for the year ended 31st March 2013 Government of Bihar",,,Finance,2013-14,https://cag.gov.in/en/audit-report/details/4920,/webroot/uploads/download_audit_report/2014/Bihar_Report_2_2014.pdf,,2026-07-22T13:21:10Z,2/2014
Bihar,"Report No.1 of the Year 2014 - Report of the Comptroller and Auditor General of India on Public Sector Undertakingsfor the year ended 31 March 2013, Government of Bihar",,Compliance,Finance,2012-13,https://cag.gov.in/en/audit-report/details/4854,/webroot/uploads/download_audit_report/2014/Bihar_Report_1_2014.pdf,,2026-07-22T13:21:10Z,
Bihar,"Stand Alone Report of the Comptroller and Auditor General of India on Mahatma Gandhi National Rural Employment Guarantee Scheme (MGNREGS), Government of Bihar for the year ended 31 March 2012",,,Agriculture and Rural Development,2011-12,https://cag.gov.in/en/audit-report/details/11032,/webroot/uploads/download_audit_report/2012/MGNREGS.11-12-English.pdf,,2026-07-22T13:41:55Z,
Bihar,Report of 2012 - Report of the Comptroller and Auditor General of India (State Finances) for the year Ended 31st March 2012 Government of Bihar,,Financial,Environment and Sustainable Development,2011-12,https://cag.gov.in/en/audit-report/details/4314,/webroot/uploads/download_audit_report/2012/Bihar_State_Finances_2012.pdf,,2026-07-22T13:42:20Z,
Bihar,Report of 2011 - Report of the Comptroller and Auditor General of India (State Finances) for the year ended 31st March 2011 Government of Bihar,,Financial,Finance,2010-11,https://cag.gov.in/en/audit-report/details/4284,/webroot/uploads/download_audit_report/2011/Bihar_State_Finances_2011.pdf,,2026-07-22T13:43:03Z,
Bihar,Report of 2011 - Report of the Comptroller and Auditor General of India (Revenue Receipts) for the year ended 31 March 2011 - Government of Bihar,,,Taxes and Duties,2010-11,https://cag.gov.in/en/audit-report/details/4201,/webroot/uploads/download_audit_report/2011/Bihar_Revenue_2011.pdf,,2026-07-22T13:43:03Z,
Bihar,"Report No. 4 - Report of the Comptroller and Auditor General of India (Commercial) for the year ended 31 March 2011, Government of Bihar",,,Finance,2010-11,https://cag.gov.in/en/audit-report/details/4139,/webroot/uploads/download_audit_report/2011/Bihar_Commercial_2011.pdf,,2026-07-22T13:43:03Z,
Bihar,Report No.2 of 2011 - Report of the Comptroller and Auditor General of India (Civil) for the year ended 31 March 2011 Government of Bihar,,,Finance,2010-11,https://cag.gov.in/en/audit-report/details/4105,/webroot/uploads/download_audit_report/2011/Bihar_Civil_2011.pdf,,2026-07-22T13:43:03Z,2/2011
Bihar,Report of 2010 - Report of the Comptroller and Auditor General of India (State Finances) for the year ended 31st March 2010 Government of Bihar,,Financial,Finance,2009-10,https://cag.gov.in/en/audit-report/details/4065,/webroot/uploads/download_audit_report/2010/Bihar_State_Finances_2010.pdf,,2026-07-22T13:43:52Z,
Bihar,"Report No. 3  of 2010 - Report of the Comptroller and Auditor General of India  (Revenue Receipts) for the year ended 31 March 2010, Government of Bihar",,,Taxes and Duties,2009-10,https://cag.gov.in/en/audit-report/details/4033,/webroot/uploads/download_audit_report/2010/Bihar_Revenue_2010.pdf,,2026-07-22T13:43:52Z,3/2010
Bihar,"Report No.4 - Report of the Comptroller and Auditor General of India (Commercial) for the year ended 31 March 2010,Government of Bihar",,,Finance,2009-10,https://cag.gov.in/en/audit-report/details/3999,/webroot/uploads/download_audit_report/2010/Bihar_Commercial_2010.pdf,,2026-07-22T13:43:52Z,
Bihar,Report No.2 of 2010 -  Report of the Comptroller and Auditor General of India (Civil) for the year ended 31 March 2010 Government of Bihar,,,Finance,2009-10,https://cag.gov.in/en/audit-report/details/3974,/webroot/uploads/download_audit_report/2010/Bihar_Civil_2010.pdf,,2026-07-22T13:43:58Z,2/2010
Bihar,Report of 2009 - Report of the Comptroller and Auditor General of India (State Finances) for the year ended 31st March 2009 Government of Bihar,,Financial,Finance,2008-09,https://cag.gov.in/en/audit-report/details/3946,/webroot/uploads/download_audit_report/2009/Bihar_SF_2009.pdf,,2026-07-22T13:44:37Z,
Bihar,Report of 2009 -Report of the Comptroller and Auditor General of India (Revenue Receipts) for the year ended March 2009 - Government of Bihar,,,Taxes and Duties,2008-09,https://cag.gov.in/en/audit-report/details/3885,/webroot/uploads/download_audit_report/2009/Bihar_Revenue_2009.pdf,,2026-07-22T13:44:37Z,
Bihar,"Report of 2009- Report of Comptroller and Auditor General of India (Commercial) for the year ended 31 March 2009, Goverment of Bihar",,,Transport & Infrastructure,2008-09,https://cag.gov.in/en/audit-report/details/3833,/webroot/uploads/download_audit_report/2009/Bihar_Commerical_2009.pdf,,2026-07-22T13:44:41Z,
Bihar,Report of 2009 - Report of the Comptroller and Auditor General of India (Civil) for the year ended 31 March 2009 Government of Bihar,,,Finance,2008-09,https://cag.gov.in/en/audit-report/details/3801,/webroot/uploads/download_audit_report/2009/Bihar_Civil_2009.pdf,,2026-07-22T13:44:41Z,
Chhattisgarh,Report No. 4 of 2026-Report of the Comptroller and Auditor General of India on State Finances for the year 2024-25,,Financial,Finance,2024-25,https://cag.gov.in/en/audit-report/details/125579,"/webroot/uploads/download_audit_report/2026/State-Finances-for-the-year-2024-25,-Government-of-Chhattisgarh-06a561aee44d541.96727754.pdf",,2026-07-22T13:04:37Z,4/2026
Chhattisgarh,Reports No. 5 of 2026 : Report of the Comptroller and Auditor General of  India on Implementation of Pradhan Mantri   Khanij Kshetra Kalyan Yojana including   District Mineral Foundation Trust,,,,2025-26,https://cag.gov.in/en/audit-report/details/125491,/webroot/uploads/download_audit_report/2026/Final-PDF-of-english-version-of-Report-No--5-of-2026-06a56009cd7b585.01081153.pdf,,2026-07-22T13:04:37Z,
Chhattisgarh,Reports No. 3 of 2026 : Report of the Comptroller and Auditor General of  India on Performance Audit of Implementation of  Mahatma Gandhi National Rural Employment  Guarantee Scheme in Chhattisgarh for   the period ended March 2024,,Performance,Agriculture and Rural Development,2023-24,https://cag.gov.in/en/audit-report/details/125490,/webroot/uploads/download_audit_report/2026/Final-PDF-for-Report-No--3-of-2026_English-06a55ffb9953b80.12821263.pdf,,2026-07-22T13:04:37Z,
Chhattisgarh,Report No. 2 of 2026 : Report of the Comptroller and Auditor General of  India on Performance Audit of Jal Jeevan Mission in  Chhattisgarh for the period ended March 2024,,Performance,Social Infrastructure,2023-24,https://cag.gov.in/en/audit-report/details/125489,/webroot/uploads/download_audit_report/2026/Final-PDF-of-Report-No--2-of-2026__English-06a55ff1aa79c09.72753680.pdf,,2026-07-22T13:04:37Z,2/2026
Chhattisgarh,Report No. 3 of 2025- Report of the Comptroller and Auditor General of India  on State Finances for the year 2023-24,,Financial,Finance,2023-24,https://cag.gov.in/en/audit-report/details/122073,/webroot/uploads/download_audit_report/2024/SFAR-2023-24-0687a21f6f13fc7.96886630.pdf,,2026-07-22T13:06:12Z,3/2025
Chhattisgarh,"Report No. 2 of 2024 - Performance Audit of Public Health Infrastructure and Management of Health Services for the year ended March 2022, Government of Chhattisgarh",,Performance,"Education, Health & Family Welfare",2021-22,https://cag.gov.in/en/audit-report/details/120038,/webroot/uploads/download_audit_report/2024/Full_English_PHIMS-066a38e83d51cd7.42146357.pdf,,2026-07-22T13:06:53Z,2/2024
Chhattisgarh,"Report No. 1 of 2024- State Finances Audit Report for the year ended 31 March 2023, Government of Chhattisgarh",,Financial,Finance,2022-23,https://cag.gov.in/en/audit-report/details/120018,/webroot/uploads/download_audit_report/2024/SFAR-2022-23---English-066a36a0ab3f7d4.86911007.pdf,,2026-07-22T13:06:53Z,1/2024
Chhattisgarh,Report No. 01 of 2026: Report of the Comptroller and Auditor General of India on State Revenues for the period ended March 2023,,Financial,Taxes and Duties,2022-23,https://cag.gov.in/en/audit-report/details/124630,/webroot/uploads/download_audit_report/2023/English_AR_March_2023_CADC-069bd2f4856dae2.44554235.pdf,,2026-07-22T13:07:07Z,01/2026
Chhattisgarh,"Report No. 6 of 2025 :  Report on Performance and Compliance Audit (Civil) for the period ended March 2023, Government of Chhattisgarh",,Compliance,Local Bodies,2022-23,https://cag.gov.in/en/audit-report/details/123588,/webroot/uploads/download_audit_report/2023/Full_English_AR_2022-23-069428e7ee88282.11370483.pdf,,2026-07-22T13:07:11Z,6/2025
Chhattisgarh,Report of the Comptroller and Auditor General of India on  State Public Sector Enterprises for the period ended March 2023,,Compliance,Finance,2022-23,https://cag.gov.in/en/audit-report/details/123587,/webroot/uploads/download_audit_report/2023/Final-Report-0694287ba378b20.02084764.pdf,,2026-07-22T13:07:11Z,
Chhattisgarh,"Report No. 1 of 2023 - State Finances Audit Report for the year ended 31 March 2022, Government of Chhattisgarh",,Financial,Finance,2021-22,https://cag.gov.in/en/audit-report/details/118937,/webroot/uploads/download_audit_report/2023/SFAR-2021-22-English-064ba61b1bf6dc9.96998273.pdf,,2026-07-22T13:07:41Z,1/2023
Chhattisgarh,"Report No. 03 of 2023 - Performance Audit of Mining of minor minerals with emphasis on illegal mining operations, Government of Chhattisgarh",,Performance,Taxes and Duties,2022-23,https://cag.gov.in/en/audit-report/details/118917,/webroot/uploads/download_audit_report/2023/Consolidated-Report-Mining-064ba5a4f7981a5.33847644.pdf,,2026-07-22T13:07:41Z,03/2023
Chhattisgarh,"Report No. 02 of 2023 - Compliance Audit for the year ended 31 March 2021, Government of Chhattisgarh",,Compliance,"Education, Health & Family Welfare",2020-21,https://cag.gov.in/en/audit-report/details/118906,/webroot/uploads/download_audit_report/2023/English_Full_AR_2019-21-064ba56b27b7bc9.79918136.pdf,,2026-07-22T13:07:46Z,02/2023
Chhattisgarh,"Report No. 02 of 2025 – Report on Performance Audit of Welfare of Building and Other Construction Workers for the year ended 31 March 2022, Government of Chhattisgarh",,Performance,Social Infrastructure,2021-22,https://cag.gov.in/en/audit-report/details/122057,/webroot/uploads/download_audit_report/2022/Full_English_PA-on-BOCW-0687a1e092b84d9.85285025.pdf,,2026-07-22T13:07:53Z,02/2025
Chhattisgarh,"Report No. 4 of 2025 – Report on Performance and Compliance Audit (Civil & Commercial) for the period ended 31 March 2022, Government of Chhattisgarh",,Compliance,Local Bodies,2021-22,https://cag.gov.in/en/audit-report/details/122043,/webroot/uploads/download_audit_report/2022/Full_English_AR_2021-22-0687a1a6b4e9719.81037180.pdf,,2026-07-22T13:07:57Z,4/2025
Chhattisgarh,"Report No. 2 of the year 2022 -Performance Audit on Implementation of 74th Constitutional Amendment Act in Chhattisgarh, Government of Chhattisgarh for the year ended 31 March 2020",,Performance,Local Bodies,2019-20,https://cag.gov.in/en/audit-report/details/116533,/webroot/uploads/download_audit_report/2020/Combined_PDF-062df9cc5ac23a1.02445057.pdf,,2026-07-22T13:09:02Z,
Chhattisgarh,"Report No. 1 of 2022 - State Finances Audit Report for the year ended 31 March 2021, Government of Chhattisgarh.",,Financial,Finance,2020-21,https://cag.gov.in/en/audit-report/details/117901,/webroot/uploads/download_audit_report/2021/SFAR-English-2020-21-063b56851baf8a0.76731930.pdf,,2026-07-22T13:09:21Z,1/2022
Chhattisgarh,"Report No. 1 of 2021 - Revenue Sector Audit Report, Government of Chhattisgarh",,Financial,Taxes and Duties,2020-21,https://cag.gov.in/en/audit-report/details/116566,/webroot/uploads/download_audit_report/2021/Report No. 1 of 2021 Govt. of Chhattisgarh_ RS-062e384595d0465.22955897.pdf,,2026-07-22T13:09:26Z,1/2021
Chhattisgarh,"Report No. 2 of 2021 - General, Social & Economic Sectors and Public Sector Undertakings, Government of Chhattisgarh",,Compliance,Industry and Commerce,2018-19,https://cag.gov.in/en/audit-report/details/114084,"/webroot/uploads/download_audit_report/2019/2_ Report No. 2 of 2021- General, Social & Economic Sectors and Public Sector Undertakings, Government of Chhattisgarh-06103f184984008.57613252.pdf",,2026-07-22T13:10:13Z,2/2021
Chhattisgarh,Report No. 3 of 2021 - State Finances Audit Report of the Comptroller and Auditor General of India for the year ended 31 March 2020,,Financial,,2019-20,https://cag.gov.in/en/audit-report/details/114066,/webroot/uploads/download_audit_report/2020/State Finances Audit Report of the Comptroller and Auditor General of India for the year ended 31 March 2020-06103cfbc972f64.63893127.pdf,,2026-07-22T13:10:13Z,3/2021
Chhattisgarh,"Report No.1 of 2020 - Public Sector Undertakings, Government of Chhattisgarh",,Compliance,Power & Energy,2019-20,https://cag.gov.in/en/audit-report/details/110549,/webroot/uploads/download_audit_report/2020/Report_No_1_of_2020_Public_Sector_Undertakings_Government_of_Chhattisgarh.pdf,,2026-07-22T13:11:03Z,1/2020
Chhattisgarh,"Report No.2 of 2020 - State Finances, Government of Chhattisgarh",,Financial,Finance,2019-20,https://cag.gov.in/en/audit-report/details/110527,/webroot/uploads/download_audit_report/2020/Report_No_2_of_2020_State_Finance_Government_of_Chhattisgarh.pdf,,2026-07-22T13:11:03Z,2/2020
Chhattisgarh,"Report No. 2 of 2019 - Revenue Sector, Government of Chhattisgarh",,Financial,Taxes and Duties,2018-19,https://cag.gov.in/en/audit-report/details/59001,/webroot/uploads/download_audit_report/2019/Report_No_2_of_2019_Revenue_Sector_Government_of_Chhattisgarh.pdf,,2026-07-22T13:11:26Z,2/2019
Chhattisgarh,"Report No.1 of 2019 - State Finance, Government of Chhattisgarh",,Financial,Finance,2018-19,https://cag.gov.in/en/audit-report/details/55989,/webroot/uploads/download_audit_report/2019/Report_No_1_of_2019_State_Finance_Government_of_Chhattisgarh.pdf,,2026-07-22T13:11:42Z,1/2019
Chhattisgarh,"Report No.3 of 2018 - General, Social and Economic Sectors, Government of Chhattisgarh",,,General Sector Ministries and Constitutional Bodies,2017-18,https://cag.gov.in/en/audit-report/details/49295,/webroot/uploads/download_audit_report/2018/Report_No_3_of_2018_General_Social_and_Economic_Sectors_Government_of_Chhattisgarh.pdf,,2026-07-22T13:12:14Z,3/2018
Chhattisgarh,"Report No.2 of 2018 - Public Sector Undertakings, Government of Chhattisgarh",,Compliance,General Sector Ministries and Constitutional Bodies,2017-18,https://cag.gov.in/en/audit-report/details/49224,/webroot/uploads/download_audit_report/2018/Report_No_2_of_2018_Public_Sector_Undertakings_Government_of_Chhattisgarh.pdf,,2026-07-22T13:12:14Z,2/2018
Chhattisgarh,"Report No.4 of 2018 - Revenue Sector, Government of Chhattisgarh",,Financial,Taxes and Duties,2017-18,https://cag.gov.in/en/audit-report/details/49067,/webroot/uploads/download_audit_report/2018/Report_No_4_of_2018_Revenue_Sector_Government_of_Chhattisgarh.pdf,,2026-07-22T13:12:14Z,4/2018
Chhattisgarh,Report No.1 of 2018 - State Finances Government of Chhattisgarh,,Financial,Finance,2017-18,https://cag.gov.in/en/audit-report/details/47452,/webroot/uploads/download_audit_report/2018/Report_No_1_of_2018_-_State_Finances_Government_of_Chhattisgarh.pdf,,2026-07-22T13:12:19Z,1/2018
Chhattisgarh,Report 2 of 2017 - General Social Economic Sector Chhattisgarh,,,Social Welfare,2016-17,https://cag.gov.in/en/audit-report/details/29133,/webroot/uploads/download_audit_report/2017/Chhattisgarh_Report_No_2_of_2017_on_GSES.pdf,,2026-07-22T13:13:28Z,
Chhattisgarh,Chhattisgarh Report No 3 of 2016 on State Finances,,Financial,Finance,2016-17,https://cag.gov.in/en/audit-report/details/28958,/webroot/uploads/download_audit_report/2017/Chhattisgarh_Report_No_3_of_2016_on_State_Finances.pdf,,2026-07-22T13:13:28Z,3/2016
Chhattisgarh,Report No 4 of 2016 - Revenue Sector Government of Chhattisgarh,,Financial,Finance,2016-17,https://cag.gov.in/en/audit-report/details/28225,/webroot/uploads/download_audit_report/2017/report_No_4_of_2016_Revenue_Sector_Government_of_Chhattisgarh.pdf,,2026-07-22T13:13:44Z,4/2016
Chhattisgarh,Report No 1 of 2017 Chhattisgarh Public Sector Undertakings,,Compliance,Finance,2016-17,https://cag.gov.in/en/audit-report/details/28211,/webroot/uploads/download_audit_report/2017/Chhattisgarh_Audit_Report_PSUs _2015-16_Report.pdf,,2026-07-22T13:13:44Z,1/2017
Chhattisgarh,"Report No. 1 of the year 2016-Report of The Comptroller and Auditor General of India on General, Social and Economic (Non-PSUs) Sectors for the year 31 March 2015",,Compliance,Environment and Sustainable Development,2015-16,https://cag.gov.in/en/audit-report/details/119543,/webroot/uploads/download_audit_report/2016/Report-No-1-of-the--year-2016_Full-Report-065b753bc92efa1.16939285.pdf,,2026-07-22T13:13:55Z,
Chhattisgarh,"Report No. 1 of the year 2015-Report of The Comptroller and Auditor General of India on General, Social and Economic (Non-PSUs) Sectors for the year 31 March 2014",,Compliance,Social Infrastructure,2014-15,https://cag.gov.in/en/audit-report/details/119552,/webroot/uploads/download_audit_report/2015/Full-Report-no.1-of-the-year-2015-065bca3a8dd9d89.86235664.pdf,,2026-07-22T13:14:57Z,
Chhattisgarh,Report No 3 of 2015 - Revenue Sector Government of Chhattisgarh,,Financial,Taxes and Duties,2014-15,https://cag.gov.in/en/audit-report/details/21460,/webroot/uploads/download_audit_report/2015/Report_No_3_of_2015_Revenue_Sector_Government_of_Chhattisgarh.pdf,,2026-07-22T13:15:10Z,3/2015
Chhattisgarh,Report No 2 of 2015 - Public Sector Undertakings Government of Chhattisgarh,,Compliance,Transport & Infrastructure,2014-15,https://cag.gov.in/en/audit-report/details/21131,/webroot/uploads/download_audit_report/2015/Chhattisgarh_Public_Sector_Undertakings_Report_2_2015.pdf,,2026-07-22T13:15:10Z,2/2015
Chhattisgarh,"Report of 2015 - Compliance, Financial and Performance Audit on State Finances of Government of Chhattisgarh",,Performance,Finance,2014-15,https://cag.gov.in/en/audit-report/details/4540,/webroot/uploads/download_audit_report/2015/Chhattisgarh_SF_2015.pdf,,2026-07-22T13:15:40Z,
Chhattisgarh,Report 3 of 2014 - Report of the comptroller and Auditor General of India on Revenue Sector for the year ended 31 March 2014 - Government of Chhattisgarh,,Financial,Taxes and Duties,2013-14,https://cag.gov.in/en/audit-report/details/4496,/webroot/uploads/download_audit_report/2014/Chhattisgarh_Report_3_2014.pdf,,2026-07-22T13:21:14Z,
Chhattisgarh,Report 2 of 2014 - Report of the Comptroller and Auditor General of India on Public Sector Undertakings for the year ended 31 March 2014 of Government of Chhattisgarh,,Compliance,Finance,2013-14,https://cag.gov.in/en/audit-report/details/4484,/webroot/uploads/download_audit_report/2014/Chhattisgarh_Report_2_2014.pdf,,2026-07-22T13:21:14Z,
Chhattisgarh,"Report 1 of 2014 - Report of the Comptroller and Auditor General of India on General, Social and Economic (non PSUs) sectors for the Year ended 31 March 2013",,Compliance,,2012-13,https://cag.gov.in/en/audit-report/details/4450,/webroot/uploads/download_audit_report/2014/Chhattisgarh_Report_1_2014.pdf,,2026-07-22T13:21:14Z,
Chhattisgarh,"Report No.3 of 2013 - Report of the Comptroller and Auditor General of India on General, Social and Economic (non PSUs) sectors for the Year ended 31 March 2012",,Compliance,,2011-12,https://cag.gov.in/en/audit-report/details/4071,/webroot/uploads/download_audit_report/2013/Chhattisgarh_SF_2012.pdf,,2026-07-22T13:41:42Z,3/2013
Chhattisgarh,"Report of 2012 - Report of the Comptroller and Auditor General of India on Assessment, Levy and Collection of Major and Minor Mineral Receipts on Revenue Sector for the year ended March 2011 - Government of Chhattisgarh",,Financial,Taxes and Duties,2010-11,https://cag.gov.in/en/audit-report/details/4186,/webroot/uploads/download_audit_report/2012/Chhattisgarh_Minor_Mineral_Receipts_2012.pdf,,2026-07-22T13:42:20Z,
Chhattisgarh,Report of 2012 - Report of the Comptroller and Auditor General of India on Revenue Sector for the year ended 31 March 2012 - Government of Chhattisgarh,,Financial,Taxes and Duties,2011-12,https://cag.gov.in/en/audit-report/details/4136,/webroot/uploads/download_audit_report/2012/Chhattisgarh_Revenue_2012.pdf,,2026-07-22T13:42:20Z,
Chhattisgarh,"Report  No. 2 of 2012 - Report of the Comptroller and Auditor General of India on Public sector Undertakings (General, Social, Economic and Revenue Sectors) for the year ended 31 March 2012 of Government of Chhattisgarh",,Compliance,Finance,2011-12,https://cag.gov.in/en/audit-report/details/4099,/webroot/uploads/download_audit_report/2012/Chhattisgarh_Report_2_2012.pdf,,2026-07-22T13:42:20Z,2/2012
Chhattisgarh,"Report of 2011 – Compliance, Financial and Performance Audit on State Finance of Government of Chhattisgarh",,Performance,Finance,2010-11,https://cag.gov.in/en/audit-report/details/4050,/webroot/uploads/download_audit_report/2011/Chhattisgarh_SF_2011.pdf,,2026-07-22T13:43:11Z,
Chhattisgarh,"Report of 2011 – Performance Audit on “Assessment, Levy and Collection of Major and Minor Mineral Receipts”of Government of Chhattisgarh",,Performance,Taxes and Duties,2010-11,https://cag.gov.in/en/audit-report/details/4017,/webroot/uploads/download_audit_report/2011/Chhattishgarh_Major_Minor_Mineral_Receipts_2011.pdf,,2026-07-22T13:43:11Z,
Chhattisgarh,Report of 2011 – Report of the Comptroller and Auditor General of India on Civil & Commercial of Government of Chhattisgarh,,,Finance,2010-11,https://cag.gov.in/en/audit-report/details/3992,/webroot/uploads/download_audit_report/2011/Chhattisgarh_Civil_commercial_2011.pdf,,2026-07-22T13:43:11Z,
Chhattisgarh,Report of 2010 – Compliance and Financial Audit on State Finances of Government of Chhattisgarh,,Financial,Finance,2009-10,https://cag.gov.in/en/audit-report/details/3980,/webroot/uploads/download_audit_report/2010/Chhattisgarh_SF_2010.pdf,,2026-07-22T13:43:58Z,
Chhattisgarh,Report of 2010 - Report of the Comptroller and Auditor General of India Revenue Sector for the year ended 31 March 2010 - Government of Chhattisgarh,,Financial,Taxes and Duties,2009-10,https://cag.gov.in/en/audit-report/details/3961,/webroot/uploads/download_audit_report/2010/Chhattisgarh_Revenue_2010.pdf,,2026-07-22T13:43:58Z,
Chhattisgarh,Report of 2010 - Report of the Comptroller and Auditor General of India on Civil & Commercial of Government of Chhattisgarh,,,Transport & Infrastructure,2009-10,https://cag.gov.in/en/audit-report/details/3915,/webroot/uploads/download_audit_report/2010/Chhattisgarh_Civil_Commercial_2010.pdf,,2026-07-22T13:43:58Z,
Chhattisgarh,Report of 2009 - Compliance and Financial  Audit on State Finance of Government of Chhattisgarh,,Financial,Finance,2008-09,https://cag.gov.in/en/audit-report/details/3880,/webroot/uploads/download_audit_report/2009/Chhatisgarh_SF_2009.pdf,,2026-07-22T13:44:41Z,
Chhattisgarh,Report of 2009 - Report of the Comptroller and Auditor General of India on Revenue Sector for the year ended 31 March 2009 - Government of Chhattisgarh,,Financial,Taxes and Duties,2008-09,https://cag.gov.in/en/audit-report/details/3857,/webroot/uploads/download_audit_report/2009/Chhattisgarh_Revenue_2009.pdf,,2026-07-22T13:44:41Z,
Chhattisgarh,Report of 2009 - Report of the Comptroller and Auditor General of India on Civil & Commercial of Government of Chhattisgarh,,,Transport & Infrastructure,2008-09,https://cag.gov.in/en/audit-report/details/3817,/webroot/uploads/download_audit_report/2009/Chhattisgarh_Civil_Commercial_2009.pdf,,2026-07-22T13:44:41Z,
Delhi,Performance Audit on Functioning of Universities of GNCTD (Report 4 of 2025),,Performance,"Education, Health & Family Welfare",2024-25,https://cag.gov.in/en/audit-report/details/124749,/webroot/uploads/download_audit_report/2025/Report-No.-4-of-2025_University-Report_English_PDF-A-069c2840b2cdab2.33385052.pdf,,2026-07-22T13:04:48Z,
Delhi,Performance Audit on Functioning of Delhi Jal Board (Report 3 of 2025),,Performance,Local Bodies,2024-25,https://cag.gov.in/en/audit-report/details/124748,/webroot/uploads/download_audit_report/2025/Delhi_PA-Report-on-3_DJB_English-069c2836793c603.23213132.pdf,,2026-07-22T13:04:52Z,
Delhi,Report No. 1 of the year 2025 – “State Finances for the year 2023-24”,,Financial,Finance,2023-24,https://cag.gov.in/en/audit-report/details/122219,/webroot/uploads/download_audit_report/2025/SFAR-2023-24-Report-No.-1-of-2025-English-(20-05-2025)-06890a66591e471.14375072.pdf,,2026-07-22T13:05:34Z,
Delhi,"Report No. 2 of the year 2025 - ""Performance Audit on “Welfare of Building and other construction workers”",,Performance,Social Welfare,2024-25,https://cag.gov.in/en/audit-report/details/122209,/webroot/uploads/download_audit_report/2025/Report-No.-2-of-2025_WBOCW-Delhi_English-(26-05-2025)-06890a3413d2de8.61856030.pdf,,2026-07-22T13:05:34Z,
Delhi,Audit Report of the CAG for the year ended 31 March 2022 (Report 5 of 2024),,,Social Welfare,2021-22,https://cag.gov.in/en/audit-report/details/124732,/webroot/uploads/download_audit_report/2024/Report-No.-5-of-2024_Delhi_English-069c2757a899965.36469599.pdf,,2026-07-22T13:05:42Z,
Delhi,State Finance Audit Report for year ended 31 March 2023 (Report 2 of 2024),,Financial,Finance,2022-23,https://cag.gov.in/en/audit-report/details/124720,/webroot/uploads/download_audit_report/2024/SFAR-2022-23_Report-No.-2-of-2024_Delhi-English-(7-6-2024)-069c26c1dd94da9.32710538.pdf,,2026-07-22T13:05:42Z,
Delhi,Report No. 3 of the year 2024 – Performance Audit of ‘Public Health Infrastructure and Management of Health Services’,,Performance,"Education, Health & Family Welfare",2023-24,https://cag.gov.in/en/audit-report/details/121538,/webroot/uploads/download_audit_report/2024/Report-No.-3-of-2024_PA-on-PHIMHS_English-(11-09-2024)-067c186cc63bfb6.16059277.pdf,,2026-07-22T13:06:19Z,
Delhi,Report No.  1 of the year 2024 – Performance Audit on Liquor Supply in Delhi,,Performance,Taxes and Duties,2023-24,https://cag.gov.in/en/audit-report/details/121510,/webroot/uploads/download_audit_report/2024/Report-No.-1-of-2024_PA-on-RSLD_English-(04-03-2024)-067bd6a9cc9e3b0.26750709.pdf,,2026-07-22T13:06:19Z,
Delhi,State Finance Audit Report for year ended 31 March 2022 (Report 2 of 2023),,Financial,Finance,2021-22,https://cag.gov.in/en/audit-report/details/124709,/webroot/uploads/download_audit_report/2023/SFAR-2021-22_Report-No.-2-of-2023_Delhi-English-(08-05-2023)-069c2675935a497.35216903.pdf,,2026-07-22T13:07:07Z,
Delhi,Performance Audit on Children in need of Care and Protection for the Year Ended 31 March 2021. (Report 1 of 2023),,Performance,Social Welfare,2020-21,https://cag.gov.in/en/audit-report/details/124697,/webroot/uploads/download_audit_report/2023/Report-No.-1-of-2023_CNCP_English-_09-02-2023-069c26599054797.71061814.pdf,,2026-07-22T13:07:07Z,
Delhi,"Report of the CAG on Revenue, Economic, Social and General Sectors and PSUs for the year ended 31 March 2020 and 31 March 2021. (Report 3 of 2022)",,,Social Welfare,2019-20,https://cag.gov.in/en/audit-report/details/124690,/webroot/uploads/download_audit_report/2022/Report-No.-3-of-2022_Revenue-PSUs_English_(19-10-2022)-069c260216d4699.36410111.pdf,,2026-07-22T13:07:53Z,
Delhi,State Finance Audit Report for year ended 31 March 2021 (Report 1 of 2022),,Financial,Finance,2020-21,https://cag.gov.in/en/audit-report/details/124673,/webroot/uploads/download_audit_report/2022/SFAR-2020-21_Report-No.-1-of-2022_English-069c255568be051.41375998.pdf,,2026-07-22T13:07:53Z,
Delhi,Performance Audit on “Functioning of Delhi Transport Corporation”,,Performance,Transport & Infrastructure,2021-22,https://cag.gov.in/en/audit-report/details/121774,/webroot/uploads/download_audit_report/2022/Report-No.-4-of-2024_PA-on-DTC_English-(12-11-2024)-067e10cd91087a1.69195313.pdf,,2026-07-22T13:07:57Z,
Delhi,"Report No. 2 of the year 2022 - ""Performance Audit on “Prevention and Mitigation of Vehicular Air Pollution in Delhi”",,Performance,Environment and Sustainable Development,2020-21,https://cag.gov.in/en/audit-report/details/121895,/webroot/uploads/download_audit_report/2021/Report-No.-2-of-2022_Air-Pollution_English_(06-09-2022)-067ebb3e7194629.52600750.pdf,,2026-07-22T13:09:06Z,
Delhi,"Report No.2 of the year 2021 - State Finances Audit Report for the year ended 31 March 2020, Government of National Capital Territory of Delhi",,Financial,Finance,2019-20,https://cag.gov.in/en/audit-report/details/116532,/webroot/uploads/download_audit_report/2021/Report No. 2 of 2021 Govt. of NCT Delhi-062de7290110ed6.20985129.pdf,,2026-07-22T13:09:30Z,
Delhi,"Report No.1 of the year 2021 - Report on Revenue, Economic, Social and General Sectors and PSUs for the year ended 31 March 2019, Government of NCT of Delhi",,,Social Welfare,2018-19,https://cag.gov.in/en/audit-report/details/116433,/webroot/uploads/download_audit_report/2021/Report No. 1 of 2021_RESGS_English-06319800fcd76a2.02958217.pdf,,2026-07-22T13:09:30Z,
Delhi,"Report No. 2 of the year 2020 - State Finances Audit Report, Government of National Capital Territory of Delhi",,Financial,Finance,2019-20,https://cag.gov.in/en/audit-report/details/116415,/webroot/uploads/download_audit_report/2020/SFAR_Report No. 2 of 2020_English_(10-7-2020)-063197c3456f116.85285467.pdf,,2026-07-22T13:10:30Z,
Delhi,"Report No. 1 of the year 2020 - Social, General and Economic Sectors  (Non-Public Sector Undertakings) for the year ended 31 March 2018 Government of NCT of Delhi",,Compliance,Social Infrastructure,2017-18,https://cag.gov.in/en/audit-report/details/116407,/webroot/uploads/download_audit_report/2020/Report No. 1 of 2020_Non-PSUs_English-063197ccaca2440.11910130.pdf,,2026-07-22T13:10:30Z,
Delhi,"Report No. 2 of 2019 - Revenue, Social and Economic Sector (PSUs) Government of NCT of Delhi",,,Finance,2018-19,https://cag.gov.in/en/audit-report/details/55711,"/webroot/uploads/download_audit_report/2019/Report_no_2_of_2019_Revenue,_Social_and_Economic_Sector_(PSUs)_Government_of_NCT_of_Delhi.pdf",,2026-07-22T13:11:42Z,2/2019
Delhi,"Report No.1 of 2019 - State Finance, Government of Delhi",,Financial,Finance,2018-19,https://cag.gov.in/en/audit-report/details/55622,/webroot/uploads/download_audit_report/2019/Report_No_1_of_2019_State_Finance_Government_of_Delhi.pdf,,2026-07-22T13:11:45Z,1/2019
Delhi,"Report No.3 of 2018 - Social, General and Economic Sectors (Non-PSU) Government of Delhi",,Compliance,General Sector Ministries and Constitutional Bodies,2017-18,https://cag.gov.in/en/audit-report/details/43837,"/webroot/uploads/download_audit_report/2018/Report_No_3_of_2018_-_Social,_General_and_Economic_Sectors_(Non-PSU)_Government_of_Delhi.pdf",,2026-07-22T13:12:40Z,3/2018
Delhi,Report No.2 of 2018 - Social and Economic Sectors (PSUs) Government of Delhi,,,General Sector Ministries and Constitutional Bodies,2017-18,https://cag.gov.in/en/audit-report/details/43830,/webroot/uploads/download_audit_report/2018/Report_No_2_of_2018_-_Social_and_Economic_Sectors_(PSUs)_Government_of_Delhi.pdf,,2026-07-22T13:12:45Z,2/2018
Delhi,Report No.1 of 2018 - State Finances Government of Delhi,,Financial,Finance,2017-18,https://cag.gov.in/en/audit-report/details/43822,/webroot/uploads/download_audit_report/2018/Report_No_1_of_2018_-_State_Finances_Government_of_Delhi.pdf,,2026-07-22T13:12:45Z,1/2018
Delhi,"Report 1 of 2017 on Social, General and Economic Sectors of Government of National Capital Territory of Delhi",,,Finance,2016-17,https://cag.gov.in/en/audit-report/details/27556,/webroot/uploads/download_audit_report/2017/Report 1 of 2017 of Non-PSUs of NCT Delhi.pdf,,2026-07-22T13:13:48Z,
Delhi,Report 5 of 2016 - Revenue PSU Economic Service Sector NCT Delhi,,,Finance,2015-16,https://cag.gov.in/en/audit-report/details/27699,/webroot/uploads/download_audit_report/2016/Report  5 of 2016 Revenue PSU NCT Delhi.pdf,,2026-07-22T13:14:08Z,
Delhi,Report 4 of 2016 - State Finance NCT Delhi,,Financial,Finance,2015-16,https://cag.gov.in/en/audit-report/details/27652,/webroot/uploads/download_audit_report/2016/Report  4 of 2016 State Finance NCT Delhi.pdf,,2026-07-22T13:14:08Z,
Delhi,"Report 3 of 2016,  Performance Compliance Audit Social Sector NCT Delhi",,Compliance,Social Infrastructure,2015-16,https://cag.gov.in/en/audit-report/details/27579,/webroot/uploads/download_audit_report/2016/NCT Delhi Perfomance Compliance Social sector  Report 3 of 2016.pdf,,2026-07-22T13:14:08Z,
Delhi,Delhi Non PSU Report No 2 of 2016 - Social General Economic Sector,,Compliance,Social Welfare,2015-16,https://cag.gov.in/en/audit-report/details/22287,/webroot/uploads/download_audit_report/2016/Delhi_Non_PSU_Report_2_2016.pdf,,2026-07-22T13:14:32Z,2/2016
Delhi,Delhi PSUs Report 1 of 2016 - Revenue Social Economic Sectors,,,Finance,2015-16,https://cag.gov.in/en/audit-report/details/22279,"/webroot/uploads/download_audit_report/2016/Report 1 of 2016 - PSUs - Revenue, Social, Economic Sector Government of Delhi.pdf",,2026-07-22T13:14:32Z,
Delhi,Report of the Year 2016 - State Finances National Capital Territory of Delhi,,Financial,Finance,2015-16,https://cag.gov.in/en/audit-report/details/20640,/webroot/uploads/download_audit_report/2016/NCT_of_Delhi_State_Finances_Report_2016.pdf,,2026-07-22T13:14:45Z,
Delhi,Report of 2015 - Financial Audit on State Finance of Government of Delhi,,Financial,,2014-15,https://cag.gov.in/en/audit-report/details/12472,/webroot/uploads/download_audit_report/2015/Delhi_State_Finance_2015.pdf,,2026-07-22T13:15:22Z,
Delhi,Report No. 2 of 2015 - Performance Audit on Social Sector (Non PSUs) of Government of Delhi,,Performance,,2014-15,https://cag.gov.in/en/audit-report/details/12464,/webroot/uploads/download_audit_report/2015/Delhi_Report_2_2015.pdf,,2026-07-22T13:15:22Z,2/2015
Delhi,"Report No. 1 of 2015 - Performance Audit on Revenue Sector and Social, General and Economic Sector (PSUs) of Government of Delhi",,Performance,,2014-15,https://cag.gov.in/en/audit-report/details/12457,/webroot/uploads/download_audit_report/2015/Delhi_Report_1_2015.pdf,,2026-07-22T13:15:22Z,1/2015
Delhi,Report of 2014 - Financial Audit on State Finance of Government of Delhi,,Financial,Finance,2013-14,https://cag.gov.in/en/audit-report/details/1246,/webroot/uploads/download_audit_report/2014/Delhi_State_Finance_2014.pdf,,2026-07-22T13:21:18Z,
Delhi,Report No. 2 of 2014 - Performance and Compliance Audit on Social and Economic Sector Non PSUs of Government of Delhi,,Compliance,Finance,2013-14,https://cag.gov.in/en/audit-report/details/1239,/webroot/uploads/download_audit_report/2014/Delhi_Social_Economic_non_PSUs_report_2_2014.pdf,,2026-07-22T13:21:18Z,2/2014
Delhi,"Report No. 1 of 2014 - Performance Audit on Revenue Sector and Social, General and Economic Sector PSUs of Government of Delhi",,Performance,,2013-14,https://cag.gov.in/en/audit-report/details/1230,/webroot/uploads/download_audit_report/2014/Delhi_Revenu_Social_Economic_report_1_2014.pdf,,2026-07-22T13:21:18Z,1/2014
Delhi,Report of 2013 - Financial Audit on State Finance of Government of Delhi,,Financial,,2012-13,https://cag.gov.in/en/audit-report/details/1213,/webroot/uploads/download_audit_report/2013/Delhi_State_Finance_2013.pdf,,2026-07-22T13:41:55Z,
Delhi,Report No. 2 of 2013 - Performance Audit on Social Sector Non PSUs of Government of Delhi,,Performance,Social Infrastructure,2012-13,https://cag.gov.in/en/audit-report/details/1212,/webroot/uploads/download_audit_report/2013/Delhi_Revenu_Social_nonPSUs_report_2_2013.pdf,,2026-07-22T13:41:55Z,2/2013
Delhi,Report No. 3 of 2013 -  Compliance Audit on Economic sector non PSUs of Government of Delhi,,Compliance,,2012-13,https://cag.gov.in/en/audit-report/details/1206,/webroot/uploads/download_audit_report/2013/Delhi_Revenu_Economic_nonPSUs_report_3_2013.pdf,,2026-07-22T13:41:55Z,3/2013
Delhi,"Report No. 1 of 2013 - Performance Audit on Revenue Sector and Social, General and Economic Sector PSUs of Government of Delhi",,Performance,,2012-13,https://cag.gov.in/en/audit-report/details/1196,/webroot/uploads/download_audit_report/2013/Delhi_Revenu_Social_Economic_report_1_2013.pdf,,2026-07-22T13:41:55Z,1/2013
Delhi,Report of 2011 - Financial Audit on State Finance of Government of Delhi,,Financial,Finance,2010-11,https://cag.gov.in/en/audit-report/details/1173,/webroot/uploads/download_audit_report/2011/Delhi_State_Finance_2011.pdf,,2026-07-22T13:43:14Z,
Delhi,Report of 2011 - Financial Audit on Revenue Receipt of National Capital Territory of Government of Delhi,,Financial,Taxes and Duties,2010-11,https://cag.gov.in/en/audit-report/details/1158,/webroot/uploads/download_audit_report/2011/Delhi_Revenue_2011.pdf,,2026-07-22T13:43:14Z,
Delhi,Report No. 4 of 2011 - Performance and Compliance Audit on Commonwealth Games Government of Delhi,,Compliance,,2010-11,https://cag.gov.in/en/audit-report/details/1132,/webroot/uploads/download_audit_report/2011/Delhi_CWG_2011.pdf,,2026-07-22T13:43:14Z,4/2011
Delhi,Report of 2011 - Performance and Compliance Audit on Civil and Commercial  Public Sector of Government of Delhi,,Compliance,Transport & Infrastructure,2010-11,https://cag.gov.in/en/audit-report/details/1109,/webroot/uploads/download_audit_report/2011/Delhi_Civil_Commercial_2011.pdf,,2026-07-22T13:43:14Z,
Delhi,Report of 2010 - Financial Audit on State Finance of Government of Delhi,,Financial,Finance,2009-10,https://cag.gov.in/en/audit-report/details/1176,/webroot/uploads/download_audit_report/2010/Delhi_State_Finance_2010.pdf,,2026-07-22T13:44:02Z,
Delhi,Report of 2010 - Financial Audit on Revenue Receipt of National Capital Territory of Government of Delhi,,Financial,Taxes and Duties,2009-10,https://cag.gov.in/en/audit-report/details/1151,/webroot/uploads/download_audit_report/2010/Delhi_Revenue_2010.pdf,,2026-07-22T13:44:02Z,
Delhi,Report of 2010 - Performance and Compliance Audit on Civil and Commercial  Public Sector of Government of Delhi,,Compliance,Transport & Infrastructure,2009-10,https://cag.gov.in/en/audit-report/details/1117,/webroot/uploads/download_audit_report/2010/Delhi_Civil_2010.pdf,,2026-07-22T13:44:06Z,
Delhi,Report of 2009 - Financial Audit on State Finance of Government of Delhi,,Financial,Finance,2008-09,https://cag.gov.in/en/audit-report/details/1186,/webroot/uploads/download_audit_report/2009/Delhi_State_Finance_2009.pdf,,2026-07-22T13:44:44Z,
Delhi,Report of 2009 - Financial Audit on Revenue Receipt of National Capital Territory of Government of Delhi,,Financial,Taxes and Duties,2008-09,https://cag.gov.in/en/audit-report/details/1143,/webroot/uploads/download_audit_report/2009/Delhi_Revenue_2009.pdf,,2026-07-22T13:44:44Z,
Delhi,Report of 2009 - Performance and Compliance Audit on Civil and Commercial  Public Sector of Government of Delhi,,Compliance,Transport & Infrastructure,2008-09,https://cag.gov.in/en/audit-report/details/1113,/webroot/uploads/download_audit_report/2009/Delhi_civil_2009.pdf,,2026-07-22T13:44:44Z,
Goa,Government of Goa - Report No. 4 of Year 2025- Compliance Audit Report of C&ampAG for the period ending March 2023,,Compliance,Local Bodies,2024-25,https://cag.gov.in/en/audit-report/details/123865,/webroot/uploads/download_audit_report/2025/CAG-Report-no-04-of-2025_GOA-for-the-period-ended-March-2023-0696a06150a7509.73965789.pdf,,2026-07-22T13:05:03Z,
Goa,Report No. 3 of the year 2025- State Finances Audit Report of the CAG,,Financial,Finance,2024-25,https://cag.gov.in/en/audit-report/details/122272,/webroot/uploads/download_audit_report/2025/Report-No.-3-of-the-year-2025--State-Finances-Audit-Report-of-the-CAG-06895e6a16db738.30539028.pdf,,2026-07-22T13:05:30Z,
Goa,Report No. 2 of 2025 PA on Welfare of Building and Other  Construction Workers in Goa,,Performance,Social Welfare,2024-25,https://cag.gov.in/en/audit-report/details/122261,/webroot/uploads/download_audit_report/2025/Report-No.-2-of-2025-PA-on-BOCW-in-Goa-06895e4ea93a575.23831157.pdf,,2026-07-22T13:05:30Z,2/2025
Goa,Report No. 1 of 2025 of Government of Goa,,,Industry and Commerce,2024-25,https://cag.gov.in/en/audit-report/details/122253,/webroot/uploads/download_audit_report/2025/Report-No.-01-of-2025-of-Governement-of-Goa-06895e166394041.27440687.pdf,,2026-07-22T13:05:30Z,1/2025
Goa,Report No. 4 of the year 2024- Performance Audit on Public Health infrastructure and Management of Health Services in Goa,,Performance,Environment and Sustainable Development,2023-24,https://cag.gov.in/en/audit-report/details/120344,/webroot/uploads/download_audit_report/2024/Report-No.4-Goa---PA-Health-10.07.2024-signed-066b36c03816226.68000584.pdf,,2026-07-22T13:06:45Z,
Goa,Report No. 3 of the year 2024- State Finances Audit Report of the CAG,,Financial,Finance,2023-24,https://cag.gov.in/en/audit-report/details/120334,/webroot/uploads/download_audit_report/2024/Report-No.3-SFAR-Goa---28.06.2024-signed-066b365f989ff78.53218422.pdf,,2026-07-22T13:06:49Z,
Goa,Report No. 2 of the year 2024-Performance Audit of Implementation of 74 Constitutional Amendment Act in Goa,,Performance,Local Bodies,2023-24,https://cag.gov.in/en/audit-report/details/120313,/webroot/uploads/download_audit_report/2024/Report-No.2-GOA--74th-CAA---30.04.2024-signed-066b361b00942c0.98344155.pdf,,2026-07-22T13:06:49Z,
Goa,Report No. 1 of the year 2024- Performance Audit of Implementation of 73 Constitutional Amendment Act in Goa,,Performance,Local Bodies,2023-24,https://cag.gov.in/en/audit-report/details/120312,/webroot/uploads/download_audit_report/2024/Report-No.1-GOA-73rd-CAA---30.04.2024-FINAL-signed-066b36172c3c477.08578168.pdf,,2026-07-22T13:06:49Z,
Goa,Report No.3 of 2023 - Government of Goa,,,Local Bodies,2022-23,https://cag.gov.in/en/audit-report/details/119201,/webroot/uploads/download_audit_report/2023/Report-No.3-Goa-064e2f42580ec01.60088677.pdf,,2026-07-22T13:07:35Z,3/2023
Goa,"Report No.2 of 2023 - State Finances Audit Report, Government of Goa",,Financial,Finance,2022-23,https://cag.gov.in/en/audit-report/details/119191,/webroot/uploads/download_audit_report/2023/SFAR-2023-064e2f090708c21.49507760.pdf,,2026-07-22T13:07:41Z,2/2023
Goa,"Report No.1 of 2023 - State Finances Audit Report, Government of Goa",,Financial,Finance,2022-23,https://cag.gov.in/en/audit-report/details/117923,/webroot/uploads/download_audit_report/2023/SFAR-2020-21_Report-No.-1-of-2023-(21-12-2022)-063c7d62fe56ba0.45934699.pdf,,2026-07-22T13:07:53Z,1/2023
Goa,Report No.1 of 2022 - Government of Goa,,,Finance,2021-22,https://cag.gov.in/en/audit-report/details/116524,/webroot/uploads/download_audit_report/2022/Report No. 1 of 2022_(2019-20)_Goa-062de36d637c304.59459329.pdf,,2026-07-22T13:09:02Z,1/2022
Goa,"Report No. 1 of 2021 - State Finances, Government of Goa",,Financial,Finance,2020-21,https://cag.gov.in/en/audit-report/details/114517,/webroot/uploads/download_audit_report/2021/SFAR 2019-20_Report No. 1 of 2021_(4-10-2021) (1)-0617a8fcb5cafa8.01099312.pdf,,2026-07-22T13:10:04Z,1/2021
Goa,"Report No.1 of 2020 - State Finances, Government of Goa",,Financial,Finance,2019-20,https://cag.gov.in/en/audit-report/details/113119,/webroot/uploads/download_audit_report/2020/Complete Report of SFAR Audit Report 2018-19  Report No.1-06017a076de0660.48315477.pdf,,2026-07-22T13:10:46Z,1/2020
Goa,Report No. 2 of 2020 - Government of Goa,,,Social Welfare,2019-20,https://cag.gov.in/en/audit-report/details/113111,/webroot/uploads/download_audit_report/2020/Complete Audit Report 2018-19 Report No 2-0601793623a7831.32594411.pdf,,2026-07-22T13:10:46Z,2/2020
Goa,Report No.2 of 2019 - Government of Goa,,,Taxes and Duties,2018-19,https://cag.gov.in/en/audit-report/details/57673,/webroot/uploads/download_audit_report/2019/Report_No_2_of_2019_Government_of_Goa.pdf,,2026-07-22T13:11:34Z,2/2019
Goa,"Report No.1 of 2019 - State Finances, Government of Goa",,Financial,Finance,2018-19,https://cag.gov.in/en/audit-report/details/57643,/webroot/uploads/download_audit_report/2019/Report_No_1_of_2019_State_Finances_Government_of_Goa.pdf,,2026-07-22T13:11:34Z,1/2019
Goa,Report No.1 of 2018 - Audit Report for the Period Ended 31 March 2017 Government of Goa,,,,2016-17,https://cag.gov.in/en/audit-report/details/46575,/webroot/uploads/download_audit_report/2018/Report_No_1_of_2018_-_Audit_Report_for_the_Period_Ended_31_March_2017_Government_of_Goa.pdf,,2026-07-22T13:12:23Z,1/2018
Goa,Report No.2 of 2018 - State Finances Government of Goa,,Financial,Finance,2017-18,https://cag.gov.in/en/audit-report/details/46566,/webroot/uploads/download_audit_report/2018/Report_No_2_of_2018_-_State_Finances_Government_of_Goa.pdf,,2026-07-22T13:12:23Z,2/2018
Goa,Report 2016 on Finances of Goa State,,,Finance,2015-16,https://cag.gov.in/en/audit-report/details/24458,/webroot/uploads/download_audit_report/2016/Goa_Report_State_Finances_2016.pdf,,2026-07-22T13:14:20Z,
Goa,Report of 2016 - Performance Audit Government of Goa,,Performance,Social Welfare,2015-16,https://cag.gov.in/en/audit-report/details/24349,/webroot/uploads/download_audit_report/2016/Goa_Report_2016.pdf,,2026-07-22T13:14:20Z,
Goa,Report No.1 of 2015 - Government of Goa,,,Finance,2014-15,https://cag.gov.in/en/audit-report/details/119612,/webroot/uploads/download_audit_report/2015/AR-2013-14-Cover-merged-065cb51e957e6e0.01970705.pdf,,2026-07-22T13:14:57Z,1/2015
Goa,"Report of 2014 - Compliance, Financial and Performance Audit on State Finances of Government of Goa",,Performance,Finance,2013-14,https://cag.gov.in/en/audit-report/details/4746,/webroot/uploads/download_audit_report/2014/Goa_SF_2014.pdf,,2026-07-22T13:21:14Z,
Goa,Report of 2014 - Compliance and Performance Audit  of Government of Goa,,Performance,Finance,2013-14,https://cag.gov.in/en/audit-report/details/4707,/webroot/uploads/download_audit_report/2014/Goa_Civil_2014.pdf,,2026-07-22T13:21:14Z,
Goa,Report of 2012 - Performance Audit on Transactions of Government of Goa,,Performance,Finance,2011-12,https://cag.gov.in/en/audit-report/details/4679,/webroot/uploads/download_audit_report/2012/Goa_Transation_2012.pdf,,2026-07-22T13:42:16Z,
Goa,Report of 2012 - Compliance and Financial Audit on State Finances of Government of Goa,,Financial,,2011-12,https://cag.gov.in/en/audit-report/details/4670,/webroot/uploads/download_audit_report/2012/Goa_SF_2012.pdf,,2026-07-22T13:42:20Z,
Goa,Report of 2011 - Compliance and Financial Audit on State Finances of Government of Goa,,Financial,,2010-11,https://cag.gov.in/en/audit-report/details/4647,/webroot/uploads/download_audit_report/2011/Goa_SF_2011.pdf,,2026-07-22T13:43:03Z,
Goa,Report of 2011 - Performance Audit of Government of Goa,,Performance,Local Bodies,2010-11,https://cag.gov.in/en/audit-report/details/4630,/webroot/uploads/download_audit_report/2011/Goa_Civil_2011.pdf,,2026-07-22T13:43:03Z,
Goa,Report of 2010 - Compliance and Financial Audit on State Finances of Government of Goa,,Financial,,2009-10,https://cag.gov.in/en/audit-report/details/4610,/webroot/uploads/download_audit_report/2010/Goa_SF_2010.pdf,,2026-07-22T13:43:52Z,
Goa,Report of 2010 - Performance Audit of Government of Goa,,Performance,Local Bodies,2009-10,https://cag.gov.in/en/audit-report/details/4598,/webroot/uploads/download_audit_report/2010/Goa_Civil_2010.pdf,,2026-07-22T13:43:52Z,
Goa,Report of 2009 - Compliance and Financial  Audit on State Finance of Government of Goa,,Financial,,2008-09,https://cag.gov.in/en/audit-report/details/4576,/webroot/uploads/download_audit_report/2009/Goa_SF_2009.pdf,,2026-07-22T13:44:37Z,
Goa,Report of 2009 - Performance Audit on Civil & Commercial of Government of Goa,,Performance,Finance,2008-09,https://cag.gov.in/en/audit-report/details/4560,/webroot/uploads/download_audit_report/2009/Goa_civil_2009.pdf,,2026-07-22T13:44:37Z,
Gujarat,Government Of Gujarat Report No 1 of 2026 (Compliance Audit - Civil),,Compliance,,2025-26,https://cag.gov.in/en/audit-report/details/125144,/webroot/uploads/download_audit_report/2026/CAR-Civil-March-2024-(1-of-2026)_English_(1)-069ce372d007920.46909761.pdf,,2026-07-22T13:04:41Z,1/2026
Gujarat,Compliance Audit Report-Civil for the period ended March 2023 (Report No. 5 of 2025),,Compliance,Finance,2022-23,https://cag.gov.in/en/audit-report/details/124959,/webroot/uploads/download_audit_report/2026/Report-No.-5-of-2025-(Civil)-March-2023-English-069c50fe6928003.30688042.pdf,,2026-07-22T13:04:41Z,5/2025
Gujarat,State Finance Audit Report for the year 2024-25 (Report No. 2 of 2026),,Financial,Finance,2024-25,https://cag.gov.in/en/audit-report/details/124958,/webroot/uploads/download_audit_report/2026/English-SFAR-2024-25-069c50935ce13c9.55626515.pdf,,2026-07-22T13:04:45Z,2/2026
Gujarat,Compliance Audit Report for the period ended March 2023 of Government of Gujarat Report No. 04 of 2025 (Compliance Audit – Civil),,Compliance,Social Welfare,2022-23,https://cag.gov.in/en/audit-report/details/125147,/webroot/uploads/download_audit_report/2025/CA-REPORT-no.-4-of-2025-eng-069ce3987c52967.95148291.pdf,,2026-07-22T13:04:45Z,04/2025
Gujarat,Welfare of Building and Other Construction Workers for the period ended March 2022 (Report No. 2 of 2025),,,Social Welfare,2021-22,https://cag.gov.in/en/audit-report/details/123219,/webroot/uploads/download_audit_report/2025/337-Ch-AG-Report-Eng-for-Mail-068c951ab53dca2.52715740.pdf,,2026-07-22T13:05:21Z,2/2025
Gujarat,Performance Audit of Implementation of Pradhan Mantri Khanij Kshetra Kalyan Yojana including District Mineral Foundation Trusts in Gujarat (Report No. 3 of 2025),,Performance,Industry and Commerce,2024-25,https://cag.gov.in/en/audit-report/details/123190,/webroot/uploads/download_audit_report/2025/Report-No.-3-of-2025-PMKKKY-English-068c1209027f760.23212869.pdf,,2026-07-22T13:05:21Z,3/2025
Gujarat,State Finances Audit Report for the year 2023-24 (Report No. 1 of 2025),,Financial,,2023-24,https://cag.gov.in/en/audit-report/details/123187,/webroot/uploads/download_audit_report/2025/Report-No.-1-of-2025-English-SFAR-2023-24-068c11ca17d08b3.79273636.pdf,,2026-07-22T13:05:21Z,1/2025
Gujarat,Implementation of National Social Assistance Programme through Direct Benefit Transfer Scheme (Report No. 03 of 2024),,,Social Welfare,2023-24,https://cag.gov.in/en/audit-report/details/121996,/webroot/uploads/download_audit_report/2024/AG-Report-NSAP-Eng-067f8b2d369c876.27877078.pdf,,2026-07-22T13:06:12Z,03/2024
Gujarat,Public Health Infrastructure and Management of Health Service (Report No. 05 of 2024),,,"Education, Health & Family Welfare",2023-24,https://cag.gov.in/en/audit-report/details/121982,/webroot/uploads/download_audit_report/2024/AG-Report-PHIMS-Eng-067f8b204b96f61.37967228.pdf,,2026-07-22T13:06:12Z,05/2024
Gujarat,Implementation of Integrated Child Development Services Scheme (Report No. 06 of 2024),,,Social Welfare,2023-24,https://cag.gov.in/en/audit-report/details/121973,/webroot/uploads/download_audit_report/2024/ICDS-English-067f8acbab26593.09812951.pdf,,2026-07-22T13:06:12Z,06/2024
Gujarat,Compliance Audit- Civil and Commercial Report for the year ended March 2022(Report No. 04),,Compliance,,2021-22,https://cag.gov.in/en/audit-report/details/121923,/webroot/uploads/download_audit_report/2024/Compliance-Audit-Report-(English)-2019-22-067ece997090496.31698498.pdf,,2026-07-22T13:06:16Z,
Gujarat,Performance Audit of Implementation of Border Area Development Programme (Report No 02 of 2024),,Performance,Social Infrastructure,2023-24,https://cag.gov.in/en/audit-report/details/121917,/webroot/uploads/download_audit_report/2024/Audit-Report-No.-02-of-2024--PA-BADP--English-067ece4044696e7.62685579.pdf,,2026-07-22T13:06:16Z,02/2024
Gujarat,State Finances Audit Report of the Comptroller and Auditor General of India for the year ended 31 March 2023 (2022-23) Government of Gujarat (Report No. 1 of 2024),,Financial,Finance,2022-23,https://cag.gov.in/en/audit-report/details/120434,/webroot/uploads/download_audit_report/2024/SFAR-English_2024-066cd743800e444.16332897.pdf,,2026-07-22T13:06:45Z,1/2024
Gujarat,"Performance Audit of Protection, Conservation and Management of Wildlife Sanctuaries in Gujarat",,Performance,Environment and Sustainable Development,2022-23,https://cag.gov.in/en/audit-report/details/119337,/webroot/uploads/download_audit_report/2023/Full-Report_PA_Wildlife-Sanctuaries_English-06505a95667cb19.11059971.pdf,,2026-07-22T13:07:35Z,
Gujarat,State Finances Audit Report of the Comptroller and Auditor General of India for the year ended 31 March 2022 (2021-22) Government of Gujarat (Report No. 1 of 2023),,Financial,Finance,2021-22,https://cag.gov.in/en/audit-report/details/118585,/webroot/uploads/download_audit_report/2022/English-SFAR-2021-22-pdf_compressed-064240cf6c4ca31.03706085.pdf,,2026-07-22T13:08:28Z,1/2023
Gujarat,Performance Audit of Conservation and Management of Coastal Ecosystems,,Performance,Environment and Sustainable Development,2021-22,https://cag.gov.in/en/audit-report/details/118579,/webroot/uploads/download_audit_report/2022/Report-No.-03-of-2022--Government-of-Gujarat-06424091181f321.44104556.pdf,,2026-07-22T13:08:28Z,
Gujarat,"Report No.1 of 2022-State Finances, Government of Gujarat",,Financial,Finance,2020-21,https://cag.gov.in/en/audit-report/details/115960,/webroot/uploads/download_audit_report/2021/State Finances Audit Report 31 March 2021-0624856c5470463.99903126.pdf,,2026-07-22T13:09:35Z,1/2022
Gujarat,"Report No. 1 of the year 2021 - State Finances Audit Report of the Comptroller and Auditor General of India for the year ended 31 March 2020, Government of Gujarat",,Financial,,2019-20,https://cag.gov.in/en/audit-report/details/114482,/webroot/uploads/download_audit_report/2020/SFAR English 2019-20-06156deacd8a530.37244727.pdf,,2026-07-22T13:10:04Z,
Gujarat,"Report No.1 of 2020-General and Social Sector, Government of Gujarat",,,,2019-20,https://cag.gov.in/en/audit-report/details/112222,/webroot/uploads/download_audit_report/2020/ARG&SS2017-18 Eng-05f8d7b3384edc6.88087550.pdf,,2026-07-22T13:10:53Z,1/2020
Gujarat,"Report No.2 of 2020 - State Finances, Government of Gujarat",,Financial,Finance,2019-20,https://cag.gov.in/en/audit-report/details/112214,/webroot/uploads/download_audit_report/2020/Report No 2 of 2020 - State Finances Audit Report Gujarat-05f8d77c715aff2.30296245.pdf,,2026-07-22T13:10:53Z,2/2020
Gujarat,"Report No.5 of 2020 General and Social Sector, Government of Gujarat",,,,2019-20,https://cag.gov.in/en/audit-report/details/112202,/webroot/uploads/download_audit_report/2020/AG GSS Eng 18-19-FULL_REPORT-05f8d5e095f1e93.70851670.pdf,,2026-07-22T13:10:53Z,5/2020
Gujarat,"Report no. 4 of 2020 - Public Sector Undertakings, Government of Gujarat",,Compliance,Industry and Commerce,2019-20,https://cag.gov.in/en/audit-report/details/112128,/webroot/uploads/download_audit_report/2020/Rep_No_4_2020_PSU_Gujarat-05f808a3f690aa5.14714391.pdf,,2026-07-22T13:10:53Z,4/2020
Gujarat,"Report no.3 of 2020 - Economic and Revenue Sector, Government of Gujarat",,Financial,Taxes and Duties,2019-20,https://cag.gov.in/en/audit-report/details/112116,/webroot/uploads/download_audit_report/2020/Rep_No_3_2020_Rev_Eco_Gujarat-05f808833659149.13383460.pdf,,2026-07-22T13:10:53Z,3/2020
Gujarat,Report no. 4 of 2019 - PSUs Government of Gujarat,,,Power & Energy,2018-19,https://cag.gov.in/en/audit-report/details/87032,/webroot/uploads/download_audit_report/2019/Report_no_4_of_2019_PSU_Government_of_Gujarat.pdf,,2026-07-22T13:11:26Z,4/2019
Gujarat,"Report no. 1 of 2019 - Economic Sector, Government of Gujarat",,,Taxes and Duties,2018-19,https://cag.gov.in/en/audit-report/details/57001,/webroot/uploads/download_audit_report/2019/Report_no_1_of_2019_Economic_Sector_Government_of_Gujarat_resize.pdf,,2026-07-22T13:11:34Z,1/2019
Gujarat,"Report no. 3 of 2019 - Revenue Sector, Government of Gujarat",,Financial,Taxes and Duties,2018-19,https://cag.gov.in/en/audit-report/details/56560,/webroot/uploads/download_audit_report/2019/Report_no_3_of_2019_Revenue_Sector_Government_of_Gujarat.pdf,,2026-07-22T13:11:38Z,3/2019
Gujarat,"Report No.2 of 2019 - State Finances, Government of Gujarat",,Financial,Finance,2018-19,https://cag.gov.in/en/audit-report/details/52383,/webroot/uploads/download_audit_report/2019/Report_No_2_of_2019_State_Finances_Government_of_Gujarat.pdf,,2026-07-22T13:11:50Z,2/2019
Gujarat,Report No.3 of 2018 - Public Sector Undertakings Government of Gujarat,,Compliance,General Sector Ministries and Constitutional Bodies,2017-18,https://cag.gov.in/en/audit-report/details/46963,/webroot/uploads/download_audit_report/2018/Report_No_3_of_2018_-_Public_Sector_Undertakings_Government_of_Gujarat.pdf,,2026-07-22T13:12:23Z,3/2018
Gujarat,Report No.5 of 2018 - Local Bodies Government of Gujarat,,,Local Bodies,2017-18,https://cag.gov.in/en/audit-report/details/46821,/webroot/uploads/download_audit_report/2018/Report_No_5_of_2018_-_Local_Bodies_Government_of_Gujarat.pdf,,2026-07-22T13:12:23Z,5/2018
Gujarat,Report No.4 of 2018 - General and Social Sector Government of Gujarat,,,"Education, Health & Family Welfare",2017-18,https://cag.gov.in/en/audit-report/details/46813,/webroot/uploads/download_audit_report/2018/Report_No_4_of_2018_-_General_and_Social_Sector_Government_of_Gujarat.pdf,,2026-07-22T13:12:23Z,4/2018
Gujarat,Report No.2 of 2018 - State Finances Government of Gujarat,,Financial,,2017-18,https://cag.gov.in/en/audit-report/details/44663,/webroot/uploads/download_audit_report/2018/Report_No2_of_2018_State_Finances_Government_of_Gujarat.pdf,,2026-07-22T13:12:40Z,2/2018
Gujarat,Report No.1 of 2018 - Economic Sector Government of Gujarat,,,,2017-18,https://cag.gov.in/en/audit-report/details/44656,/webroot/uploads/download_audit_report/2018/Report_No1_of_2018_Economic_Sector_Government_of_Gujarat.pdf,,2026-07-22T13:12:40Z,1/2018
Gujarat,Report No.3 of 2017 - Revenue Sector Government of Gujarat,,Financial,,2016-17,https://cag.gov.in/en/audit-report/details/44644,/webroot/uploads/download_audit_report/2017/Report_No3_of_2017_-_Revenue_Sector_Government_of_Gujarat.pdf,,2026-07-22T13:12:59Z,3/2017
Gujarat,Report No 4 of 2016 - Gujarat Revenue Sector,,Financial,Taxes and Duties,2016-17,https://cag.gov.in/en/audit-report/details/28943,/webroot/uploads/download_audit_report/2017/Report_No_4_of_2016_Gujarat_Revenue_Sector.pdf,,2026-07-22T13:13:28Z,4/2016
Gujarat,Report No 1 of 2017 - Public Sector Undertakings Gujarat,,Compliance,General Sector Ministries and Constitutional Bodies,2016-17,https://cag.gov.in/en/audit-report/details/28475,/webroot/uploads/download_audit_report/2017/Gujarat_Report_No_1_of_2017_PSUs.pdf,,2026-07-22T13:13:40Z,1/2017
Gujarat,Report No 5 of 2016 - State Finances Gujarat,,Financial,Finance,2016-17,https://cag.gov.in/en/audit-report/details/28467,/webroot/uploads/download_audit_report/2017/Gujarat Report No 5 of 2016 State Finances.pdf,,2026-07-22T13:13:40Z,5/2016
Gujarat,Report No.7 of 2016 on General and Social Sector of Government of Gujarat,,,Social Welfare,2015-16,https://cag.gov.in/en/audit-report/details/107129,/webroot/uploads/download_audit_report/2016/6-Report-No.7-of-2016-AR_Gen_2015-16-0641d7b009035e6.76782864.pdf,,2026-07-22T13:13:55Z,7/2016
Gujarat,Report No 2 of 2016 - General and Social Sector Government of Gujarat,,,Taxes and Duties,2015-16,https://cag.gov.in/en/audit-report/details/20802,/webroot/uploads/download_audit_report/2016/Gujarat_General_and_Social_Sector_Report_2_ 2016.pdf,,2026-07-22T13:14:41Z,2/2016
Gujarat,Report of the Year 2015 - State Finances Government of Gujarat,,Financial,Finance,2015-16,https://cag.gov.in/en/audit-report/details/20768,/webroot/uploads/download_audit_report/2016/Gujarat_State_Finances_Report_2015.pdf,,2026-07-22T13:14:45Z,
Gujarat,Report No 1 of 2016 - Public Sector Undertakings Government of Gujarat,,Compliance,Finance,2015-16,https://cag.gov.in/en/audit-report/details/20759,/webroot/uploads/download_audit_report/2016/Gujarat_ Public_Sector_Undertakings_Report_1_2016.pdf,,2026-07-22T13:14:45Z,1/2016
Gujarat,Report No 5 of 2015 - Economic Sector Government of Gujarat,,,Finance,2014-15,https://cag.gov.in/en/audit-report/details/20776,/webroot/uploads/download_audit_report/2015/Gujarat_Economic_Sector_Report_5_2015.pdf,,2026-07-22T13:15:10Z,5/2015
Gujarat,Report No 4 of 2015 - Revenue Sector Government of Gujarat,,Financial,Taxes and Duties,2014-15,https://cag.gov.in/en/audit-report/details/20716,/webroot/uploads/download_audit_report/2015/Gujarat_Revenue_Sector_Report_4_2015_1.pdf,,2026-07-22T13:15:10Z,4/2015
Gujarat,Report No. 7 of 2015 - Compliance and Performance on Revenue Sector of Government of Gujarat,,Financial,Taxes and Duties,2014-15,https://cag.gov.in/en/audit-report/details/5887,/webroot/uploads/download_audit_report/2015/Gujarat_Report_7_2015.pdf,,2026-07-22T13:15:36Z,7/2015
Gujarat,Report No. 6 of 2015 - Compliance and Performance on General and Social Sector of Government of Gujarat,,,,2014-15,https://cag.gov.in/en/audit-report/details/5824,/webroot/uploads/download_audit_report/2015/Gujarat_Report_6_2015.pdf,,2026-07-22T13:15:36Z,6/2015
Gujarat,Report No. 2 of 2015 - Financial Audit on Public Sector Undertakings of Government of Gujarat,,Financial,Transport & Infrastructure,2014-15,https://cag.gov.in/en/audit-report/details/5784,/webroot/uploads/download_audit_report/2015/Gujarat_Report_2_2015.pdf,,2026-07-22T13:15:36Z,2/2015
Gujarat,Report No. 1 of 2015 - Compliance and Performance Audit on Economic Sector of Government of Gujarat,,Performance,Finance,2014-15,https://cag.gov.in/en/audit-report/details/5754,/webroot/uploads/download_audit_report/2015/Gujarat_Report_1_2015.pdf,,2026-07-22T13:15:36Z,1/2015
Gujarat,"Report of 2015 - Compliance, Financial and Performance Audit on State Finances of Government of Gujarat",,Performance,Finance,2014-15,https://cag.gov.in/en/audit-report/details/5690,/webroot/uploads/download_audit_report/2015/Gujarat_SF_2015.pdf,,2026-07-22T13:15:40Z,
Gujarat,Report No. 4 of 2014 - Compliance and Performance Audit on Economic Sector of Government of Gujarat,,Performance,Finance,2013-14,https://cag.gov.in/en/audit-report/details/5651,/webroot/uploads/download_audit_report/2014/Gujarat_Report_4_2014.pdf,,2026-07-22T13:21:06Z,4/2014
Gujarat,Report No. 3 of 2014 - Financial Audit on Public Sector Undertakings of Government of Gujarat,,Financial,Transport & Infrastructure,2013-14,https://cag.gov.in/en/audit-report/details/5572,/webroot/uploads/download_audit_report/2014/Gujarat_Report_3_2014.pdf,,2026-07-22T13:21:06Z,3/2014
Gujarat,Report No. 2 of 2014 - Compliance and Performance Audit on General and Social Sector of Government of Gujarat,,Performance,"Art, Culture and Sports",2013-14,https://cag.gov.in/en/audit-report/details/5508,/webroot/uploads/download_audit_report/2014/Gujarat_Report_2_2014.pdf,,2026-07-22T13:21:10Z,2/2014
Gujarat,Report No. 1 of 2014 - Financial and Performance Audit on Revenue Sectors of Government of Gujarat,,Performance,Taxes and Duties,2013-14,https://cag.gov.in/en/audit-report/details/5447,/webroot/uploads/download_audit_report/2014/Gujarat_Report_1_2014.pdf,,2026-07-22T13:21:10Z,1/2014
Gujarat,Report of 2014 - Financial Audit on State Finance of Government of Gujarat,,Financial,Finance,2013-14,https://cag.gov.in/en/audit-report/details/628,/webroot/uploads/download_audit_report/2014/Gujarat_state_finance_report_2014.pdf,,2026-07-22T13:21:18Z,
Gujarat,Report No. 3 of 2013 - Compliance Audit on Economic Sectors of Government of Gujarat,,Compliance,Finance,2012-13,https://cag.gov.in/en/audit-report/details/5437,/webroot/uploads/download_audit_report/2013/Gujarat_Report_3_2013.pdf,,2026-07-22T13:31:22Z,3/2013
Gujarat,Report No. 2 of 2013 - Performance Audit on Revenue Receipts of Government of Gujarat,,Performance,Taxes and Duties,2012-13,https://cag.gov.in/en/audit-report/details/5425,/webroot/uploads/download_audit_report/2013/Gujarat_Report_2_2013.pdf,,2026-07-22T13:31:22Z,2/2013
Gujarat,Report No. 1 of 2013 - Financial and Performance Audit on Public Sector Undertakings of Government of Gujarat,,Performance,Transport & Infrastructure,2012-13,https://cag.gov.in/en/audit-report/details/5415,/webroot/uploads/download_audit_report/2013/Gujarat_Report_1_2013.pdf,,2026-07-22T13:31:22Z,1/2013
Gujarat,Report No. 4 of 2013 - Compliance and Performance Audit on General and Social Sector of Government of Gujarat,,Performance,"Art, Culture and Sports",2012-13,https://cag.gov.in/en/audit-report/details/5403,/webroot/uploads/download_audit_report/2013/Gujarat_Report_4_2013.pdf,,2026-07-22T13:31:22Z,4/2013
Gujarat,Report 1 of 2012 - Performance and Financial Audit on Public Sector Undertakings of Government of Gujarat,,Financial,Transport & Infrastructure,2012-13,https://cag.gov.in/en/audit-report/details/5199,/webroot/uploads/download_audit_report/2013/Gujarat_Report_1_2012.pdf,,2026-07-22T13:31:22Z,
Gujarat,Report 4 of 2012 - Compliance and Performance Audit on General and Economic Sector of Government of Gujarat,,Performance,Social Welfare,2011-12,https://cag.gov.in/en/audit-report/details/5361,/webroot/uploads/download_audit_report/2012/Gujarat_Report_4_2012.pdf,,2026-07-22T13:42:16Z,
Gujarat,Report 3 of 2012 - Compliance and Financial Audit on Economic Sector of Government of Gujarat,,Financial,,2011-12,https://cag.gov.in/en/audit-report/details/5299,/webroot/uploads/download_audit_report/2012/Gujarat_Report_3_2012.pdf,,2026-07-22T13:42:16Z,
Gujarat,Report 2 of 2012 - Performance Audit on Revenue Receipts of Government of Gujarat,,Performance,,2011-12,https://cag.gov.in/en/audit-report/details/5228,/webroot/uploads/download_audit_report/2012/Gujarat_Report_2_2012.pdf,,2026-07-22T13:42:16Z,
Gujarat,Report of 2012 - Compliance and Financial Audit on State Finances of Government of Gujarat,,Financial,Finance,2011-12,https://cag.gov.in/en/audit-report/details/5166,/webroot/uploads/download_audit_report/2012/Gujarat_SF_2012.pdf,,2026-07-22T13:42:16Z,
Gujarat,Report of 2011 - Performance Audit on Revenue of Government of Gujarat,,Performance,Taxes and Duties,2011-12,https://cag.gov.in/en/audit-report/details/5092,/webroot/uploads/download_audit_report/2012/Gujarat_Revenue_2011.pdf,,2026-07-22T13:42:16Z,
Gujarat,Report of 2011 - Performance Audit on Commercial of Government of Gujarat,,Performance,Transport & Infrastructure,2011-12,https://cag.gov.in/en/audit-report/details/5075,/webroot/uploads/download_audit_report/2012/Gujarat_Commercial_2011.pdf,,2026-07-22T13:42:16Z,
Gujarat,Report of 2011 - Compliance and Financial Audit on State Finance of Government of Gujarat,,Financial,Finance,2010-11,https://cag.gov.in/en/audit-report/details/5131,/webroot/uploads/download_audit_report/2011/Gujarat_SF_2011.pdf,,2026-07-22T13:43:00Z,
Gujarat,Report of 2011 - Performance Audit on Civil of Government of Gujarat,,Performance,Transport & Infrastructure,2010-11,https://cag.gov.in/en/audit-report/details/5013,/webroot/uploads/download_audit_report/2011/Gujarat_Civil_2011.pdf,,2026-07-22T13:43:00Z,
Gujarat,Report of 2010 - Financial Audit on Revenue of Government of Gujarat,,Financial,Taxes and Duties,2010-11,https://cag.gov.in/en/audit-report/details/4921,/webroot/uploads/download_audit_report/2011/Gujarat_Revenue_2010.pdf,,2026-07-22T13:43:00Z,
Gujarat,Report of 2010 - Financial Audit on Commercial of Government of Gujarat,,Financial,Transport & Infrastructure,2010-11,https://cag.gov.in/en/audit-report/details/4862,/webroot/uploads/download_audit_report/2011/Gujarat_Commercial_2010.pdf,,2026-07-22T13:43:03Z,
Gujarat,Report of 2010 - Compliance and Financial Audit on State Finances of Government of Gujarat,,Financial,Finance,2009-10,https://cag.gov.in/en/audit-report/details/4974,/webroot/uploads/download_audit_report/2010/Gujarat_SF_2010.pdf,,2026-07-22T13:43:49Z,
Gujarat,Report of 2010 - Performance Audit on Civil of Government of Gujarat,,Performance,Science and Technology,2009-10,https://cag.gov.in/en/audit-report/details/4794,/webroot/uploads/download_audit_report/2010/Gujarat_Civil_2010.pdf,,2026-07-22T13:43:52Z,
Gujarat,Report of 2009 - Financial Audit on Commercial of Government of Gujarat,,Financial,Transport & Infrastructure,2009-10,https://cag.gov.in/en/audit-report/details/4655,/webroot/uploads/download_audit_report/2010/Gujarat_Commercial_2009.pdf,,2026-07-22T13:43:52Z,
Gujarat,Report of 2009 - Compliance and Financial  Audit on State Finance of Government of Gujarat,,Financial,Finance,2008-09,https://cag.gov.in/en/audit-report/details/4783,/webroot/uploads/download_audit_report/2009/Gujarat_SF_2009.pdf,,2026-07-22T13:44:37Z,
Gujarat,Report of 2009 - Financial Audit on Revenue of Government of Gujarat,,Financial,Taxes and Duties,2008-09,https://cag.gov.in/en/audit-report/details/4733,/webroot/uploads/download_audit_report/2009/Gujarat_Revenue_2009.pdf,,2026-07-22T13:44:37Z,
Gujarat,Report of 2009 - Performance Audit on Civil of Government of Gujarat,,Performance,Environment and Sustainable Development,2008-09,https://cag.gov.in/en/audit-report/details/4606,/webroot/uploads/download_audit_report/2009/Gujarat_Civil_2009.pdf,,2026-07-22T13:44:37Z,
Haryana,"Report of the Comptroller and Auditor General of India for the period ended March 2023 (Compliance Audit-Civil, Revenue and Commercial Government of Haryana Report No. 3 of 2025)",,Compliance,Taxes and Duties,2022-23,https://cag.gov.in/en/audit-report/details/124241,/webroot/uploads/download_audit_report/2025/Report-No-3-of-2025-Haryana-English---13-01-2026-signed-069aac3830a3120.72272611.pdf,,2026-07-22T13:05:00Z,3/2025
Haryana,State Finances Audit Report of the Comptroller and Auditor General of India for the year ended 31 March 2024 (Report No. 1 of 2025),,Financial,Finance,2023-24,https://cag.gov.in/en/audit-report/details/123117,/webroot/uploads/download_audit_report/2025/1.-Haryana-SFAR-Report-No1_English-068b5766874b161.27079471.pdf,,2026-07-22T13:05:26Z,1/2025
Haryana,Report of the Comptroller and Auditor General of India on Composite Audit Report--Civil and PSUs  for the year ended March 2022  (Government of Haryana Report No. 2 of 2025),,Compliance,Social Welfare,2021-22,https://cag.gov.in/en/audit-report/details/123094,/webroot/uploads/download_audit_report/2025/Haryana-Report-No2-English-068b56e061673f1.41953240.pdf,,2026-07-22T13:05:26Z,2/2025
Haryana,Report of the Comptroller and Auditor General of India on Compliance Audit Report II  for the year ended March 2022  (Government of Haryana Report No. 3 of 2024),,Compliance,Taxes and Duties,2021-22,https://cag.gov.in/en/audit-report/details/121683,/webroot/uploads/download_audit_report/2024/Haryana-Report-No.3-English-15.11.2024-signed-067cedd74db4cb9.41948945.pdf,,2026-07-22T13:06:19Z,3/2024
Haryana,Report of the Comptroller and Auditor General of India Performance Audit on Public Health Infrastructure and Management of Health Services-Government of Haryana (Report No. 2 of the year 2024),,Performance,"Education, Health & Family Welfare",2023-24,https://cag.gov.in/en/audit-report/details/120824,/webroot/uploads/download_audit_report/2024/English_Final_Haryana-Report-No2-06734a09867e211.27299110.pdf,,2026-07-22T13:06:33Z,
Haryana,State Finances Audit Report of the Comptroller and Auditor General of India for the year ended 31 March 2023 (Report No. 1 of 2024),,Financial,Finance,2022-23,https://cag.gov.in/en/audit-report/details/120823,/webroot/uploads/download_audit_report/2024/Report-No-1-SFAR-2022-23-English-PDF-067349f3f94fc93.90697048.pdf,,2026-07-22T13:06:33Z,1/2024
Haryana,Performance Audit of Rural and Urban Water Supply Schemes of the Report of the Comptroller and Auditor General of India for the year ended 31 March 2021-Government of Haryana (Report No. 3 of the year 2023),,Performance,"Education, Health & Family Welfare",2020-21,https://cag.gov.in/en/audit-report/details/119234,/webroot/uploads/download_audit_report/2023/ENG_Complete_Report-No.3-Haryana_31.08.2023-064f0590172fe46.78486641.pdf,,2026-07-22T13:07:35Z,
Haryana,Report No. 2 of the year 2023:- State Finances Audit Report of the Comptroller and Auditor General of India for the year ended 31 March 2022,,Financial,Finance,2021-22,https://cag.gov.in/en/audit-report/details/118432,/webroot/uploads/download_audit_report/2023/SFAR-English-Report-0641da0f77f58b5.14430619.pdf,,2026-07-22T13:07:50Z,
Haryana,Report No. 1 of the year 2023:- Compliance Audit Report-2 for the year ended 31 March 2021,,Compliance,Social Welfare,2020-21,https://cag.gov.in/en/audit-report/details/118422,/webroot/uploads/download_audit_report/2023/CAR-2_2020-21_ENG_Report-No.1-of-2023-0641d9dc88d8846.67736489.pdf,,2026-07-22T13:07:50Z,
Haryana,Report no. 6 of the Year 2022  on Functioning of Haryana Power Generation  Corporation Limited (Government of Haryana),,,Power & Energy,2021-22,https://cag.gov.in/en/audit-report/details/116964,/webroot/uploads/download_audit_report/2022/Report No. 6 of 2022_HPGCL_English_GoHR-062f3af742ad570.37559882.pdf,,2026-07-22T13:08:54Z,
Haryana,"Report No. 7 of 2022 on Compliance Audit of  Energy & Power, Industries & Commerce and  Urban Development clusters  for the year ended 31 March 2021(Government Of Haryana)",,Compliance,Power & Energy,2020-21,https://cag.gov.in/en/audit-report/details/116946,/webroot/uploads/download_audit_report/2022/Report No. 7 of 2022_Compliance Audit_English_GoHR-062f3aa13c838b0.19839844.pdf,,2026-07-22T13:08:54Z,7/2022
Haryana,Report No. 4 of the year 2022 on Performance Audit on Functioning of Transport Department (Government Of Haryana),,Performance,Transport & Infrastructure,2021-22,https://cag.gov.in/en/audit-report/details/116867,/webroot/uploads/download_audit_report/2022/Report No. 4 of 2022_PA on FoTD_English_(9-4-2022)-062f35bc84209d0.87039358.pdf,,2026-07-22T13:08:58Z,
Haryana,Report No. 3 of the year 2022 on State Finances Audit Report for the year ended 31 March 2021 (Government of Haryana),,Financial,Finance,2020-21,https://cag.gov.in/en/audit-report/details/116857,/webroot/uploads/download_audit_report/2022/SFAR 2020-21_Report No. 3 of 2022_English_GoH-062f35915880ea8.30611869.pdf,,2026-07-22T13:08:58Z,
Haryana,Report No. 5 of the year 2022 on Revenue Sector for the year ended 31 March 2021 (Government of Haryana),,Financial,Taxes and Duties,2020-21,https://cag.gov.in/en/audit-report/details/116848,/webroot/uploads/download_audit_report/2022/Report No. 5 of 2022_Revenue 2020-21_English_GoHR_(04-07-2022)-062f353b2ac8e65.65743979.pdf,,2026-07-22T13:08:58Z,
Haryana,Performance Audit on Direct Benefit Transfer (Report No. 2 of the year 2022),,Performance,Finance,2021-22,https://cag.gov.in/en/audit-report/details/116838,/webroot/uploads/download_audit_report/2022/Report No. 2 of 2022_DBT_HR_English_GoH-062f35279d63899.11460146.pdf,,2026-07-22T13:08:58Z,
Haryana,Performance Audit of Efficacy of Implementation of 74th Constitutional Amendment Act (Report No. 1 of 2022),,Performance,Local Bodies,2021-22,https://cag.gov.in/en/audit-report/details/115602,/webroot/uploads/download_audit_report/2022/Report No. 1 of 2022_74th CAA_English-06239c5818ed909.15885987.pdf,,2026-07-22T13:09:06Z,1/2022
Haryana,"Report No. 4 of the year 2021 Compliance Audit of  Social, General and Economic Sectors for the year ended 31 March 2020 (Government of Haryana)",,Compliance,"Education, Health & Family Welfare",2019-20,https://cag.gov.in/en/audit-report/details/115702,/webroot/uploads/download_audit_report/2021/Report No. 4 of 2021 Govt. of Haryana_CA-0624d3e7ae48345.86563131.pdf,,2026-07-22T13:09:39Z,
Haryana,Report No.1 of the year 2021-State Finances Audit Report for the year ended 31 March 2020 (Government of Haryana),,Financial,Finance,2019-20,https://cag.gov.in/en/audit-report/details/114988,/webroot/uploads/download_audit_report/2020/Report No. 1 of 2021_SFAR 2019-20_HR_English-061bca1ea0d7940.30131152.pdf,,2026-07-22T13:09:48Z,
Haryana,Report No. 2 of the year 2021 on revenue sector for the year ended 31 March 2020 (Government of Haryana),,Financial,Taxes and Duties,2019-20,https://cag.gov.in/en/audit-report/details/114967,/webroot/uploads/download_audit_report/2020/Report No. 2 of 2021_Revenue 2019-20_English-061bc9bc21bcf02.04837208.pdf,,2026-07-22T13:09:48Z,
Haryana,Report No. 3 of the year 2021 General Purpose Financial Report of State Public Sector Enterprises(Government of Haryana),,Financial,Finance,2019-20,https://cag.gov.in/en/audit-report/details/114927,/webroot/uploads/download_audit_report/2020/Report No. 3 of 2021_GPFR 2019-20_English-061bc9341981741.58803010.pdf,,2026-07-22T13:09:48Z,
Haryana,"Report no. 2 of 2020 - Public Sector Undertakings (Social, General and Economic Sectors) Government of Haryana",,Compliance,Industry and Commerce,2018-19,https://cag.gov.in/en/audit-report/details/113284,/webroot/uploads/download_audit_report/2019/Report No. 2 of 2020_PSUs_English_(2018-19)-06042254e34a6f0.13893100.pdf,,2026-07-22T13:10:46Z,2/2020
Haryana,"Report No.1 of 2020 - State Finances, Government of Haryana",,Financial,Finance,2019-20,https://cag.gov.in/en/audit-report/details/110443,/webroot/uploads/download_audit_report/2020/Report_No_1_of_2020_State_Finances_Government_of_Haryana.pdf,,2026-07-22T13:11:03Z,1/2020
Haryana,"Report No. 3 of 2020  Non-Public Sector Undertakings (Social, General and Economic Sectors)",,Compliance,Environment and Sustainable Development,2018-19,https://cag.gov.in/en/audit-report/details/113380,/webroot/uploads/download_audit_report/2019/Report No. 3 of 2020_N-PSUs_English_2018-19-06050acc3c76178.26470394.pdf,,2026-07-22T13:11:18Z,3/2020
Haryana,"Report No. 4 of  2020 - Revenue Sector, Government of Haryana",,Financial,Taxes and Duties,2018-19,https://cag.gov.in/en/audit-report/details/113356,/webroot/uploads/download_audit_report/2019/Report No. 4 of 2020_Revenue_2018-19_English_HR-060509af60bc1f4.09937247.pdf,,2026-07-22T13:11:22Z,4/2020
Haryana,"Report No.4 of 2019 - Revenue Sector, Government of Haryana",,Financial,Taxes and Duties,2018-19,https://cag.gov.in/en/audit-report/details/55758,/webroot/uploads/download_audit_report/2019/Report_No_4_of_2019_Revenue_Sector_Government_of_Haryana.pdf,,2026-07-22T13:11:42Z,4/2019
Haryana,"Report no. 2 of 2019 - PSUs (Social, General and Economic Sectors) Government of Haryana",,Compliance,Social Infrastructure,2018-19,https://cag.gov.in/en/audit-report/details/55745,/webroot/uploads/download_audit_report/2019/Report no. 2 of 2019_PSUs_eng-060cc8b0aee2619.71393308.pdf,,2026-07-22T13:11:42Z,2/2019
Haryana,"Report no. 3 of 2019 - Social, General and Economic Sector (Non-PSU) Government of Haryana",,Compliance,Taxes and Duties,2018-19,https://cag.gov.in/en/audit-report/details/55732,/webroot/uploads/download_audit_report/2019/Report_no_3_of_2019_Social_General_and_Economic_Sector_(Non_PSU)_Government_of_Haryana.pdf,,2026-07-22T13:11:42Z,3/2019
Haryana,"Report No.1 of 2019 - State Finances, Government of Haryana",,Financial,Finance,2018-19,https://cag.gov.in/en/audit-report/details/52512,/webroot/uploads/download_audit_report/2019/Report_No_1_of_2019_State_Finances_Government_of_Haryana.pdf,,2026-07-22T13:11:50Z,1/2019
Haryana,Report No.3 of 2017 - Revenue Sector Government of Haryana,,Financial,Taxes and Duties,2016-17,https://cag.gov.in/en/audit-report/details/43970,/webroot/uploads/download_audit_report/2017/Report_No_3_of_2017_-_ Revenue_Sector_Government_of_ Haryana.pdf,,2026-07-22T13:13:03Z,3/2017
Haryana,"Report No.5 of 2017 – Social,General and Economic SectorsGovernment of Haryana",,,Local Bodies,2016-17,https://cag.gov.in/en/audit-report/details/43861,/webroot/uploads/download_audit_report/2017/Report_No_5_of_2017_–_Social_General_and_Economic_Sector_Government_of_Haryana.pdf,,2026-07-22T13:13:03Z,5/2017
Haryana,Report No.4 of 2017 - State Finances Government of Haryana,,Financial,Finance,2016-17,https://cag.gov.in/en/audit-report/details/43804,/webroot/uploads/download_audit_report/2017/Report_No_4_of_2017_State_Finances_Government_of_ Haryana_4.pdf,,2026-07-22T13:13:07Z,4/2017
Haryana,Report No.2 of 2017 - Public Sector Undertakings Government of Haryana,,Compliance,General Sector Ministries and Constitutional Bodies,2016-17,https://cag.gov.in/en/audit-report/details/43384,/webroot/uploads/download_audit_report/2017/Report no. 2 of 2017- PSU - Haryana-060b5fde6ec74f9.72351944.pdf,,2026-07-22T13:13:07Z,2/2017
Haryana,Report No 6 of 2016 - Public Sector Undertakings Haryana,,Compliance,General Sector Ministries and Constitutional Bodies,2016-17,https://cag.gov.in/en/audit-report/details/28145,/webroot/uploads/download_audit_report/2017/Haryana_Report_No_6_of_2016_PSUs.pdf,,2026-07-22T13:13:44Z,6/2016
Haryana,"Haryana Report 1 of 2017 Non-PSUs Social, General and Economic Sectors",,Compliance,Social Welfare,2016-17,https://cag.gov.in/en/audit-report/details/27510,/webroot/uploads/download_audit_report/2017/Haryana_Report_1_of_2017_Non_PSUs_SGE_Sectors.pdf,,2026-07-22T13:13:48Z,
Haryana,Report 5 of 2016 - Revenue Sector Haryana,,Financial,Taxes and Duties,2015-16,https://cag.gov.in/en/audit-report/details/27828,/webroot/uploads/download_audit_report/2016/Report_5_of_2016_Haryana_Revenue_Sector.pdf,,2026-07-22T13:14:08Z,
Haryana,Report 4 of 2016 - State Finances Haryana,,Financial,Finance,2015-16,https://cag.gov.in/en/audit-report/details/27789,/webroot/uploads/download_audit_report/2016/Haryana_Report_4_of_2016_State_Finances.pdf,,2026-07-22T13:14:08Z,
Haryana,Report No 3 of 2016 - Social General and Economic Sectors Non-PSU Government of Haryana,,Compliance,Environment and Sustainable Development,2015-16,https://cag.gov.in/en/audit-report/details/20525,/webroot/uploads/download_audit_report/2016/Haryana_ Social_General_and_Economic_Sectors_Non_PSU_Report_3_2016.pdf,,2026-07-22T13:14:45Z,3/2016
Haryana,Report No 1 of 2016 - Revenue Sector Government of Haryana,,Financial,Taxes and Duties,2015-16,https://cag.gov.in/en/audit-report/details/20352,/webroot/uploads/download_audit_report/2016/Haryana_Revenue_Sector_Report_1_2016.pdf,,2026-07-22T13:14:45Z,1/2016
Haryana,Report No 2 of 2016 - Public Sector Undertakings Government of Haryana,,Compliance,Power & Energy,2015-16,https://cag.gov.in/en/audit-report/details/20341,/webroot/uploads/download_audit_report/2016/Report_No_2_of_2016_-_Public_Sector_Undertakings_Government_of_Haryana.pdf,,2026-07-22T13:14:49Z,2/2016
Haryana,Report of 2015 - State Finance Government of Haryana,,Financial,Finance,2014-15,https://cag.gov.in/en/audit-report/details/20516,/webroot/uploads/download_audit_report/2015/Haryana_State_Finance_Report_2015.pdf,,2026-07-22T13:15:14Z,
Haryana,Report No. 3 of 2015 - Compliance on Revenue Sector of Government of Haryana,,Financial,Taxes and Duties,2014-15,https://cag.gov.in/en/audit-report/details/5178,/webroot/uploads/download_audit_report/2015/Haryana_Report_3_2015.pdf,,2026-07-22T13:15:40Z,3/2015
Haryana,"Report No. 2 of 2015 - Compliance and Performance Audit on Social, General and Economic Sectors (Non Public Sector Undertakings) of Government of Haryana",,Performance,Finance,2014-15,https://cag.gov.in/en/audit-report/details/5163,/webroot/uploads/download_audit_report/2015/Haryana_Report_2_2015.pdf,,2026-07-22T13:15:40Z,2/2015
Haryana,"Report No. 1 of 2015 - Compliance, Financial and Performance Audit on  Economic and Social Sectors (Public Sector Undertakings) of Government of Haryana",,Performance,Finance,2014-15,https://cag.gov.in/en/audit-report/details/5151,/webroot/uploads/download_audit_report/2015/Haryana_Report_1_2015.pdf,,2026-07-22T13:15:40Z,1/2015
Haryana,"Report of 2015 - Compliance, Financial and Performance Audit on State Finances of Government of Haryana",,Performance,Finance,2014-15,https://cag.gov.in/en/audit-report/details/5136,/webroot/uploads/download_audit_report/2015/Haryana_SF_2015.pdf,,2026-07-22T13:15:40Z,
Haryana,"Report of 2014 - Compliance, Financial and Performance Audit on State Finances of Government of Haryana",,Performance,Finance,2013-14,https://cag.gov.in/en/audit-report/details/5123,/webroot/uploads/download_audit_report/2014/Haryana_SF_2014.pdf,,2026-07-22T13:21:10Z,
Haryana,"Report No. 2 of 2014 - Performance Audit on Social, General and Economic Sectors (Non-Public Sector Undertakings) of Government of Haryana",,Performance,Finance,2013-14,https://cag.gov.in/en/audit-report/details/5110,/webroot/uploads/download_audit_report/2014/Haryana_Report_2_2014.pdf,,2026-07-22T13:21:10Z,2/2014
Haryana,Report No. 1 of 2014 - Performance Audit on Revenue Sectors of Government of Haryana,,Performance,Taxes and Duties,2013-14,https://cag.gov.in/en/audit-report/details/5102,/webroot/uploads/download_audit_report/2014/Haryana_Report_1_2014.pdf,,2026-07-22T13:21:10Z,1/2014
Haryana,Report of 2011 - Compliance and Financial Audit on State Finance of Government of Haryana,,Financial,Finance,2010-11,https://cag.gov.in/en/audit-report/details/4951,/webroot/uploads/download_audit_report/2011/Haryana_SF_2011.pdf,,2026-07-22T13:43:00Z,
Haryana,Report of 2011 - Performance Audit on Revenue of Government of Haryana,,Performance,Taxes and Duties,2010-11,https://cag.gov.in/en/audit-report/details/4932,/webroot/uploads/download_audit_report/2011/Haryana_Revenue_2011.pdf,,2026-07-22T13:43:00Z,
Haryana,Report of 2011 - Financial Audit on Commercial of Government of Haryana,,Financial,Finance,2010-11,https://cag.gov.in/en/audit-report/details/4926,/webroot/uploads/download_audit_report/2011/Haryana_Commercial_2011.pdf,,2026-07-22T13:43:00Z,
Haryana,Report of 2011 - Performance Audit on Civil of Government of Haryana,,Performance,Local Bodies,2010-11,https://cag.gov.in/en/audit-report/details/4908,/webroot/uploads/download_audit_report/2011/Audit Report 2011-060c9c458195dd6.10273028.pdf,,2026-07-22T13:43:03Z,
Haryana,Report of 2010 - Compliance and Financial Audit on State Finances of Government of Haryana,,Financial,Finance,2009-10,https://cag.gov.in/en/audit-report/details/4895,/webroot/uploads/download_audit_report/2010/Haryana_SF_2010.pdf,,2026-07-22T13:43:49Z,
Haryana,Report of 2010 - Financial Audit on Revenue of Government of Haryana,,Financial,Taxes and Duties,2009-10,https://cag.gov.in/en/audit-report/details/4876,/webroot/uploads/download_audit_report/2010/Haryana_Revenue_2010.pdf,,2026-07-22T13:43:52Z,
Haryana,Report of 2010 - Financial Audit on Commercial of Government of Haryana,,Financial,Finance,2009-10,https://cag.gov.in/en/audit-report/details/4865,/webroot/uploads/download_audit_report/2010/Haryana_Commercial_2010.pdf,,2026-07-22T13:43:52Z,
Haryana,Report of 2010 - Performance Audit on Civil of Government of Haryana,,Performance,Finance,2009-10,https://cag.gov.in/en/audit-report/details/4851,/webroot/uploads/download_audit_report/2010/Haryana_Civil_2010.pdf,,2026-07-22T13:43:52Z,
Haryana,Report of 2009 - Compliance and Financial  Audit on State Finance of Government of Haryana,,Financial,Finance,2008-09,https://cag.gov.in/en/audit-report/details/4840,/webroot/uploads/download_audit_report/2009/Haryana_SF_2009.pdf,,2026-07-22T13:44:33Z,
Haryana,Report of 2009 - Financial Audit on Revenue of Government of Haryana,,Financial,Taxes and Duties,2008-09,https://cag.gov.in/en/audit-report/details/4809,/webroot/uploads/download_audit_report/2009/Haryana_Revenue_2009.pdf,,2026-07-22T13:44:37Z,
Haryana,Report of 2009 - Financial Audit on Commercial of Government of Haryana,,Financial,Finance,2008-09,https://cag.gov.in/en/audit-report/details/4797,/webroot/uploads/download_audit_report/2009/Haryana_Commercial_2009.pdf,,2026-07-22T13:44:37Z,
Haryana,Report of 2009 - Performance Audit on Civil of Government of Haryana,,Performance,Finance,2008-09,https://cag.gov.in/en/audit-report/details/4791,/webroot/uploads/download_audit_report/2009/Haryana_Civil_2009.pdf,,2026-07-22T13:44:37Z,
Himachal Pradesh,Compliance Audit Report of the Comptroller and Auditor General of India for the period ended March 2023 Government of Himachal Pradesh Report No. 4 of 2025 (Hindi),,Compliance,,2022-23,https://cag.gov.in/en/audit-report/details/125093,/webroot/uploads/download_audit_report/2023/Report-No.-4-of-2025-Comp-AR_HP_Hindi_03-02-2026-signed-069cca8888d2522.43822579.pdf,,2026-07-22T13:04:45Z,4/2025
Himachal Pradesh,Compliance Audit Report of the Comptroller and Auditor General of India for the period ended March 2023 Government of Himachal Pradesh Report No. 4 of 2025 (English),,Compliance,,2022-23,https://cag.gov.in/en/audit-report/details/125092,/webroot/uploads/download_audit_report/2023/Report-No.-4-of-2025-Comp-AR_HP_English_03-02-2026-signed-069cca7e1087676.12583669.pdf,,2026-07-22T13:04:45Z,4/2025
Himachal Pradesh,Compliance Audit Report - II  of the Comptroller and Auditor General of India for the year 2021-22 Government of Himachal Pradesh Report No. 3 of 2025 (CAR-II),,Compliance,,2021-22,https://cag.gov.in/en/audit-report/details/123476,/webroot/uploads/download_audit_report/2025/CAR--II-(2021-22)-English-06932c5ef47ff10.28539780.pdf,,2026-07-22T13:05:16Z,3/2025
Himachal Pradesh,Compliance Audit Report - I  of the Comptroller and Auditor General of India for the year 2021-22 Government of Himachal Pradesh Report No. 2 of 2025 (CAR-I),,Compliance,,2021-22,https://cag.gov.in/en/audit-report/details/123475,/webroot/uploads/download_audit_report/2025/Himachal-Report-No.-02-CAR-I-English-06932c40dc33557.79875130.pdf,,2026-07-22T13:05:16Z,2/2025
Himachal Pradesh,Report of the Comptroller and Auditor General of India on State Finances for the year 2023-24 Government of Himachal Pradesh Report No. 1 of 2025 (State Finances Audit Report),,Financial,,2023-24,https://cag.gov.in/en/audit-report/details/123068,/webroot/uploads/download_audit_report/2024/Report-No.-1-of-2025_SFAR-2023-24-HP_English-(07-07-2025)-068b191e8f32308.10850578.pdf,,2026-07-22T13:05:26Z,1/2025
Himachal Pradesh,Report of the Comptroller and Auditor General of India on Performance Audit on Compensatory Afforestation in Himachal Pradesh (English),,Performance,Environment and Sustainable Development,2023-24,https://cag.gov.in/en/audit-report/details/122677,/webroot/uploads/download_audit_report/2024/Report-No.-3-of-2024_PA-on-Afforestation-HP_English-068ad54eeafc563.77352774.pdf,,2026-07-22T13:06:12Z,
Himachal Pradesh,Report of the Comptroller and Auditor General of India on State Finances for the year 2022-23 Government of Himachal Pradesh Report No. 1 of 2024 (State Finances Audit Report),,Financial,,2022-23,https://cag.gov.in/en/audit-report/details/121324,/webroot/uploads/download_audit_report/2024/SFAR-2022-23-HP_Report-No.-1-of-2024_English-(21-11-2024)-067723a8cb8cee4.29305485.pdf,,2026-07-22T13:06:23Z,1/2024
Himachal Pradesh,Performance Audit on Public Health Infrastructure and Management of Health Services,,Performance,"Education, Health & Family Welfare",2023-24,https://cag.gov.in/en/audit-report/details/121312,/webroot/uploads/download_audit_report/2024/Signed-PHIMS-report-English-0677236427a9b89.40925360.pdf,,2026-07-22T13:06:23Z,
Himachal Pradesh,Report of the Comptroller and Auditor General of India on Performance Audit on Drinking Water Services in Himachal Pradesh Government of Himachal Pradesh Report No. 1 of the year 2023,,Performance,General Sector Ministries and Constitutional Bodies,2022-23,https://cag.gov.in/en/audit-report/details/118715,/webroot/uploads/download_audit_report/2023/Report-No.-1-of-2023-PA-on-DWS-English-(24-03-2023)-0642d5de3ad25d3.78517241.pdf,,2026-07-22T13:07:46Z,
Himachal Pradesh,State Finances Audit Report of the Comptroller And Auditor General of India for the year ended 31 March 2022 Government of Himachal Pradesh Report No. 2 of the year 2023,,Financial,,2021-22,https://cag.gov.in/en/audit-report/details/118699,/webroot/uploads/download_audit_report/2023/SFAR-2021-22-Report-No.-2-of-2023-English-(04-04-2023)-0642d5b3b01cd09.40765029.pdf,,2026-07-22T13:07:46Z,
Himachal Pradesh,Report of the Comptroller and Auditor General of India on Compliance Audit for the year ended 31 March 2021,,Compliance,,2020-21,https://cag.gov.in/en/audit-report/details/118681,/webroot/uploads/download_audit_report/2022/Report-No.-4-of-2022-Compliance-English-(22-12-2022)-0642d57b33e8a99.75666550.pdf,,2026-07-22T13:08:24Z,
Himachal Pradesh,"Report of the Comptroller and Auditor General of India on Efficacy of Implementation of 74th Constitution Amendment Act, 1992",,,Local Bodies,2021-22,https://cag.gov.in/en/audit-report/details/118661,/webroot/uploads/download_audit_report/2022/Report-No.-1-of-2022_HP_74th-CAA_English_(06-7-2022)-0642ac153bb0ba6.52604316.pdf,,2026-07-22T13:08:28Z,
Himachal Pradesh,Report of the Comptroller and Auditor General of India on Status of Direct Benefit Transfer  of Social Security Pension Schemes in Himachal Pradesh for the year ended 31 March 2021,,,Social Welfare,2020-21,https://cag.gov.in/en/audit-report/details/118298,/webroot/uploads/download_audit_report/2022/Report-No.-3-of-2022_DBT_English_(25-07-2022)-06414123da47150.71751753.pdf,,2026-07-22T13:08:33Z,
Himachal Pradesh,Government of Himachal Pradesh Report No. 2 of the year 2022: State Finances Audit Report of the C&AG for the year ended 31 March 2021,,Financial,Finance,2020-21,https://cag.gov.in/en/audit-report/details/117017,/webroot/uploads/download_audit_report/2022/SFAR 2020-21_Report No. 2 of 2022_English_(25-7-2022)-062f792084236b0.50980051.pdf,,2026-07-22T13:08:54Z,
Himachal Pradesh,"Report No. 6 of 2021 - Compliance Audit of Social, General and Economic Sectors, Government of Himachal Pradesh.",,Compliance,Agriculture and Rural Development,2020-21,https://cag.gov.in/en/audit-report/details/116498,/webroot/uploads/download_audit_report/2021/Report No. 6 of 2021 Govt. of Himachal Pradesh_SGES-062cbf2c932f500.78040785.pdf,,2026-07-22T13:09:30Z,6/2021
Himachal Pradesh,Government of Himachal Pradesh Report No. 5 of the year 2021 :  Report of  the Comptroller and Auditor General of India on Revenue Sector for the year ended 31 March 2020,,Financial,Taxes and Duties,2019-20,https://cag.gov.in/en/audit-report/details/114822,/webroot/uploads/download_audit_report/2021/Report No. 5 of 2021_Revenue 2019-20_English_PDF-061b9e28b7ee153.86627462.pdf,,2026-07-22T13:09:52Z,
Himachal Pradesh,Government of Himachal Pradesh Report No. 4 of the year 2021 General Purpose Financial Report of State Public Sector Enterprises :  Report of  the Comptroller and Auditor General of India for the year ended 31 March 2020,,Financial,Industry and Commerce,2019-20,https://cag.gov.in/en/audit-report/details/114795,/webroot/uploads/download_audit_report/2021/Report No. 4 of 2021_GPFR 2019-20_English-061b9db2cbf5322.72252554.pdf,,2026-07-22T13:09:52Z,
Himachal Pradesh,Government of Himachal Pradesh Report no. 3 of the year 2021:  State Finances Audit Report of  the Comptroller and Auditor General of India for the year ended 31 March 2020,,Financial,Finance,2019-20,https://cag.gov.in/en/audit-report/details/114775,/webroot/uploads/download_audit_report/2021/SFAR 2019-20_Report No. 3 of 2021_English-061b9d420de0021.34785691.pdf,,2026-07-22T13:09:52Z,
Himachal Pradesh,"Government of Himachal Pradesh - Report No. 2 of the year 2021 : Report of the Comptroller and Auditor General of India on Social, General and Economic Sectors (Non-Public Sector Undertakings) for the year ended 31 March 2019",,Compliance,Finance,2018-19,https://cag.gov.in/en/audit-report/details/114173,/webroot/uploads/download_audit_report/2021/Report No. 2 of 2021_N-PSUs 2018-19_English-061164670ed24b6.45465549.pdf,,2026-07-22T13:10:13Z,
Himachal Pradesh,Government of Himachal Pradesh - Report No. 1 of 2021 : Report of the Comptroller and Auditor General of India on Revenue Sector and Public Sector Undertakings for the year ended 31 March 2019,,Financial,Power & Energy,2018-19,https://cag.gov.in/en/audit-report/details/114150,/webroot/uploads/download_audit_report/2021/Report No. 1 of 2021_(Revenue PSUs)_English (1)-061163eff1de0d3.26010478.pdf,,2026-07-22T13:10:13Z,1/2021
Himachal Pradesh,"Report No.1 of 2020 - State Finance, Government of Himachal Pradesh",,Financial,Finance,2019-20,https://cag.gov.in/en/audit-report/details/110856,/webroot/uploads/download_audit_report/2020/Report_No_1_of_2020_State_Finance_Government_of_Himachal_Pradesh-05f91765ad58c94.28800927.pdf,,2026-07-22T13:10:58Z,1/2020
Himachal Pradesh,Report No. 3 of 2019 - PSUs (Economic Sector) Government of Himachal Pradesh,,Compliance,Power & Energy,2018-19,https://cag.gov.in/en/audit-report/details/65553,/webroot/uploads/download_audit_report/2019/Report No. 3 of 2019_(PSUs)_English.pdf,,2026-07-22T13:11:26Z,3/2019
Himachal Pradesh,"Report No. 2 of 2019 - Revenue Sector, Government of Himachal Pradesh",,Financial,Taxes and Duties,2018-19,https://cag.gov.in/en/audit-report/details/56257,/webroot/uploads/download_audit_report/2019/Report_No_2_of_2019_Revenue_Sector_Government_of_Himachal_Pradesh.pdf,,2026-07-22T13:11:38Z,2/2019
Himachal Pradesh,"Report No. 1 of 2019 - State Finance, Government of Himachal Pradesh",,Financial,Taxes and Duties,2018-19,https://cag.gov.in/en/audit-report/details/56248,/webroot/uploads/download_audit_report/2019/Report_No_1_of_2019_State_Finance_Government_of_Himachal_Pradesh.pdf,,2026-07-22T13:11:38Z,1/2019
Himachal Pradesh,"Report no. 4 of 2019 - Social, General and Economic (Non-PSUs) Sector Government of Himachal Pradesh",,Compliance,Taxes and Duties,2018-19,https://cag.gov.in/en/audit-report/details/56180,/webroot/uploads/download_audit_report/2019/Report_no_4_of_2019_Social_General_and_Economic_(Non_PSUs)_Sector_Government_of_Himachal_Pradesh.pdf,,2026-07-22T13:11:38Z,4/2019
Himachal Pradesh,Report No.1 of 2018 - Public Sector Undertakings (Economic Sector) Government of Himachal Pradesh,,Compliance,Finance,2017-18,https://cag.gov.in/en/audit-report/details/45548,/webroot/uploads/download_audit_report/2018/Report_No_1_of_2018_-_Public_Sector_Undertakings_(Economic_Sector)_Government_of_Himachal_Pradesh.pdf,,2026-07-22T13:12:32Z,1/2018
Himachal Pradesh,Report No. 4 of 2017 - State Finance  Government of Himachal Pradesh,,Financial,Finance,2016-17,https://cag.gov.in/en/audit-report/details/112337,/webroot/uploads/download_audit_report/2017/SFR Report No. 4 English-05f92a9995fe7a0.29610572.pdf,,2026-07-22T13:12:49Z,4/2017
Himachal Pradesh,Report No. 5 of 2017 - Revenue Sector Government of Himachal Pradesh,,Financial,Taxes and Duties,2016-17,https://cag.gov.in/en/audit-report/details/112318,/webroot/uploads/download_audit_report/2017/Full Report-05f92a5bd1ebcb0.81708196.pdf,,2026-07-22T13:12:49Z,5/2017
Himachal Pradesh,"Report No.6 of 2017 – Social, General and Economic Sectors Government of Himachal Pradesh",,,Agriculture and Rural Development,2016-17,https://cag.gov.in/en/audit-report/details/44066,/webroot/uploads/download_audit_report/2017/Report_No_6_of_2017_–_Social_General_and_Economic_Sector_Government_of_Himachal _Pradesh.pdf,,2026-07-22T13:13:03Z,6/2017
Himachal Pradesh,Annual Technical Inspection Report of 2017 - Panchayati Raj Institutions and Urban Local Bodies Government of Himachal Pradesh,,Compliance,Local Bodies,2016-17,https://cag.gov.in/en/audit-report/details/33316,/webroot/uploads/download_audit_report/2017/Annual_Technical_Inspection_Report_of_2017_-_Panchayati_Raj_Institutions_and_Urban_Local_Bodies_Government_of_Himachal_Pradesh.pdf,,2026-07-22T13:13:11Z,
Himachal Pradesh,Report No 1 of 2017 - Revenue Sector Himachal Pradesh,,Financial,Taxes and Duties,2016-17,https://cag.gov.in/en/audit-report/details/28640,/webroot/uploads/download_audit_report/2017/HP_Report_No_1_of_2017_on_Revenue_Sector.pdf,,2026-07-22T13:13:32Z,1/2017
Himachal Pradesh,Report No 4 of 2016 - State Finances Himachal Pradesh,,Financial,Finance,2016-17,https://cag.gov.in/en/audit-report/details/28368,/webroot/uploads/download_audit_report/2017/Report_No_4_of_2016_Himachal_Pradesh_State_Finances.pdf,,2026-07-22T13:13:44Z,4/2016
Himachal Pradesh,Report No 3 of 2017 - Social General Economic Sectors Non PSUs Himachal Pradesh,,Compliance,General Sector Ministries and Constitutional Bodies,2016-17,https://cag.gov.in/en/audit-report/details/28356,/webroot/uploads/download_audit_report/2017/Himachal_Pradesh_Report_No_3_of_2017_Social_General_Economic_Sectors_Non_PSUs.pdf,,2026-07-22T13:13:44Z,3/2017
Himachal Pradesh,Annual Technical Inspection Report 2016 - PRI and ULB Himachal Pradesh,,,Local Bodies,2015-16,https://cag.gov.in/en/audit-report/details/25275,/webroot/uploads/download_audit_report/2016/Himachal_Pradesh_ATIR_on_PRI_and_ULB_of_2016.pdf,,2026-07-22T13:14:11Z,
Himachal Pradesh,Report No 2 of 2016 - Public Sector Undertakings (Economic Sector) Government of Himachal Pradesh,,Compliance,Power & Energy,2015-16,https://cag.gov.in/en/audit-report/details/21502,/webroot/uploads/download_audit_report/2016/Report_2_2016_Public_Sector_Undertakings_Economic_Sector_Himachal_Pradesh.pdf,,2026-07-22T13:14:37Z,2/2016
Himachal Pradesh,Report No 1 of 2016 - Revenue Sector Government of Himachal Pradesh,,Financial,Taxes and Duties,2015-16,https://cag.gov.in/en/audit-report/details/21277,/webroot/uploads/download_audit_report/2016/Himachal_Pradesh_Revenue_Sector_Report_1_2016.pdf,,2026-07-22T13:14:37Z,1/2016
Himachal Pradesh,Report No 3 of 2016 - Social General and Economic Sectors Non-PSUs Government of Himachal Pradesh,,Compliance,Finance,2015-16,https://cag.gov.in/en/audit-report/details/21209,/webroot/uploads/download_audit_report/2016/Himachal_Pradesh_Social_General_and_Economic_Sectors_Non_PSUs_Report_3_2016.pdf,,2026-07-22T13:14:41Z,3/2016
Himachal Pradesh,Report 2016 - State Finances Government of Himachal Pradesh,,Financial,Finance,2015-16,https://cag.gov.in/en/audit-report/details/21200,/webroot/uploads/download_audit_report/2016/Himachal_Pradesh_State_Finances_Report_2016.pdf,,2026-07-22T13:14:41Z,
Himachal Pradesh,Report No. 1 of 2015 - Compliance and Performance Audit on Revenue Sector of Government of Himachal Pradesh,,Performance,,2014-15,https://cag.gov.in/en/audit-report/details/7311,/webroot/uploads/download_audit_report/2015/Himachal_Pradesh_Report_1_2015.pdf,,2026-07-22T13:15:36Z,1/2015
Himachal Pradesh,"Report No. 3 of 2014 - Compliance and Performance Audit on Social,General and Economic Sector (Non Public Sector Undertakings) of Government of Himachal Pradesh",,Performance,Transport & Infrastructure,2013-14,https://cag.gov.in/en/audit-report/details/7222,/webroot/uploads/download_audit_report/2014/Himachal_Pradesh_Report_3_2014.pdf,,2026-07-22T13:16:21Z,3/2014
Himachal Pradesh,Report No. 2 of 2014 - Performance Audit on Public Sector Undertakings (Economic Sector) of Government of Himachal Pradesh,,Performance,,2013-14,https://cag.gov.in/en/audit-report/details/7114,/webroot/uploads/download_audit_report/2014/Himachal_Pradesh_Report_2_2014.pdf,,2026-07-22T13:16:21Z,2/2014
Himachal Pradesh,"Report of 2013 - Compliance, Financial and Performance Audit on State Finances of Government of Himachal Pradesh",,Performance,,2012-13,https://cag.gov.in/en/audit-report/details/7001,/webroot/uploads/download_audit_report/2013/Himachal_Pradesh_SF_2013.pdf,,2026-07-22T13:31:08Z,
Himachal Pradesh,"Report No. 3 of 2013 - Compliance and Performance Audit on Social,General and Economic Sector (Non Public Sector Undertakings) of Government of Himachal Pradesh",,Performance,Transport & Infrastructure,2012-13,https://cag.gov.in/en/audit-report/details/6925,/webroot/uploads/download_audit_report/2013/Himachal_Pradesh_Report_3_2013.pdf,,2026-07-22T13:31:08Z,3/2013
Himachal Pradesh,Report No. 2 of 2013 - Performance Audit on Public Sector Undertakings (Economic Sector) of Government of Himachal Pradesh,,Performance,,2012-13,https://cag.gov.in/en/audit-report/details/6859,/webroot/uploads/download_audit_report/2013/Himachal_Pradesh_Report_2_2013.pdf,,2026-07-22T13:31:14Z,2/2013
Himachal Pradesh,Report No. 1 of 2013 - Performance Audit on Revenue Sector of Government of Himachal Pradesh,,Performance,,2012-13,https://cag.gov.in/en/audit-report/details/6727,/webroot/uploads/download_audit_report/2013/Himachal_Pradesh_Report_1_2013.pdf,,2026-07-22T13:31:14Z,1/2013
Himachal Pradesh,Report No. 5 of 2012 - Financial and Performance Audit on District Kinnaur of Government of Himachal Pradesh,,Performance,Transport & Infrastructure,2011-12,https://cag.gov.in/en/audit-report/details/6609,/webroot/uploads/download_audit_report/2012/Himachal_Pradesh_Report_5_2012.pdf,,2026-07-22T13:42:08Z,5/2012
Himachal Pradesh,Report No. 4 of 2012 - Performance Audit on Economic Sector (Public Sector Undertakings) of Government of Himachal Pradesh,,Performance,,2011-12,https://cag.gov.in/en/audit-report/details/6547,/webroot/uploads/download_audit_report/2012/Himachal_Pradesh_Report_4_2012.pdf,,2026-07-22T13:42:08Z,4/2012
Himachal Pradesh,Report No. 3 of 2012 - Performance Audit on Revenue Sector of Government of Himachal Pradesh,,Performance,,2011-12,https://cag.gov.in/en/audit-report/details/6410,/webroot/uploads/download_audit_report/2012/Himachal_Pradesh_Report_3_2012.pdf,,2026-07-22T13:42:08Z,3/2012
Himachal Pradesh,"Report No. 2 of 2012 - Performance Audit on Social,General and Economic Sector(Non Public Sector Undertakings) of Government of Himachal Pradesh",,Performance,Transport & Infrastructure,2011-12,https://cag.gov.in/en/audit-report/details/6355,/webroot/uploads/download_audit_report/2012/Himachal_Pradesh_Report_2_2012.pdf,,2026-07-22T13:42:08Z,2/2012
Himachal Pradesh,"Report No. 1 of 2012 - Compliance, Financial and Performance Audit on State Finances of Government of Himachal Pradesh",,Performance,,2011-12,https://cag.gov.in/en/audit-report/details/6290,/webroot/uploads/download_audit_report/2012/Himachal_Pradesh_Report_1_2012.pdf,,2026-07-22T13:42:08Z,1/2012
Himachal Pradesh,Report of 2011 - Performance Audit on District Mandi of Government of Himachal Pradesh,,Performance,Transport & Infrastructure,2010-11,https://cag.gov.in/en/audit-report/details/6194,/webroot/uploads/download_audit_report/2011/Himachal_Pradesh_Dist_Mandi_2011.pdf,,2026-07-22T13:42:51Z,
Himachal Pradesh,"Report of 2011 - Compliance, Financial and Performance Audit on State Finance of Government of Himachal Pradesh",,Performance,,2010-11,https://cag.gov.in/en/audit-report/details/6123,/webroot/uploads/download_audit_report/2011/Himachal_Pradesh_SF_2011.pdf,,2026-07-22T13:42:51Z,
Himachal Pradesh,Report of 2011 - Performance Audit on Revenue of Government of Himachal Pradesh,,Performance,,2010-11,https://cag.gov.in/en/audit-report/details/6041,/webroot/uploads/download_audit_report/2011/Himachal_Pradesh_Revenue_2011.pdf,,2026-07-22T13:42:51Z,
Himachal Pradesh,Report of 2011 - Financial Audit on Commercial of Government of Himachal Pradesh,,Financial,,2010-11,https://cag.gov.in/en/audit-report/details/5976,/webroot/uploads/download_audit_report/2011/Himachal_Pradesh_Commercial_2011.pdf,,2026-07-22T13:42:51Z,
Himachal Pradesh,Report of 2011 - Performance Audit on Civil of Government of Himachal Pradesh,,Performance,Industry and Commerce,2010-11,https://cag.gov.in/en/audit-report/details/5865,/webroot/uploads/download_audit_report/2011/Himachal_Pradesh_Civil_2011.pdf,,2026-07-22T13:42:56Z,
Himachal Pradesh,"Report of 2010 - Compliance, Financial and Performance Audit on State Finances of Government of Himachal Pradesh",,Performance,,2009-10,https://cag.gov.in/en/audit-report/details/5756,/webroot/uploads/download_audit_report/2010/Himachal_Pradesh_SF_2010.pdf,,2026-07-22T13:43:45Z,
Himachal Pradesh,Report of 2010 - Financial Audit on Revenue of Government of Himachal Pradesh,,Financial,,2009-10,https://cag.gov.in/en/audit-report/details/5673,/webroot/uploads/download_audit_report/2010/Himachal_Pradesh_Revenue_2010.pdf,,2026-07-22T13:43:49Z,
Himachal Pradesh,Report of 2010 - Financial Audit on Commercial of Government of Himachal Pradesh,,Financial,,2009-10,https://cag.gov.in/en/audit-report/details/5642,/webroot/uploads/download_audit_report/2010/Himachal_Pradesh_Commercial_2010.pdf,,2026-07-22T13:43:49Z,
Himachal Pradesh,Report No. 2 of 2010 - Performance and Financial Audit on Civil of Government of Himachal Pradesh,,Financial,Agriculture and Rural Development,2009-10,https://cag.gov.in/en/audit-report/details/641,/webroot/uploads/download_audit_report/2010/Himachal_Pradesh_civil_sector_2_2010.pdf,,2026-07-22T13:44:06Z,2/2010
Himachal Pradesh,Report of 2009 - Financial and Performance Audit on District Sirmour of Government of Himachal Pradesh,,Performance,,2008-09,https://cag.gov.in/en/audit-report/details/5565,/webroot/uploads/download_audit_report/2009/Himachal_Pradesh_Dist_2009.pdf,,2026-07-22T13:44:33Z,
Himachal Pradesh,Report of 2009 - Financial and Performance Audit on State Finance of Government of Himachal Pradesh,,Performance,,2008-09,https://cag.gov.in/en/audit-report/details/5498,/webroot/uploads/download_audit_report/2009/Himachal_Pradesh_SF_2009.pdf,,2026-07-22T13:44:33Z,
Himachal Pradesh,Report of 2009 - Financial Audit on Revenue of Government of Himachal Pradesh,,Financial,,2008-09,https://cag.gov.in/en/audit-report/details/5452,/webroot/uploads/download_audit_report/2009/Himachal_Pradesh_Revenue_2009.pdf,,2026-07-22T13:44:33Z,
Himachal Pradesh,Report of 2009 - Financial Audit on Commercial of Government of Himachal Pradesh,,Financial,,2008-09,https://cag.gov.in/en/audit-report/details/5364,/webroot/uploads/download_audit_report/2009/Himachal_Pradesh_Commercial_2009.pdf,,2026-07-22T13:44:33Z,
Himachal Pradesh,Report of 2009 - Performance Audit on Civil of Government of Himachal Pradesh,,Performance,,2008-09,https://cag.gov.in/en/audit-report/details/5277,/webroot/uploads/download_audit_report/2009/Himachal_Pradesh_Civil_2009.pdf,,2026-07-22T13:44:33Z,
Jharkhand,Report No. 4 of 2025 : Report of the  Comptroller and Auditor General of India  on Management of Minor Minerals in Jharkhand  for the year ended 31 March 2022,,,Taxes and Duties,2021-22,https://cag.gov.in/en/audit-report/details/123491,/webroot/uploads/download_audit_report/2025/Report-No.-4-of-2025_Minerals-English-(17-10-2025)-0693badaebe3ad3.67881788.pdf,,2026-07-22T13:05:13Z,4/2025
Jharkhand,Report No. 2 of 2025 : State Finances Audit Report of the Comptroller and Auditor General of India for the year 2023-24.,,Financial,Finance,2023-24,https://cag.gov.in/en/audit-report/details/122657,/webroot/uploads/download_audit_report/2025/Report-No.-2-of-2025_SFAR-2023-24-JHR_English-(07-04-2025)-068ac5ca6c09607.42209585.pdf,,2026-07-22T13:05:26Z,2/2025
Jharkhand,Report No. 4 of 2024 : State Finances Audit Report of the  Comptroller and Auditor General of India for the year ended 31 March 2023,,Financial,Finance,2022-23,https://cag.gov.in/en/audit-report/details/120276,/webroot/uploads/download_audit_report/2024/SFAR-2022-23_JHR_Report-No.-4-of-2024_English-(08-05-2024)-066acd913879bd9.72893613.pdf,,2026-07-22T13:06:49Z,4/2024
Jharkhand,Report No. 3 of 2024 : Report of the Comptroller and Auditor General of India on Solid Waste Management in Urban Local Bodies  in Jharkhand For the year ended 31 March 2022,,,Local Bodies,2021-22,https://cag.gov.in/en/audit-report/details/120274,/webroot/uploads/download_audit_report/2024/Report-No.-3-of-2024_SWM_JHR-English-(22-05-2024)-066acd68d100425.95459333.pdf,,2026-07-22T13:06:49Z,3/2024
Jharkhand,Report No. 2 of 2024 : Report of the  Comptroller and Auditor General of India on Compliance Audit for the year ended 31 March 2022,,Compliance,Social Infrastructure,2021-22,https://cag.gov.in/en/audit-report/details/120258,/webroot/uploads/download_audit_report/2024/Report-No.-2-of-2024_CA-2021-22_Jharkhand_English-(06-05-2024)-066acd34476f976.24800998.pdf,,2026-07-22T13:06:49Z,2/2024
Jharkhand,Report No. 1 of 2024 : Report of the  Comptroller and Auditor General of India Compliance Audit (Revenue)  For the year ended 31 March 2021,,Compliance,Taxes and Duties,2020-21,https://cag.gov.in/en/audit-report/details/120240,/webroot/uploads/download_audit_report/2024/Report-No.-1-of-2024_CA-Revenue-2020-21_English-(26-04-2024)-066accead3cbdd3.13278225.pdf,,2026-07-22T13:06:49Z,1/2024
Jharkhand,Report No. 3 of 2025 - Report of the C&AG of India on Performance and Compliance Audit - civil for the year ended 31 March 2023,,Compliance,Environment and Sustainable Development,2022-23,https://cag.gov.in/en/audit-report/details/122619,/webroot/uploads/download_audit_report/2023/Report-No.-3-of-2025_Civil-Jharkhand_English-(03-07-2025)-068ac5059cbc661.15706087.pdf,,2026-07-22T13:07:11Z,3/2025
Jharkhand,Report No. 3 of 2023 - Report of the Comptroller and Auditor General of India on Direct Benefit Transfer in Jharkhand For the year ended 31 March 2021,,,Social Welfare,2020-21,https://cag.gov.in/en/audit-report/details/119516,/webroot/uploads/download_audit_report/2023/Report-No.-3-of-2023-DBT-English-065841f5b7ee736.94562656.pdf,,2026-07-22T13:07:31Z,3/2023
Jharkhand,Report No. 2 of 2023 - Report of the C&AG of India on State Finances Audit Report for the year ended 31 March 2022,,Financial,Finance,2021-22,https://cag.gov.in/en/audit-report/details/119021,/webroot/uploads/download_audit_report/2023/SFAR_Report-No.-2-of-2023_JHR_English-(07-08-2023)-064d1f28e697a88.18674647.pdf,,2026-07-22T13:07:41Z,2/2023
Jharkhand,Report No. 1 of 2023 - Report of the C&AG of India on Performance and Compliance Audits for the year ended 31 March 2021,,,Local Bodies,2020-21,https://cag.gov.in/en/audit-report/details/118997,/webroot/uploads/download_audit_report/2023/Report-No.-1-of-2023_CA_Jharkhand_English-(27-04-2023)-064ccf54a8d3541.52558827.pdf,,2026-07-22T13:07:41Z,1/2023
Jharkhand,Report no. 1 of 2025 - Report of the C&AG on Integrated Financial Management System in Jharkhand (IT Audit - Civil),,,Information and Communication,2021-22,https://cag.gov.in/en/audit-report/details/122635,/webroot/uploads/download_audit_report/2022/Report-No.-1-of-2025-IFMS-in-JHR_English-(08-03-2025)-068ac55c7bf0127.94924518.pdf,,2026-07-22T13:07:53Z,1/2025
Jharkhand,Report No. 6 of 2024 : Report of the Comptroller and Auditor General of India on  Welfare of Building and other Construction Workers,,,Social Welfare,2021-22,https://cag.gov.in/en/audit-report/details/121600,/webroot/uploads/download_audit_report/2022/Report-No.-6-of-2024_WBOCW_JHR_English-067c1a0ef0565c2.98731140.pdf,,2026-07-22T13:07:57Z,6/2024
Jharkhand,Report No. 5 of 2024 : Report of the Comptroller and Auditor General of India on  Welfare of Building and other Construction Workers,,,Social Welfare,2021-22,https://cag.gov.in/en/audit-report/details/121586,/webroot/uploads/download_audit_report/2022/Report-No.-6-of-2024_WBOCW_JHR_English-067c19efa658e42.60153769.pdf,,2026-07-22T13:07:57Z,5/2024
Jharkhand,Report No. 5 of 2024 : Report of the Comptroller and Auditor General of India on Performance Audit of Public Health Infrastructure and Management of Health Services in Jharkhand,,Performance,"Education, Health & Family Welfare",2021-22,https://cag.gov.in/en/audit-report/details/121570,/webroot/uploads/download_audit_report/2022/Report-No.-5-of-2024_PA-on-PHIMHS_JHR_English-067c19ba7db7b26.59719569.pdf,,2026-07-22T13:07:57Z,5/2024
Jharkhand,Report No. 2 of 2022 - State Finances Audit Report of the Comptroller and Auditor General of India  for the year ended 31 March 2021,,Financial,Finance,2020-21,https://cag.gov.in/en/audit-report/details/116905,/webroot/uploads/download_audit_report/2022/SFAR 2020-21_Report No. 2 for 2022_English_(31-5-2022)-062f364d5a0b367.07499773.pdf,,2026-07-22T13:08:58Z,2/2022
Jharkhand,Report No. 3 of 2022 - Report of the C&AG on Implementation of Rural Electrification schemes in Jharkhand for the year ended 31 March 2020,,,Power & Energy,2019-20,https://cag.gov.in/en/audit-report/details/116726,/webroot/uploads/download_audit_report/2022/Report No. 3 of 2022_IRES 2019-20_English_(25-6-2022)-062f10466813bb3.42642350.pdf,,2026-07-22T13:08:58Z,3/2022
Jharkhand,"Report No. 1 of 2022 - Report of the C&AG on General, Social, Economic and Revenue Sectors including SPSEs for the year ended 31 March 2020",,,"Education, Health & Family Welfare",2019-20,https://cag.gov.in/en/audit-report/details/116708,/webroot/uploads/download_audit_report/2022/Report No. 1 of 2022_SPSEs 2019-20_English_(28-04-2022)-062f0fdfd641c54.77188665.pdf,,2026-07-22T13:08:58Z,1/2022
Jharkhand,Report No. 3 of 2021 - Report of the C&AG on District Hospital Outcomes in Jharkhand for the year ended 31 March 2019,,,"Education, Health & Family Welfare",2018-19,https://cag.gov.in/en/audit-report/details/115562,/webroot/uploads/download_audit_report/2018/Final JHK-District Hospital 2018-19_English-06231b6744648c7.93661481.pdf,,2026-07-22T13:09:39Z,3/2021
Jharkhand,"Report No. 2 of 2021 - State Finances, Government of Jharkhand for the year ended 31 March 2020",,Financial,Finance,2019-20,https://cag.gov.in/en/audit-report/details/115296,/webroot/uploads/download_audit_report/2021/SFAR 2019-20_Report No. 2 of 2021_English-061c58e083a1dc3.08904230.pdf,,2026-07-22T13:09:48Z,2/2021
Jharkhand,"Report No. 1 of 2021 - General, Social, Economic and Revenue Sectors including PSUs, Government of Jharkhand for the year ended 31 March 2019",,,Industry and Commerce,2018-19,https://cag.gov.in/en/audit-report/details/114291,/webroot/uploads/download_audit_report/2021/Report No. 1 of 2021_PSU 2018-19_English_24-7-2021-06139e0d177ae90.54672326.pdf,,2026-07-22T13:10:13Z,1/2021
Jharkhand,"Report No. 3 of 2020 - State Finances, Government of Jharkhand for the year ended 31 March 2019",,Financial,Finance,2018-19,https://cag.gov.in/en/audit-report/details/110725,"/webroot/uploads/download_audit_report/2018/Report 3 of 2020 SF 2018-19, Jharkhand, Eng-05f71ad80efb234.82750694.pdf",,2026-07-22T13:10:58Z,3/2020
Jharkhand,"Report No. 1 of 2020 - Revenue Sector, Government of Jharkhand for the year ended 31 march 2018",,Financial,Transport & Infrastructure,2017-18,https://cag.gov.in/en/audit-report/details/110685,"/webroot/uploads/download_audit_report/2017/Report 1 of 2020 RS 2017-18, Jharkhand, Eng-05f6c86e2410dd7.40400418.pdf",,2026-07-22T13:10:58Z,1/2020
Jharkhand,"Report No. 2 of 2020 - General, Social & Economic Sectors, Government of Jharkhand for the year ended 31 March 2018",,,Agriculture and Rural Development,2017-18,https://cag.gov.in/en/audit-report/details/110667,"/webroot/uploads/download_audit_report/2017/Report 2 of 2020 GSES 2017-18, Jharkhand, Eng-05f6c7ef871cbb3.88824404.pdf",,2026-07-22T13:10:58Z,2/2020
Jharkhand,"Report No. 1 of 2019 - State Finances, Government of Jharkhand for the year ended 31 March 2018",,Financial,Finance,2017-18,https://cag.gov.in/en/audit-report/details/110707,"/webroot/uploads/download_audit_report/2017/Report 1 of 2019 SF 2017-18, Jharkhand, Eng-05f6d859385e193.61786663.pdf",,2026-07-22T13:11:22Z,1/2019
Jharkhand,"Report No. 4 of 2018 - Public Sector Undertakings, Government of Jharkhand for the year ended 31 march 2017",,Compliance,General Sector Ministries and Constitutional Bodies,2016-17,https://cag.gov.in/en/audit-report/details/48756,/webroot/uploads/download_audit_report/2018/Report_4_of_2018_Public_Sector_Undertakings_Government_of_Jharkhand.pdf,,2026-07-22T13:12:14Z,4/2018
Jharkhand,"Report No. 3 of 2018 - General, Social and Economic Sectors, Government of Jharkhand for the year ended 31 march 2017",,,Social Welfare,2016-17,https://cag.gov.in/en/audit-report/details/48590,/webroot/uploads/download_audit_report/2018/Report_No_3_of_2018_General_Social_and_Economic_Sectors_Government_of_Jharkhandr.pdf,,2026-07-22T13:12:14Z,3/2018
Jharkhand,"Report No. 2 of 2018, State Finances, Government of Jharkhand for the year ended 31 march 2017",,Financial,Finance,2016-17,https://cag.gov.in/en/audit-report/details/46490,/webroot/uploads/download_audit_report/2018/Report_No_2_of_2018_-_State_Finances_Government_of_Jharkhand.pdf,,2026-07-22T13:12:27Z,2/2018
Jharkhand,"Report No. 1 of 2018 - Revenue Sector, Government of Jharkhand for the year ended 31 march 2017",,Financial,General Sector Ministries and Constitutional Bodies,2016-17,https://cag.gov.in/en/audit-report/details/46357,/webroot/uploads/download_audit_report/2018/Report_No_1_of_2018_-_Revenue_Sector_Government_of_Jharkhand.pdf,,2026-07-22T13:12:27Z,1/2018
Jharkhand,"Report No. 2 of 2017 - Public Sector Undertakings, Government of Jharkhand for the year ended 31 march 2016",,Compliance,General Sector Ministries and Constitutional Bodies,2015-16,https://cag.gov.in/en/audit-report/details/33120,/webroot/uploads/download_audit_report/2017/Report_No.2_of_2017_-_Public_Sector_Undertakings_Government_of_Jharkhand.pdf,,2026-07-22T13:13:11Z,2/2017
Jharkhand,Annual Technical Inspection Report of 2017 - Local Bodies Government of Jharkhand for the year ended 31 march 2016,,,Local Bodies,2015-16,https://cag.gov.in/en/audit-report/details/33087,/webroot/uploads/download_audit_report/2017/Annual_Technical_Inspection_Report_of_2017_-_Local_Bodies_Government_of_Jharkhand.pdf,,2026-07-22T13:13:11Z,
Jharkhand,"Report No. 1 of 2017 - General, Social and Economic Sectors, Government of Jharkhand for the year ended 31 march 2016",,,General Sector Ministries and Constitutional Bodies,2015-16,https://cag.gov.in/en/audit-report/details/32800,/webroot/uploads/download_audit_report/2017/Report_No.1_of_2017_-_General_Social_and_Economic_Sectors_Government_of_Jharkhand.pdf,,2026-07-22T13:13:11Z,1/2017
Jharkhand,"Report No. 5 of 2016 - State Finances, Government of Jharkhand for the year ended 31 march 2016",,Financial,Finance,2015-16,https://cag.gov.in/en/audit-report/details/33619,/webroot/uploads/download_audit_report/2016/Report_Report_No.5_of_2016_-_State_Finances_Government_of_Jharkhand.pdf,,2026-07-22T13:14:00Z,5/2016
Jharkhand,"Report No. 4 of 2016 - Revenue Sector, Government of Jharkhand for the year ended 31 march 2016",,Financial,Finance,2015-16,https://cag.gov.in/en/audit-report/details/27244,/webroot/uploads/download_audit_report/2016/Jharkhand_Report_No_4_of_2016_Revenue_Sector.pdf,,2026-07-22T13:14:08Z,4/2016
Jharkhand,"Report No. 2 of 2016 - Public Sector Undertakings, Government of Jharkhand for the year ended 31 march 2015",,Compliance,Industry and Commerce,2014-15,https://cag.gov.in/en/audit-report/details/21054,/webroot/uploads/download_audit_report/2016/Jharkhand_Public_Sector_Undertakings_Report_2_2016.pdf,,2026-07-22T13:14:41Z,2/2016
Jharkhand,Report No 1 of 2016 - General Social and Economic (Non-PSUs) Sectors Government of Jharkhand for the year ended 31 march 2015,,Compliance,Social Welfare,2014-15,https://cag.gov.in/en/audit-report/details/20844,/webroot/uploads/download_audit_report/2016/Jharkhand_General_Social_and_Economic_Non_PSUs_Report_1_ 2016.pdf,,2026-07-22T13:14:41Z,1/2016
Jharkhand,"Report No. 2 of 2015 - General, Social and Economic (Non-PSUs) Sectors, Government of Jharkhand for the year ended 31 March 2014",,Compliance,Finance,2013-14,https://cag.gov.in/en/audit-report/details/112956,/webroot/uploads/download_audit_report/2015/Report No.2_GSEs-05ffd3e46d7e395.70138029-06019106510b730.48537680.pdf,,2026-07-22T13:14:57Z,2/2015
Jharkhand,"Report of 2015 - State Finances, Government of Jharkhand for the year ended 31 march 2015",,Financial,Finance,2014-15,https://cag.gov.in/en/audit-report/details/20853,/webroot/uploads/download_audit_report/2015/Jharkhand_State_Finances_Report_2015.pdf,,2026-07-22T13:15:10Z,
Jharkhand,Report No. 3 of 2015 - Revenue Sector Government of Jharkhand for the year ended 31 march 2015,,Financial,Taxes and Duties,2014-15,https://cag.gov.in/en/audit-report/details/19866,/webroot/uploads/download_audit_report/2015/Jharkhand_Finance_Revenue_Sector_Report_3_2015.pdf,,2026-07-22T13:15:14Z,3/2015
Jharkhand,"Report of the Comptroller and Auditor General of India on State Finances for the year ended 31 March 2014, Government of Jharkhand",,Financial,Finance,2013-14,https://cag.gov.in/en/audit-report/details/6227,/webroot/uploads/download_audit_report/2015/Jharkhand_SF_2015.pdf,,2026-07-22T13:15:36Z,
Jharkhand,Report No. 1 of 2015 - Report of the Comptroller and Auditor General of India on Public Sector Undertakings of Government of Jharkhand for the year ended 31 March 2014,,Compliance,Transport & Infrastructure,2013-14,https://cag.gov.in/en/audit-report/details/6157,/webroot/uploads/download_audit_report/2015/Jharkhand_Report_1_2015_0.pdf,,2026-07-22T13:15:36Z,1/2015
Jharkhand,Report No. 3 of 2014 - Report on Revenue Sector of Government of Jharkhand for the year ended 31 march 2014,,Financial,Taxes and Duties,2013-14,https://cag.gov.in/en/audit-report/details/6085,/webroot/uploads/download_audit_report/2014/Jharkhand_Report_3_2014.pdf,,2026-07-22T13:21:06Z,3/2014
Jharkhand,"Report No. 2 of 2014 - Report of the Comptroller and Auditor General of India on General, Social and Economic (Non-PSUs) Sectors for the year ended 31 March 2013 of Government of Jharkhand",,Compliance,Finance,2012-13,https://cag.gov.in/en/audit-report/details/6011,/webroot/uploads/download_audit_report/2014/Jharkhand_Report_2_2014-0613732895213a4.12020841.pdf,,2026-07-22T13:21:06Z,2/2014
Jharkhand,Report No. 1 of 2014 - Report of the Comptroller and Auditor General of India on Public Sector Undertakings for the year ended 31 March 2013 of Government of Jharkhand,,Compliance,Power & Energy,2012-13,https://cag.gov.in/en/audit-report/details/5970,/webroot/uploads/download_audit_report/2014/Jharkhand_Report_1_2014.pdf,,2026-07-22T13:21:06Z,1/2014
Jharkhand,Report No. 5 of 2013 - Report on Revenue Sector of Government of Jharkhand,,Financial,Taxes and Duties,2012-13,https://cag.gov.in/en/audit-report/details/5908,/webroot/uploads/download_audit_report/2013/Jharkhand_Report_5_2013.pdf,,2026-07-22T13:31:18Z,5/2013
Jharkhand,Report No. 4 of 2013 - Performance Audit on Mahatma Gandhi National Rural Employment Guarantee Scheme of Government of Jharkhand,,Performance,Agriculture and Rural Development,2012-13,https://cag.gov.in/en/audit-report/details/5838,/webroot/uploads/download_audit_report/2013/Jharkhand_Report_4_2013.pdf,,2026-07-22T13:31:18Z,4/2013
Jharkhand,"Report No. 3 of 2013 - Report of the Comptroller and Auditor General of India on General, Social and Economic (Non-PSU) Sectors for the year ended 31 March 2012 of Government of Jharkhand",,Compliance,Local Bodies,2011-12,https://cag.gov.in/en/audit-report/details/5778,/webroot/uploads/download_audit_report/2013/Jharkhand_Report_3_2013 -060d18b733ede90.58737269.pdf,,2026-07-22T13:31:18Z,3/2013
Jharkhand,"Report No. 2 of 2013 - Report of the Comptroller and Auditor General of India on Public Sector Undertakings (General, Social, Economic and Revenue Sectors) for the year ended 31 March 2012 of Government of Jharkhand",,Compliance,Transport & Infrastructure,2011-12,https://cag.gov.in/en/audit-report/details/5733,/webroot/uploads/download_audit_report/2013/Jharkhand_Report_2_2013.pdf,,2026-07-22T13:31:18Z,2/2013
Jharkhand,"Report of the Comptroller and Auditor General of India on State Finances for the year ended 31 March 2012, Government of Jharkhand",,Financial,Finance,2011-12,https://cag.gov.in/en/audit-report/details/5677,/webroot/uploads/download_audit_report/2013/Jharkhand_Report_1_SF_2013.pdf,,2026-07-22T13:31:22Z,
Jharkhand,Report No. 1 of 2013 - Report on Revenue Sector of Government of Jharkhand,,Financial,Taxes and Duties,2012-13,https://cag.gov.in/en/audit-report/details/5647,/webroot/uploads/download_audit_report/2013/Jharkhand_Report_1_Revenue_2013.pdf,,2026-07-22T13:31:22Z,1/2013
Jharkhand,"Report of the Comptroller and Auditor General of India  Report No. 1 (State Finances)  for the year ended 31 March 2011, Government of Jharkhand",,Financial,Finance,2010-11,https://cag.gov.in/en/audit-report/details/5631,/webroot/uploads/download_audit_report/2012/Jharkhand_SF_2011.pdf,,2026-07-22T13:42:16Z,
Jharkhand,Report No.2 of 2012 - Report of the Comptroller and Auditor General of India (Civil and Commercial) for the year ended 31 March 2011 of Government of Jharkhand,,,Transport & Infrastructure,2010-11,https://cag.gov.in/en/audit-report/details/5535,/webroot/uploads/download_audit_report/2012/Jharkhand_Civil_2011.pdf,,2026-07-22T13:42:16Z,2/2012
Jharkhand,Report of 2011 - Report on Revenue Receipts of Government of Jharkhand,,,Taxes and Duties,2010-11,https://cag.gov.in/en/audit-report/details/5606,/webroot/uploads/download_audit_report/2011/Jharkhand_Revenue_2011.pdf,,2026-07-22T13:42:56Z,
Jharkhand,"Report of the Comptroller and Auditor General of India  Report No. 1 (State Finances)  for the year ended 31 March 2010, Government of Jharkhand",,Financial,Finance,2009-10,https://cag.gov.in/en/audit-report/details/5506,/webroot/uploads/download_audit_report/2011/Jharkhand_SF_2010.pdf,,2026-07-22T13:42:56Z,
Jharkhand,Report No. 2 of 2011 - Report of the Comptroller and Auditor General of India (Civil and Commercial) for the year ended 31 March 2010 of Government of Jharkhand,,,Power & Energy,2009-10,https://cag.gov.in/en/audit-report/details/5380,/webroot/uploads/download_audit_report/2011/Jharkhand_Civil_2010.pdf,,2026-07-22T13:42:56Z,2/2011
Jharkhand,Report of 2010 - Report on Revenue Receipts of Government of Jharkhand,,,Taxes and Duties,2009-10,https://cag.gov.in/en/audit-report/details/5472,/webroot/uploads/download_audit_report/2010/Jharkhand_Revenue_2010.pdf,,2026-07-22T13:43:49Z,
Jharkhand,"Report of the Comptroller and Auditor General of India on State Finances for the year ended 31 March 2009, Government of Jharkhand",,Financial,Finance,2008-09,https://cag.gov.in/en/audit-report/details/5345,/webroot/uploads/download_audit_report/2010/Jharkhand_SF_2009.pdf,,2026-07-22T13:43:49Z,
Jharkhand,Report of 2010 - Report of the Comptroller and Auditor General of India (Civil and Commercial) for the year ended 31 March 2009 of Government of Jharkhand,,,Power & Energy,2008-09,https://cag.gov.in/en/audit-report/details/5215,/webroot/uploads/download_audit_report/2010/Jharkhand_Civil_2009.pdf,,2026-07-22T13:43:49Z,
Jharkhand,Report of 2009 - Financial Audit on Revenue of Government of Jharkhand,,Financial,Taxes and Duties,2008-09,https://cag.gov.in/en/audit-report/details/5288,/webroot/uploads/download_audit_report/2009/Jharkhand_Revenue_2009.pdf,,2026-07-22T13:44:33Z,
Karnataka,Report of the Comptroller and Auditor General of India for the period ended March 2024- Report No. 1 of 2026,,,"Art, Culture and Sports",2023-24,https://cag.gov.in/en/audit-report/details/124960,/webroot/uploads/download_audit_report/2026/Report-of-the-CAG-of-India-for-the-period-ended-March-2024-English-version-069c51aaedcab35.17585321.pdf,,2026-07-22T13:04:41Z,1/2026
Karnataka,Report of the Comptroller and Auditor General of India on State Revenues for the period ended March 2024- Report No. 3 of 2026,,Financial,Taxes and Duties,2023-24,https://cag.gov.in/en/audit-report/details/124949,/webroot/uploads/download_audit_report/2026/Report-of-the-Comptroller-and-Auditor-General-of-India-on-State-Revenues-for-the-period-ended-March-2024--Report-No.-3-of-2026-069c60d8a133e16.82085064.pdf,,2026-07-22T13:04:45Z,3/2026
Karnataka,"Report of the Comptroller and Auditor General of India on State Finances for the year 2024-25, Government of Karnataka (Report No. 2 of 2026)",,Financial,Finance,2024-25,https://cag.gov.in/en/audit-report/details/124514,/webroot/uploads/download_audit_report/2026/Report-of-the-Comptroller-and-Auditor-General-of-India-on-State-Finances-for-the-year-2024-25---English-(1)-069c4e127015905.57315868.pdf,,2026-07-22T13:04:45Z,2/2026
Karnataka,Report of the Comptroller and Auditor General of India on Implementation of Jal Jeevan Mission - Report No. 12 of 2025,,,Local Bodies,2024-25,https://cag.gov.in/en/audit-report/details/124685,/webroot/uploads/download_audit_report/2025/Combined-Pdf_JJM-Final-03.03.26-069c25b7fcf4287.01649139.pdf,,2026-07-22T13:04:52Z,12/2025
Karnataka,Report of the Comptroller and Auditor General of India on Implementation of Smart City Mission - Report No. 11 of 2025 (Performance Audit - Civil),,Performance,Local Bodies,2024-25,https://cag.gov.in/en/audit-report/details/123892,/webroot/uploads/download_audit_report/2025/English-Print-final-06981dd464a8a09.83668109.pdf,,2026-07-22T13:05:03Z,11/2025
Karnataka,Report No.13  of the Comptroller and Auditor General of India on Mahatma Gandhi National Rural Employment Guarantee Scheme for the year ended March 2024,,,Agriculture and Rural Development,2023-24,https://cag.gov.in/en/audit-report/details/123873,/webroot/uploads/download_audit_report/2025/English-final-pdf-MGNREGS-with-signature-069c27a99698a17.10858290.pdf,,2026-07-22T13:05:03Z,
Karnataka,Report No 10 of the Comptroller and Auditor General of India on Implementation of Yettinahole Integrated Drinking Water Project for the year ended March 2023,,,Agriculture and Rural Development,2022-23,https://cag.gov.in/en/audit-report/details/123863,/webroot/uploads/download_audit_report/2025/1.-FINAL-PRINTABLE-BOND-COPY-24.12.2025-(ENGLISH)-0697c9e632f2512.57145486.pdf,,2026-07-22T13:05:09Z,
Karnataka,Report of the Comptroller and Auditor General of India on Disaster Management in Karnataka - Report No. 08 of 2025,,,Environment and Sustainable Development,2024-25,https://cag.gov.in/en/audit-report/details/123611,/webroot/uploads/download_audit_report/2025/REPORT-8-OF-2025---ENGLISH-0694389fd547e10.69426873.pdf,,2026-07-22T13:05:13Z,08/2025
Karnataka,Report No.9 of Comptroller and Auditor General of India on Implementation of Integrated Power Development Scheme (IPDS),,,Power & Energy,2024-25,https://cag.gov.in/en/audit-report/details/123465,/webroot/uploads/download_audit_report/2025/FINAL-IPADS-ENG-FOR-PRINT-069451e728f3563.16713623.pdf,,2026-07-22T13:05:16Z,
Karnataka,Report No. 7/ 2025 of the CAG of India on Pradhan Mantri Khanij Kshetra Kalyan Yojana (PMKKKY) including District Mineral Foundation Trust (DMFT),,,Industry and Commerce,2024-25,https://cag.gov.in/en/audit-report/details/123410,/webroot/uploads/download_audit_report/2025/english-PA-on-PMKKKY-final-06943857194d728.80070900.pdf,,2026-07-22T13:05:21Z,
Karnataka,Report of the Comptroller and Auditor General of India for the Period ended March 2023 - Report No. 6 of 2025 (Compliance Audit - Civil),,Compliance,Social Infrastructure,2022-23,https://cag.gov.in/en/audit-report/details/122573,/webroot/uploads/download_audit_report/2025/Compliance-Audit-Report-for-the-year-ended-March-2023-English-068a700dfe5c4f6.28455798.pdf,,2026-07-22T13:05:26Z,6/2025
Karnataka,Report of the Comptroller and Auditor General of India on Welfare of Building and other construction workers - Report No.2 of 2025 (Performance Audit - Civil),,Performance,Social Welfare,2024-25,https://cag.gov.in/en/audit-report/details/122532,/webroot/uploads/download_audit_report/2025/PA-on-Welfare-of-Building-and-Other-Construction-workers-in-Karnataka-English-068a5aa5c9a9f80.37316414.pdf,,2026-07-22T13:05:26Z,2/2025
Karnataka,Combined Annual Technical Inspection Report on Panchayat Raj institutions and Urban Local Bodies for the period 2020-2022,,Compliance,Local Bodies,2020-20,https://cag.gov.in/en/audit-report/details/122520,/webroot/uploads/download_audit_report/2025/Complete-Report-068a5811b293886.73515969.pdf,,2026-07-22T13:05:30Z,
Karnataka,Report of the Comptroller and Auditor General of India on State Revenues for the period ended March 2023 - Report No. 5 of 2025 (Compliance Audit-Civil),,Financial,,2022-23,https://cag.gov.in/en/audit-report/details/122518,/webroot/uploads/download_audit_report/2025/AR-2022-23-STATE-REVENUES-ENGLISH-068a58397a29d25.62834323.pdf,,2026-07-22T13:05:30Z,5/2025
Karnataka,"Report of the Comptroller and Auditor General of India on State Finances for the year 2023-24, Government of Karnataka (Report No. 4 of 2025)",,Financial,Finance,2023-24,https://cag.gov.in/en/audit-report/details/122006,"/webroot/uploads/download_audit_report/2024/Report-of-the-Comptroller-and-Auditor-General-of-India-on-State-Finances-for-the-year-2023-24,-Government-of-Karnataka-(Report-No.-4-of-2025)---English-version-068a5681816b4d4.80809774.pdf",,2026-07-22T13:05:34Z,4/2025
Karnataka,Report of the Comptroller and Auditor General of India year ended March 2023 - Report No - 3 of 2025,,,Transport & Infrastructure,2022-23,https://cag.gov.in/en/audit-report/details/121972,/webroot/uploads/download_audit_report/2023/REPORT-3-ENGLISH-068a6cd1d278e17.59235279.pdf,,2026-07-22T13:05:37Z,
Karnataka,Performance Audit on Functioning of Bengaluru Metropolitan Transport Corporation,,Performance,Transport & Infrastructure,2023-24,https://cag.gov.in/en/audit-report/details/121112,/webroot/uploads/download_audit_report/2024/BMTC-CAG-Report-English-0675eb03cefc943.49495445.pdf,,2026-07-22T13:06:29Z,
Karnataka,Report of the  Comptroller and Auditor General of India  on  Implementation of 73  Constitutional Amendment Act (Government of Karnataka  Report No. 10 of  2024  (Performance Audit - Civil)),,Performance,Local Bodies,2022-23,https://cag.gov.in/en/audit-report/details/121105,/webroot/uploads/download_audit_report/2023/Constitutional-Amendment-Act-Eng-Report-10-compressed-0675c042be230e3.76713805.pdf,,2026-07-22T13:06:29Z,10/2024
Karnataka,Report of the Comptroller and Auditor  General of India on  Public Health Infrastructure and  Management of Health Services  (Government of Karnataka  Report No.08 of the year 2024    Performance Audit Civil),,Performance,"Education, Health & Family Welfare",2021-22,https://cag.gov.in/en/audit-report/details/121104,/webroot/uploads/download_audit_report/2022/PUBLIC-HEALTH-Report-No.-8-Eng-0675bff96bd2ca2.88544443.pdf,,2026-07-22T13:06:29Z,
Karnataka,Report of the Comptroller and Auditor General of India  on Performance Audit of Supply Chain Management  of Public Distribution System for the year ended March 2022  (Government of Karnataka  Report No. 5 of the year 2024),,Performance,Social Welfare,2021-22,https://cag.gov.in/en/audit-report/details/121103,/webroot/uploads/download_audit_report/2023/Public-Distribution-System-Report-5-English-0675bfdfa295c34.77186163.pdf,,2026-07-22T13:06:29Z,
Karnataka,"Report of the  Comptroller and Auditor General of India on  Functioning of Primary Educational  Institutions in Karnataka (Government of Karnataka, Report No. 06 of  the Year 2024  Performance Audit - Civil)",,Performance,"Education, Health & Family Welfare",2022-23,https://cag.gov.in/en/audit-report/details/121102,/webroot/uploads/download_audit_report/2023/PRIMARY-EDUATION-Report-No.-6-Eng-0675bfc96174733.79140937.pdf,,2026-07-22T13:06:29Z,
Karnataka,Government of Karnataka  Report No. 7 of  2024  (Compliance Audit - Civil),,Compliance,,2021-22,https://cag.gov.in/en/audit-report/details/121101,/webroot/uploads/download_audit_report/2022/CAR-2021-22_ENGLISH_FOR-PRINT_Report-No.7-0675bf7257d9496.79143872.pdf,,2026-07-22T13:06:29Z,7/2024
Karnataka,Performance Audit on Preservation and Conservation of State Protected Historical Monuments and Antiquities in Karnataka,,Performance,"Art, Culture and Sports",2023-24,https://cag.gov.in/en/audit-report/details/120528,/webroot/uploads/download_audit_report/2024/Performance-Audit-on-Archeology-English-0675eb4ce3d13d2.13618931.pdf,,2026-07-22T13:06:45Z,
Karnataka,Compliance Audit on Departments and Public Sector Undertakings for the year ended March 2022,,Compliance,Social Infrastructure,2021-22,https://cag.gov.in/en/audit-report/details/119992,/webroot/uploads/download_audit_report/2024/AUDIT-II-REPORT-No.3-of-2024-English-066a241b7b9b7c4.37123517.pdf,,2026-07-22T13:06:53Z,
Karnataka,"Government of Karnataka Report No.02 of the year 2024 - Performance audit on Implementation of the Rights of Persons with Disabilities Act, 2016 (RPWD)",,Performance,Social Welfare,2023-24,https://cag.gov.in/en/audit-report/details/119876,/webroot/uploads/download_audit_report/2024/Full-Report-English-0669f99609b85c9.31581287.pdf,,2026-07-22T13:06:53Z,
Karnataka,Report No. 01 of the year 2024 - State Finance Audit Report of the Comptroller and Auditor General of India for the year ended March 2023,,Financial,Finance,2022-23,https://cag.gov.in/en/audit-report/details/119874,/webroot/uploads/download_audit_report/2024/SFAR_22-23_Approved_Bond_Coloured-(1)-0669f541d5ac236.87465594.pdf,,2026-07-22T13:06:53Z,
Karnataka,Report of the Comptroller and Auditor General of India on State Public Sector Enterprises for the period ended March 2023 (Report No. 1 of the year 2025),,Compliance,Science and Technology,2022-23,https://cag.gov.in/en/audit-report/details/121508,/webroot/uploads/download_audit_report/2023/SPSE-Report-for-the-period-ending-2023-Karnataka-067e82844099fb0.83214280.pdf,,2026-07-22T13:07:11Z,
Karnataka,"Report No.02 of 2023 - State Finance Audit Report for the year ended March 2022, Government of Karnataka",,Financial,Finance,2021-22,https://cag.gov.in/en/audit-report/details/118806,"/webroot/uploads/download_audit_report/2023/State-Finance-Audit-Report-of-the-Comptroller-and-Auditor-General-of-India-for-the-year-ended-March-2022,Government-of-Karnataka-Report-No.02-of-the-year-2023-064aedcd60f7fa6.01927290.pdf",,2026-07-22T13:07:46Z,02/2023
Karnataka,Compliance Audit for the year ended March 2021-Report No.1 of 2023,,Compliance,Finance,2020-21,https://cag.gov.in/en/audit-report/details/118224,/webroot/uploads/download_audit_report/2023/Compliance-Audit-for-the-year-ended-March-2021-Report-No.1-of-2023-0640eca44a72c05.53216862.pdf,,2026-07-22T13:09:15Z,1/2023
Karnataka,"CAG Report on Performance Audit on Karnataka Rural Infrastructure Development Limited, Government of Karnataka",,Performance,Agriculture and Rural Development,2021-22,https://cag.gov.in/en/audit-report/details/118012,/webroot/uploads/download_audit_report/2022/CAG-Report-on-Performance-Audit-on-Karnataka-Rural-Infrastructure-Development-Limited-063f87d42028da6.60340196.pdf,,2026-07-22T13:08:43Z,
Karnataka,"CAG Report on Performance Audit of Functioning of Kalyan Karnataka Region Development Board , Government of Karnataka",,Performance,General Sector Ministries and Constitutional Bodies,2021-22,https://cag.gov.in/en/audit-report/details/117967,/webroot/uploads/download_audit_report/2022/KKRDB-Consolidated-Report-English-063f74dd7d48100.07216289.pdf,,2026-07-22T13:08:43Z,
Karnataka,"Report No. 5 of 2022 - Performance Audit on Implementation of Deendayal Upadhyaya Gram Jyoti Yojana (DDUGJY)/ Pradhan Mantri Sahaj Bijli Har Ghar Yojana (SAUBHAGYA), Government of Karnataka.",,Performance,Power & Energy,2021-22,https://cag.gov.in/en/audit-report/details/117285,/webroot/uploads/download_audit_report/2022/DDUGJY ENGLISHI ALL PAGES-0632ae0143d4311.31295081.pdf,,2026-07-22T13:08:50Z,5/2022
Karnataka,"Report No. 3 of 2022 - Compliance Audit on Departments and Public Sector Undertakings for the year ended March 2020, Government of Karnataka.",,Compliance,Power & Energy,2019-20,https://cag.gov.in/en/audit-report/details/117219,/webroot/uploads/download_audit_report/2022/Compliance Audit Report 2019-20 english-0632ab9380d0a57.00597699.pdf,,2026-07-22T13:08:50Z,3/2022
Karnataka,Report No. 2 of 2022 - Performance Audit of Direct Benefit Transfer,,Performance,General Sector Ministries and Constitutional Bodies,2021-22,https://cag.gov.in/en/audit-report/details/117169,/webroot/uploads/download_audit_report/2022/Performance Audit of Direct Benefit Transfer-0632329ede44685.62105221.pdf,,2026-07-22T13:08:54Z,2/2022
Karnataka,"Report No. 1 of 2022-State Finances, Government of Karnataka",,Financial,Finance,2021-22,https://cag.gov.in/en/audit-report/details/115941,/webroot/uploads/download_audit_report/2022/Report No. 1 of 2022 Govt. of Karnataka_SFAR-062a05f9c56d834.53476302.pdf,,2026-07-22T13:09:06Z,1/2022
Karnataka,Annual Technical Inspection Report of Panchayat Raj Institutions and Urban Local Bodies for the year ended 31 March 2019 and 31 March 2020,,Compliance,Local Bodies,2018-19,https://cag.gov.in/en/audit-report/details/115592,/webroot/uploads/download_audit_report/2022/ATR ENGLISH FINAl feb 02-062341e8f21a1c2.27857815.pdf,,2026-07-22T13:09:06Z,
Karnataka,"Performance Audit on “Planning and Contract Management of Road Works in Public Works Department""",,Performance,Transport & Infrastructure,2020-21,https://cag.gov.in/en/audit-report/details/118180,/webroot/uploads/download_audit_report/2021/Contract-Management-ENGLISH-(Recovered-1)-06406e0f41d1e42.22736124.pdf,,2026-07-22T13:09:15Z,
Karnataka,Compliance Audit Report on Departments and PSUs for the year ended March 2021,,Compliance,Industry and Commerce,2020-21,https://cag.gov.in/en/audit-report/details/118178,/webroot/uploads/download_audit_report/2021/Compliance-AR-2021-(Report-No.-7)-Karnataka-Au-II-english-06406d4bcd06435.78280936.pdf,,2026-07-22T13:09:15Z,
Karnataka,"Report No. 4  of the year 2021 - Performance Audit Report on Integrated Financial Management System - Khajane -II, Government of Karnataka.",,Performance,Finance,2020-21,https://cag.gov.in/en/audit-report/details/117308,/webroot/uploads/download_audit_report/2021/k2_compressed_eng-0632c082937de12.10612683.pdf,,2026-07-22T13:09:26Z,
Karnataka,"Report No.4 of 2022 - Performance Audit of Implementation of Housing Schemes for Urban Poor in Karnataka, Government of Karnataka.",,Performance,Social Infrastructure,2020-21,https://cag.gov.in/en/audit-report/details/117248,/webroot/uploads/download_audit_report/2021/HFA ENGLISH-06334255952f936.86422917.pdf,,2026-07-22T13:09:26Z,4/2022
Karnataka,PA on functioning of KARNATAKA STATE ROAD SAFETY AUTHORITY,,Performance,Transport & Infrastructure,2020-21,https://cag.gov.in/en/audit-report/details/115561,/webroot/uploads/download_audit_report/2021/Report No. 5 of 2021 Govt. of Karnataka_PA -062b18ae4e863e6.89140363.pdf,,2026-07-22T13:09:39Z,
Karnataka,Government of Karnataka Report No. 03 of the year 2021 - Compliance Audit Reportof the Comptroller and Auditor General of India for the year ended March 2020,,Compliance,"Education, Health & Family Welfare",2019-20,https://cag.gov.in/en/audit-report/details/114463,/webroot/uploads/download_audit_report/2021/9. Full Report-0614b01d87f87e6.86228196.pdf,,2026-07-22T13:10:04Z,
Karnataka,"Government of Karnataka Report No.2 of the year 2021 - Performance Audit of Management of Storm Water in Bengaluru Urban area, Audit Report of the Comptroller and Auditor General of India",,Performance,,2020-21,https://cag.gov.in/en/audit-report/details/114419,/webroot/uploads/download_audit_report/2021/10. Full Report-061430461ae16f4.22975494.pdf,,2026-07-22T13:10:04Z,
Karnataka,Government of Karnataka Report No. 01 of the year 2021 - State Finance Audit Report of the Comptroller and Auditor General of India for the year ended March 2020,,Financial,Finance,2019-20,https://cag.gov.in/en/audit-report/details/114399,/webroot/uploads/download_audit_report/2020/SFAR 2020 English-06142e3722594c9.62919691.pdf,,2026-07-22T13:10:04Z,
Karnataka,Report 5 of the year 2020 - Public Sector Undertakings for the year ended March 2019,,Compliance,Industry and Commerce,2018-19,https://cag.gov.in/en/audit-report/details/113160,/webroot/uploads/download_audit_report/2020/AR 2018-19 PSU Karnataka English-0601bbcf9854907.02066113.pdf,,2026-07-22T13:10:46Z,
Karnataka,"Report No.4 of 2020 - Economic and Revenue Sectors for the year ended March 2019, Government of Karnataka",,,Finance,2018-19,https://cag.gov.in/en/audit-report/details/112936,/webroot/uploads/download_audit_report/2020/Audit Report (E&RSA)-2018-19 (English)-05fd715afe7edb0.27080904.pdf,,2026-07-22T13:10:50Z,4/2020
Karnataka,"Report No.3 of 2020 - General and Social sector for the year ended March 2019, Government of Karnataka",,,General Sector Ministries and Constitutional Bodies,2018-19,https://cag.gov.in/en/audit-report/details/112920,/webroot/uploads/download_audit_report/2020/Report 3 of 2020_English-05fd1cdd9c123c4.02129258.pdf,,2026-07-22T13:10:50Z,3/2020
Karnataka,"Report No.1 of 2020 - State Finance, Government of Karnataka",,Financial,Finance,2019-20,https://cag.gov.in/en/audit-report/details/110774,"/webroot/uploads/download_audit_report/2020/Report No. 1 of 2020-State Finances, Government of Karnataka-05f757fa442f3a3.08685578.pdf",,2026-07-22T13:10:53Z,1/2020
Karnataka,"Report No.2 of 2020 - Performance audit of Implementation of 74th Constitutional Amendment Act, Government of Karnataka",,Performance,Local Bodies,2019-20,https://cag.gov.in/en/audit-report/details/110761,/webroot/uploads/download_audit_report/2020/Full report  English-05f757c1f8c7e46.52858465.pdf,,2026-07-22T13:10:58Z,2/2020
Karnataka,"Report no. 5 of 2019 - PSU, Government of Karnataka",,,Power & Energy,2018-19,https://cag.gov.in/en/audit-report/details/58276,/webroot/uploads/download_audit_report/2019/Report_no_5_of_2019_PSU_Government_of_Karnataka_0.pdf,,2026-07-22T13:11:30Z,5/2019
Karnataka,Report no 4 of 2019 - General and Social Sector Government of Karnataka,,,General Sector Ministries and Constitutional Bodies,2018-19,https://cag.gov.in/en/audit-report/details/56109,/webroot/uploads/download_audit_report/2019/Report_No_4_of_2019_General_and_Social_Sector_Government_of_Karnataka.pdf,,2026-07-22T13:11:42Z,4/2019
Karnataka,"Report No.3 of 2019 - Economic Sector, Government of Karnataka",,,Taxes and Duties,2018-19,https://cag.gov.in/en/audit-report/details/55704,/webroot/uploads/download_audit_report/2019/Report_No_3_of_2019_Economic_Sector_Government_of_Karnataka_1.pdf,,2026-07-22T13:11:42Z,3/2019
Karnataka,"Report No.2 of 2019 - State Finance, Government of Karnataka",,Financial,Finance,2018-19,https://cag.gov.in/en/audit-report/details/55686,/webroot/uploads/download_audit_report/2019/Report_No_2_of_2019_State_Finance_Government_of_Karnataka.pdf,,2026-07-22T13:11:42Z,2/2019
Karnataka,"Report No.1 of 2019 - Revenue Sector, Government of Karnataka",,Financial,Taxes and Duties,2018-19,https://cag.gov.in/en/audit-report/details/55369,/webroot/uploads/download_audit_report/2019/Report_No_1_of_2019_Revenue_Sector_Government_of_Karnataka.pdf,,2026-07-22T13:11:45Z,1/2019
Karnataka,"Report No.5 of 2018 - Grant, Lease, Eviction of Encroachment and Regularisation of Unauthorised Occupation of the Government Lands, Government of Karnataka",,,Environment and Sustainable Development,2017-18,https://cag.gov.in/en/audit-report/details/49792,/webroot/uploads/download_audit_report/2018/Report_No_5_of_2018_Grant_Lease_Eviction_of_Encroachment_and_Regularisation_of_Unauthorised_Occupation_of_the_Government_Lands_Government_of_Karnataka.pdf,,2026-07-22T13:12:10Z,5/2018
Karnataka,Report No.2 of 2018 - General and Social Sector Government of Karnataka,,,General Sector Ministries and Constitutional Bodies,2017-18,https://cag.gov.in/en/audit-report/details/45953,/webroot/uploads/download_audit_report/2018/Report_No_2_of_2018_-_General_and_Social_Sector_Government_of_Karnataka.pdf,,2026-07-22T13:12:27Z,2/2018
Karnataka,Report No.1 of 2018 - State Finances Government of Karnataka,,Financial,Finance,2017-18,https://cag.gov.in/en/audit-report/details/45844,/webroot/uploads/download_audit_report/2018/Report_No_1_of_2018_-_State_Finances_Government_of_Karnataka.pdf,,2026-07-22T13:12:32Z,1/2018
Karnataka,Report No.3 of 2018 - Public Sector Undertakings Government of Karnataka,,Compliance,Industry and Commerce,2017-18,https://cag.gov.in/en/audit-report/details/44262,/webroot/uploads/download_audit_report/2018/Report_No_3_of_2018_-_Public_Sector_Undertakings_Government_of_Karnataka.pdf,,2026-07-22T13:12:40Z,3/2018
Karnataka,Report No.9 of 2017 - Local Bodies Government of Karnataka,,,Local Bodies,2016-17,https://cag.gov.in/en/audit-report/details/45436,/webroot/uploads/download_audit_report/2017/Report_No_9_of_2017_-_Local_Bodies_Government_of_Karnataka.pdf,,2026-07-22T13:12:59Z,9/2017
Karnataka,Report No.8 of 2017 - Economic Sector Government of Karnataka,,,Finance,2016-17,https://cag.gov.in/en/audit-report/details/44968,/webroot/uploads/download_audit_report/2017/Report_No_8_of_2017_-_Economic_Sector_Government_of_Karnataka.pdf,,2026-07-22T13:12:59Z,8/2017
Karnataka,Report No.7 of 2017 - Revenue Sector Government of Karnataka,,Financial,Taxes and Duties,2016-17,https://cag.gov.in/en/audit-report/details/44279,/webroot/uploads/download_audit_report/2017/Report_No_7_of_2017_–_Revenue_Sector_Government_of_Karnataka.pdf,,2026-07-22T13:13:03Z,7/2017
Karnataka,Report No.6 of 2017 - Administration of National Parks and Wildlife Sanctuaries Government of Karnataka,,,Environment and Sustainable Development,2016-17,https://cag.gov.in/en/audit-report/details/31134,/webroot/uploads/download_audit_report/2017/Report_No.6_of_2017_-_Administration_of_National_Parks_and_Wildlife_Sanctuaries_Government_of_Karnataka.pdf,,2026-07-22T13:13:19Z,6/2017
Karnataka,Report No.4 of 2017 - Public Sector Undertakings Government of Karnataka,,Compliance,General Sector Ministries and Constitutional Bodies,2016-17,https://cag.gov.in/en/audit-report/details/30923,/webroot/uploads/download_audit_report/2017/Report_No.4_of_2017_-_Public_Sector_Undertakings_Government_of_Karnataka.pdf,,2026-07-22T13:13:19Z,4/2017
Karnataka,Report No.5 of 2017 - Local Bodies Government of Karnataka,,,Local Bodies,2016-17,https://cag.gov.in/en/audit-report/details/30124,/webroot/uploads/download_audit_report/2017/Report_No.5_of_2017_-_Local_Bodies_Government_of_Karnataka.pdf,,2026-07-22T13:13:19Z,5/2017
Karnataka,Report No.2 of 2017 - General and Social Sector Government of Karnataka,,,General Sector Ministries and Constitutional Bodies,2016-17,https://cag.gov.in/en/audit-report/details/30112,/webroot/uploads/download_audit_report/2017/Report_No.2_of_2017_-_General_and_Social_Sector_Government_of_Karnataka.pdf,,2026-07-22T13:13:23Z,2/2017
Karnataka,Report No.3 of 2017 - Economic Sector Government of Karnataka,,,Finance,2016-17,https://cag.gov.in/en/audit-report/details/30089,/webroot/uploads/download_audit_report/2017/Report_No.3_of_2017_-_Economic_Sector_Government_of_Karnataka.pdf,,2026-07-22T13:13:23Z,3/2017
Karnataka,"Report No 1 of 2017 - State Finance, Government of Karnataka",,Financial,Finance,2016-17,https://cag.gov.in/en/audit-report/details/29465,/webroot/uploads/download_audit_report/2017/Karnataka_Report_No_1_of_2017_on_State_Finance.pdf,,2026-07-22T13:13:23Z,1/2017
Karnataka,Report No.5 of 2016 - Revenue Sector Government of Karnataka,,Financial,Finance,2015-16,https://cag.gov.in/en/audit-report/details/29735,/webroot/uploads/download_audit_report/2016/Report_No.5_of_2016_-_Revenue_Sector_Government_of_Karnataka.pdf,,2026-07-22T13:14:00Z,5/2016
Karnataka,Report No 3 of 2016 - PSUs Government of Karnataka,,,Finance,2015-16,https://cag.gov.in/en/audit-report/details/25210,/webroot/uploads/download_audit_report/2016/Karnataka_PSUs_Report_No_3_2016.pdf,,2026-07-22T13:14:11Z,3/2016
Karnataka,Report No 3 of 2015 - Revenue Sector Government of Karnataka,,Financial,Finance,2015-16,https://cag.gov.in/en/audit-report/details/25193,/webroot/uploads/download_audit_report/2016/Karnataka_Revenue_Sector_Report_3_2015.pdf,,2026-07-22T13:14:16Z,3/2015
Karnataka,Report No 1 of 2016 - Social Sectors Government of Karnataka,,,Social Welfare,2015-16,https://cag.gov.in/en/audit-report/details/22155,/webroot/uploads/download_audit_report/2016/Karnataka_Social_Sector _Report_1_2016.pdf,,2026-07-22T13:14:32Z,1/2016
Karnataka,Report 2016 - State Finances Government of Karnataka,,Financial,Finance,2015-16,https://cag.gov.in/en/audit-report/details/22146,/webroot/uploads/download_audit_report/2016/Karnataka_State_Finances_Report_2016.pdf,,2026-07-22T13:14:32Z,
Karnataka,Report No 2 of 2016 - Economic Sector Government of Karnataka,,,Finance,2015-16,https://cag.gov.in/en/audit-report/details/19723,/webroot/uploads/download_audit_report/2016/Report No 2 of 2016 - Economic Sector Government of Karnataka.pdf,,2026-07-22T13:14:49Z,2/2016
Karnataka,"Report No. 1 of 2015 - Performance audit on Conservation and Ecological restoration of Lakes under the jurisdiction of Lake Development,   Government of Karnataka",,Performance,,2014-15,https://cag.gov.in/en/audit-report/details/12412,/webroot/uploads/download_audit_report/2015/Karnataka_Report_1_2015.pdf,,2026-07-22T13:15:22Z,1/2015
Karnataka,Report No. 10 of 2014 - Performance and Compliance Audit on Social Sector of Government of Karnataka,,Compliance,,2013-14,https://cag.gov.in/en/audit-report/details/12431,/webroot/uploads/download_audit_report/2014/Karnataka_Report_10_2014.pdf,,2026-07-22T13:15:55Z,10/2014
Karnataka,Report of 2014 - Financial and Performance Audit on State Finances of Government of Karnataka,,Performance,,2013-14,https://cag.gov.in/en/audit-report/details/7737,/webroot/uploads/download_audit_report/2014/Karnataka_SF_2014.pdf,,2026-07-22T13:16:13Z,
Karnataka,Report No. 9 of 2014 - Financial Audit on Public Sector Undertakings of Government of Karnataka,,Financial,,2013-14,https://cag.gov.in/en/audit-report/details/7660,/webroot/uploads/download_audit_report/2014/Karnataka_Report_9_2014.pdf,,2026-07-22T13:16:13Z,9/2014
Karnataka,Report No. 8 of 2014 - Compliance and Performance Audit on Economic Sector of Government of Karnataka,,Performance,,2013-14,https://cag.gov.in/en/audit-report/details/7616,/webroot/uploads/download_audit_report/2014/Karnataka_Report_8_2014.pdf,,2026-07-22T13:16:13Z,8/2014
Karnataka,Report No. 7 of 2014 - Compliance and Performance Audit on Revenue Sector of Government of Karnataka,,Performance,Taxes and Duties,2013-14,https://cag.gov.in/en/audit-report/details/7550,/webroot/uploads/download_audit_report/2014/Karnataka_Report_7_2014.pdf,,2026-07-22T13:16:17Z,7/2014
Karnataka,Report No. 5 of 2014 - Compliance and Performance Audit on Local Bodies of Government of Karnataka,,Performance,,2013-14,https://cag.gov.in/en/audit-report/details/7465,/webroot/uploads/download_audit_report/2014/Karnataka_Report_5_2014.pdf,,2026-07-22T13:16:17Z,5/2014
Karnataka,Report No. 4 of 2014 - Compliance and Performance Audit on Public Sector Undertakings of Government of Karnataka,,Performance,,2013-14,https://cag.gov.in/en/audit-report/details/7382,/webroot/uploads/download_audit_report/2014/Karnataka_Report_4_2014.pdf,,2026-07-22T13:16:17Z,4/2014
Karnataka,Report No. 3 of 2014 - Compliance and Performance Audit on General and Social Sector of Government of Karnataka,,Performance,,2013-14,https://cag.gov.in/en/audit-report/details/7328,/webroot/uploads/download_audit_report/2014/Karnataka_Report_3_2014.pdf,,2026-07-22T13:16:17Z,3/2014
Karnataka,Report No. 2 of 2014 - Compliance and Performance Audit on Economic Sector of Government of Karnataka,,Performance,,2013-14,https://cag.gov.in/en/audit-report/details/7290,/webroot/uploads/download_audit_report/2014/Karnataka_Report_2_2014.pdf,,2026-07-22T13:16:17Z,2/2014
Karnataka,Report No. 1 of 2014 - Performance Audit on Revenue Sector of Government of Karnataka,,Performance,Taxes and Duties,2013-14,https://cag.gov.in/en/audit-report/details/7215,/webroot/uploads/download_audit_report/2014/Karnataka_Report_1_2014.pdf,,2026-07-22T13:16:21Z,1/2014
Karnataka,Report No. 6 of 2014 - Performance Audit on Acquisition and Development of land and Allotment of Karnataka Housing Board of Government of Karnataka,,Performance,Social Infrastructure,2013-14,https://cag.gov.in/en/audit-report/details/610,/webroot/uploads/download_audit_report/2014/Karnataka_housing_sector_6_2014.pdf,,2026-07-22T13:21:18Z,6/2014
Karnataka,"Report of 2013 - Compliance, Financial and Performance Audit on State Finances of Government of Karnataka",,Performance,,2012-13,https://cag.gov.in/en/audit-report/details/7158,/webroot/uploads/download_audit_report/2013/Karnataka_SF_2013.pdf,,2026-07-22T13:31:08Z,
Karnataka,Report No. 7 of 2013 - Performance Audit on Mahatma Gandhi National Rural Employment Guarantee Scheme of Government of Karnataka,,Performance,,2012-13,https://cag.gov.in/en/audit-report/details/7079,/webroot/uploads/download_audit_report/2013/Karnataka_Report_7_2013.pdf,,2026-07-22T13:31:08Z,7/2013
Karnataka,Report No. 5 of 2013 - Compliance and Performance Audit on Economic & Revenue Services Sector of Government of Karnataka,,Performance,,2012-13,https://cag.gov.in/en/audit-report/details/6876,/webroot/uploads/download_audit_report/2013/Karnataka_Report_5_2013.pdf,,2026-07-22T13:31:08Z,5/2013
Karnataka,Report No. 4 of 2013 - Performance Audit on Public Sector Undertakings of Government of Karnataka,,Performance,,2012-13,https://cag.gov.in/en/audit-report/details/6806,/webroot/uploads/download_audit_report/2013/Karnataka_Report_4_2013.pdf,,2026-07-22T13:31:14Z,4/2013
Karnataka,Report No. 3 of 2013 - Performance Audit on Revenue Receipts of Government of Karnataka,,Performance,Taxes and Duties,2012-13,https://cag.gov.in/en/audit-report/details/6716,/webroot/uploads/download_audit_report/2013/Karnataka_Report_3_2013.pdf,,2026-07-22T13:31:14Z,3/2013
Karnataka,Report No. 2 of 2013 - Compliance and Performance Audit on General and Social Sector of Government of Karnataka,,Performance,,2012-13,https://cag.gov.in/en/audit-report/details/6638,/webroot/uploads/download_audit_report/2013/Karnataka_Report_2_2013.pdf,,2026-07-22T13:31:18Z,2/2013
Karnataka,Report No. 3 of 2012 - Performance Audit on De-notification of land by Government and Allotment of sites by Bangalore Development Authority of Government of Karnataka,,Performance,,2011-12,https://cag.gov.in/en/audit-report/details/6566,/webroot/uploads/download_audit_report/2012/Karnataka_Report_3_2012.pdf,,2026-07-22T13:42:08Z,3/2012
Karnataka,Report No. 2 of 2012 - Performance Audit on Revenue of Government of Karnataka,,Performance,,2011-12,https://cag.gov.in/en/audit-report/details/6488,/webroot/uploads/download_audit_report/2012/Karnataka_Report_2_2012.pdf,,2026-07-22T13:42:08Z,2/2012
Karnataka,Report of 2011 - Performance Audit on Acquisition and allotment of land by Karnataka Industrial Area Development Board of Government of Karnataka,,Performance,,2010-11,https://cag.gov.in/en/audit-report/details/6444,/webroot/uploads/download_audit_report/2011/Karnataka_Perf_Audit_2011.pdf,,2026-07-22T13:42:51Z,
Karnataka,"Report of 2011 - Compliance, Financial and Performance Audit on State Finance of Government of Karnataka",,Performance,,2010-11,https://cag.gov.in/en/audit-report/details/6375,/webroot/uploads/download_audit_report/2011/Karnataka_SF_2011.pdf,,2026-07-22T13:42:51Z,
Karnataka,Report of 2011 - Performance Audit on Revenue of Government of Karnataka,,Performance,Taxes and Duties,2010-11,https://cag.gov.in/en/audit-report/details/6261,/webroot/uploads/download_audit_report/2011/Karnataka_Revenue_2011.pdf,,2026-07-22T13:42:51Z,
Karnataka,Report of 2011 - Financial Audit on Commercial of Government of Karnataka,,Financial,,2010-11,https://cag.gov.in/en/audit-report/details/6187,/webroot/uploads/download_audit_report/2011/Karnataka_Commercial_2011.pdf,,2026-07-22T13:42:51Z,
Karnataka,Report of 2011 - Compliance and Performance Audit on Civil of Government of Karnataka,,Performance,,2010-11,https://cag.gov.in/en/audit-report/details/6146,/webroot/uploads/download_audit_report/2011/Karnataka_Civil_2011_1.pdf,,2026-07-22T13:42:51Z,
Karnataka,"Report of 2010 - Compliance, Financial and Performance Audit on State Finances of Government of Karnataka",,Performance,,2009-10,https://cag.gov.in/en/audit-report/details/6086,/webroot/uploads/download_audit_report/2010/Karnataka_SF_2010.pdf,,2026-07-22T13:43:45Z,
Karnataka,Report of 2010 - Financial Audit on Revenue of Government of Karnataka,,Financial,Taxes and Duties,2009-10,https://cag.gov.in/en/audit-report/details/6003,/webroot/uploads/download_audit_report/2010/Karnataka_Revenue_2010.pdf,,2026-07-22T13:43:45Z,
Karnataka,Report of 2010 - Financial Audit on Commercial of Government of Karnataka,,Financial,,2009-10,https://cag.gov.in/en/audit-report/details/5933,/webroot/uploads/download_audit_report/2010/Karnataka_Commercial_2010.pdf,,2026-07-22T13:43:45Z,
Karnataka,Report of 2010 - Compliance and Performance Audit on Civil of Government of Karnataka,,Performance,,2009-10,https://cag.gov.in/en/audit-report/details/5899,/webroot/uploads/download_audit_report/2010/Karnataka_Civil_2010.pdf,,2026-07-22T13:43:45Z,
Karnataka,"Report of 2009 - Compliance, Financial and Performance Audit on State Finance of Government of Karnataka",,Performance,Finance,2008-09,https://cag.gov.in/en/audit-report/details/5847,/webroot/uploads/download_audit_report/2009/Karnataka_SF_2009.pdf,,2026-07-22T13:44:28Z,
Karnataka,Report of 2009 - Financial Audit on Revenue of Government of Karnataka,,Financial,,2008-09,https://cag.gov.in/en/audit-report/details/5789,/webroot/uploads/download_audit_report/2009/Karnataka_Revenue_2009.pdf,,2026-07-22T13:44:28Z,
Karnataka,Report of 2009 - Financial Audit on Commercial of Government of Karnataka,,Financial,,2008-09,https://cag.gov.in/en/audit-report/details/5688,/webroot/uploads/download_audit_report/2009/Karnataka_Commercial_2009.pdf,,2026-07-22T13:44:28Z,
Karnataka,Report of 2009 - Performance Audit on Civil of Government of Karnataka,,Performance,Local Bodies,2008-09,https://cag.gov.in/en/audit-report/details/5526,/webroot/uploads/download_audit_report/2009/Karnataka_Civil_2009_0.pdf,,2026-07-22T13:44:33Z,
Kerala,Report No. 1 of 2026-Report of the Comptroller and Auditor General of India on State Finances for the year 2024-25,,Financial,Finance,2024-25,https://cag.gov.in/en/audit-report/details/125399,/webroot/uploads/download_audit_report/2026/SFAR-2024-25_English-06a3a4aa7c2a914.08057147.pdf,,2026-07-22T13:04:41Z,1/2026
Kerala,"Report No.2 of 2026-The Report of the Comptroller and Auditor General of India on State Revenues for the period ended March 2024, Government of Kerala",,Financial,Taxes and Duties,2023-24,https://cag.gov.in/en/audit-report/details/125387,/webroot/uploads/download_audit_report/2024/Audit-Report-2024_Full-Report-(1)-06a3a2fe6bab711.92275972.pdf,,2026-07-22T13:04:41Z,2/2026
Kerala,Report No.6 of 2025-Combined Report of the Comptroller and Auditor General of India for the period ended March 2023,,,Finance,2022-23,https://cag.gov.in/en/audit-report/details/124142,/webroot/uploads/download_audit_report/2023/AR-2023-Full-Report-English-0699d3a24d616d1.68793453.pdf,,2026-07-22T13:05:00Z,6/2025
Kerala,Report No. 7 - Implementation of Atal Mission for Rejuvenation and Urban Transformation in Kerala,,,,2024-25,https://cag.gov.in/en/audit-report/details/124108,/webroot/uploads/download_audit_report/2025/Print-version-english_AMRUT_Kerala_10.12.25-with-legislature-date-0699d302521f715.11884185.pdf,,2026-07-22T13:05:00Z,
Kerala,Report No. 11 of 2025 - Audit Report for the period ended March 2024,,,,2023-24,https://cag.gov.in/en/audit-report/details/123864,/webroot/uploads/download_audit_report/2025/1.-Report-of-the-CAG-of-India-for-the-period-ended-March-2024-_Report-No.11-of-2025-0699d503cc549c8.77653104.pdf,,2026-07-22T13:05:09Z,11/2025
Kerala,Report No.9 - Implementation of Mahatma Gandhi National Rural Employment Guarantee Act,,,,2024-25,https://cag.gov.in/en/audit-report/details/123837,/webroot/uploads/download_audit_report/2025/Print-version_MGNREGA_(English)-14.01.2025-proof-print-mod-with-legislature-date-0699d38fe9768b3.68014422.pdf,,2026-07-22T13:05:09Z,
Kerala,Report No.8 - Local Self-Government Institutions for the year ended March 2023,,,Local Bodies,2022-23,https://cag.gov.in/en/audit-report/details/123747,/webroot/uploads/download_audit_report/2025/AR-2023---Bond-Copy-Corrected-for-Printing_22.01.2026-with-legislature-date-0699d36b5e3c336.79169644.pdf,,2026-07-22T13:05:09Z,
Kerala,Report No. 10 of 2025 - Jal Jeevan Mission,,,,2024-25,https://cag.gov.in/en/audit-report/details/123724,/webroot/uploads/download_audit_report/2025/1.PA-on-JJM--English-0699d4ee1651af6.08263828.pdf,,2026-07-22T13:05:09Z,10/2025
Kerala,"Report No. 3 of the year 2025   - State Finances Audit Report for the year 2023-24, Government of Kerala",,Financial,Finance,2023-24,https://cag.gov.in/en/audit-report/details/123437,/webroot/uploads/download_audit_report/2025/Report-2023-24-Single-file-06902e4e81dd290.55444935.pdf,,2026-07-22T13:05:16Z,
Kerala,Report No.2 of 2025 - Performance Audit on E-way Bill System under GST,,Performance,Finance,2024-25,https://cag.gov.in/en/audit-report/details/123390,/webroot/uploads/download_audit_report/2025/EWB--English-068e780dad9a787.35413809.pdf,,2026-07-22T13:05:21Z,2/2025
Kerala,Report No.4 of 2025 - Performance Audit on Integrated Financial Management System - Kerala,,Performance,Finance,2024-25,https://cag.gov.in/en/audit-report/details/123375,/webroot/uploads/download_audit_report/2025/IFMS-English-068e77bc8d9b403.06993790.pdf,,2026-07-22T13:05:21Z,4/2025
Kerala,Report No. 5 of the year 2025 - Compliance Audit Report for the year ended 31 March 2023,,Compliance,"Education, Health & Family Welfare",2022-23,https://cag.gov.in/en/audit-report/details/122004,/webroot/uploads/download_audit_report/2025/CAG-Report-No-5-of-2025-English-068e75a76eb9591.59570293.pdf,,2026-07-22T13:05:37Z,
Kerala,"Report No. 1 of 2025 - Audit Report on State Public Sector Enterprises for the period ended March 2023, Government of Kerala",,Compliance,Finance,2022-23,https://cag.gov.in/en/audit-report/details/121808,/webroot/uploads/download_audit_report/2025/Audit-Report-PSEs-2022-23-signed-copy-english-cover-pages-067e25a56bc8b76.50629035.pdf,,2026-07-22T13:05:37Z,1/2025
Kerala,Report No. 7 of the year 2024 - Performance Audit on Welfare of Building and Other Construction Workers,,Performance,Industry and Commerce,2023-24,https://cag.gov.in/en/audit-report/details/121798,/webroot/uploads/download_audit_report/2024/Welfare-Cess---English-067e2520aa8af98.51757823.pdf,,2026-07-22T13:06:16Z,
Kerala,Report No. 6 of the year 2024 - Performance Audit on Public Health Infrastructure and Management of Health Services,,Performance,"Education, Health & Family Welfare",2023-24,https://cag.gov.in/en/audit-report/details/121360,/webroot/uploads/download_audit_report/2024/English_PHIMHS_20.01.2025-0678f47acd40e43.32634232.pdf,,2026-07-22T13:06:23Z,
Kerala,"Report No. 5 of the year 2024 - State Finances Audit Report, Government of Kerala",,Financial,Finance,2023-24,https://cag.gov.in/en/audit-report/details/120801,/webroot/uploads/download_audit_report/2024/SFAR-2023-English_-full-report-0670e45a6d14118.65378698.pdf,,2026-07-22T13:06:41Z,
Kerala,"Report No. 1 of the year 2024 - General Purpose Financial Report of Public Sector Undertakings, Government of Kerala for the year ended 31 March 2022",,Financial,Industry and Commerce,2021-22,https://cag.gov.in/en/audit-report/details/119804,/webroot/uploads/download_audit_report/2024/GPFR--Kerala-Full-Report-06690d23bc656e8.83267671.pdf,,2026-07-22T13:07:04Z,
Kerala,Report No. 2 of the year 2024 - Compliance Audit Report for the year ended 31 March 2022,,Compliance,Industry and Commerce,2021-22,https://cag.gov.in/en/audit-report/details/119796,/webroot/uploads/download_audit_report/2024/Compliance-Audit-Report-2022-06690d0f09876a9.87666049.pdf,,2026-07-22T13:07:04Z,
Kerala,Report No.4 of the year 2024 - Local Self-Government Institutions for the year ended March 2022,,,Local Bodies,2021-22,https://cag.gov.in/en/audit-report/details/119786,/webroot/uploads/download_audit_report/2024/Kerala_Au_I_Report-No4-of-2024_LSGIs_English-0668fa28a07f4a6.86175693.pdf,,2026-07-22T13:07:04Z,
Kerala,"Report No. 3 of the year 2024 - Performance Audit on Pre and Post-Matric Scholarship Schemes for Scheduled Caste, Scheduled Tribe and Minority Students",,Performance,"Education, Health & Family Welfare",2021-22,https://cag.gov.in/en/audit-report/details/119775,"/webroot/uploads/download_audit_report/2022/Report-No.3-of-2024---Performance-Audit-on-Pre-and-Post-Matric-Scholarship-Schemes-for-Scheduled-Caste,-Scheduled-Tribe-and-Minority-Students-0668f9da678b7c7.26879741.pdf",,2026-07-22T13:07:04Z,
Kerala,"Report No. 1 of 2023 - State Finances Audit Report, Government of Kerala",,Financial,Finance,2022-23,https://cag.gov.in/en/audit-report/details/119699,/webroot/uploads/download_audit_report/2023/Report_No._1_of_the_year_2023_State-_Finance_Audit_Report_for_the_year_ended_31_March_2022-065cdd2a6074806.77739108.pdf,,2026-07-22T13:07:28Z,1/2023
Kerala,"Report No. 3 of 2023 - Compliance Audit Report, Government of Kerala",,Compliance,,2022-23,https://cag.gov.in/en/audit-report/details/119630,/webroot/uploads/download_audit_report/2023/Kerala_Au.I_Report_3_2023-065cda0fc5fb8c8.24217866.pdf,,2026-07-22T13:07:28Z,3/2023
Kerala,Report No. 2 of the year 2023-Compliance Audit Report of the Comptroller and Auditor General of India on Revenue Sector for the year ended 31 March 2022,,Financial,,2021-22,https://cag.gov.in/en/audit-report/details/119301,/webroot/uploads/download_audit_report/2023/AGS---Revenue-Report-English-FINAL-06502f2e5ec2458.09754715.pdf,,2026-07-22T13:07:35Z,
Kerala,"Report No.7 of the year 2022-Performance Audit on Direct Benefit Transfer of Social Security Pension Schemes, Government of Kerala",,Performance,,2021-22,https://cag.gov.in/en/audit-report/details/119290,/webroot/uploads/download_audit_report/2022/AGS-DBT-English-final-23.01.23-06502f14a2c9a93.92633546.pdf,,2026-07-22T13:08:19Z,
Kerala,Report No. 9 of the year 2022 - Report of the Comptroller and Auditor General of India on Waste Management in Urban Local Bodies,,,Local Bodies,2021-22,https://cag.gov.in/en/audit-report/details/119279,/webroot/uploads/download_audit_report/2022/Full-Report---Waste-Management-in-Urban-Local-Bodies---English-06502eef24d3134.31315455.pdf,,2026-07-22T13:08:19Z,
Kerala,Report No. 8 of the year 2022-Composite Compliance Audit Report for the period 2019-21,,Compliance,,2019-21,https://cag.gov.in/en/audit-report/details/119270,/webroot/uploads/download_audit_report/2022/AGS---CCA-Report-2019-21-English-06502ee47b28961.94916392.pdf,,2026-07-22T13:08:19Z,
Kerala,Report No. 6 of the year 2022-Combined Compliance Audit Report of the Comptroller and Auditor General of India on Revenue Sector,,Financial,Finance,2021-22,https://cag.gov.in/en/audit-report/details/117933,/webroot/uploads/download_audit_report/2022/Full-Report_CCAR-(RS)-2019-2021-GoK-063ee1d596263a0.97254430.pdf,,2026-07-22T13:08:43Z,
Kerala,"Report No. 5 of the year 2022-Performance of Kerala State Electricity Board Limited during pre and post Ujwal DISCOM Assurance Yojana, Government of Kerala.",,,Power & Energy,2021-22,https://cag.gov.in/en/audit-report/details/117716,/webroot/uploads/download_audit_report/2022/Uday-Report-English-063982c68db2af8.73689289.pdf,,2026-07-22T13:08:43Z,
Kerala,"Report No. 2 of 2022 - Compliance Audit Report, Government of Kerala",,Compliance,,2021-22,https://cag.gov.in/en/audit-report/details/116553,/webroot/uploads/download_audit_report/2022/Report No. 2 of 2022 Govt. of Kerala_CA-062dfd3c3695215.32401133.pdf,,2026-07-22T13:08:58Z,2/2022
Kerala,"Report No. 1 of 2022 - State Finances Audit Report, Government of Kerala",,Financial,Finance,2021-22,https://cag.gov.in/en/audit-report/details/116515,"/webroot/uploads/download_audit_report/2022/Report No. 1 of 2022 - State Finances Audit Report, Government of Kerala-062d7c26a51bd90.82201639.pdf",,2026-07-22T13:09:02Z,1/2022
Kerala,Report No. 4 of the year 2022 - Functioning of the University of Kerala,,,"Education, Health & Family Welfare",2021-22,https://cag.gov.in/en/audit-report/details/116505,/webroot/uploads/download_audit_report/2022/Kerala_Au.I_Rep_4_2022-062d8f15637ba25.84379672.pdf,,2026-07-22T13:09:02Z,
Kerala,Report No. 3 of 2022 - Efficacy of Implementation of the 74th Constitution Amendment Act,,,,2021-22,https://cag.gov.in/en/audit-report/details/116258,/webroot/uploads/download_audit_report/2022/Kerala_Au.I_Report_3_2022-062badcea34cb77.43012618.pdf,,2026-07-22T13:09:02Z,3/2022
Kerala,"Report No. 5 of 2021 - State Finances Audit Report, Government of Kerala",,Financial,Finance,2020-21,https://cag.gov.in/en/audit-report/details/114537,/webroot/uploads/download_audit_report/2021/Kerala_au2_SF_Rep_No_5_2021-0618cf809cd2333.78775697.pdf,,2026-07-22T13:09:52Z,5/2021
Kerala,"Report No. 6 of 2021 - Preparedness and Response to Floods in Kerala, Government of Kerala",,,General Sector Ministries and Constitutional Bodies,2020-21,https://cag.gov.in/en/audit-report/details/114526,/webroot/uploads/download_audit_report/2021/Kerala_Au.I_Rep_6_2021-0618cb7f2db0035.98377057.pdf,,2026-07-22T13:09:52Z,6/2021
Kerala,"Report No.3 of 2021 - Revenue Sector, Government of Kerala",,Financial,Taxes and Duties,2020-21,https://cag.gov.in/en/audit-report/details/113950,/webroot/uploads/download_audit_report/2021/Audit Report (Revenue Sector) Govt. of Kerala 2019 (English)-060c1d0b6691fe0.08145496.pdf,,2026-07-22T13:10:17Z,3/2021
Kerala,"Report No.4 of 2021 - Economic Sector, Government of Kerala",,,Science and Technology,2020-21,https://cag.gov.in/en/audit-report/details/113941,"/webroot/uploads/download_audit_report/2021/Report No.4 of 2021 - Economic Sector, Government of Kerala-060c1c8f1b990c6.60545992.pdf",,2026-07-22T13:10:17Z,4/2021
Kerala,"Report No.2 of 2021 -Public Sector Undertakings, Government of Kerala",,Compliance,Industry and Commerce,2020-21,https://cag.gov.in/en/audit-report/details/113924,"/webroot/uploads/download_audit_report/2021/Report No.2 of 2021 -Public Sector Undertakings, Government of Kerala-060c1c55bee3b61.02278542.pdf",,2026-07-22T13:10:17Z,2/2021
Kerala,"Report No. 1 of 2021 - General and Social Sector, Government of Kerala",,,Local Bodies,2020-21,https://cag.gov.in/en/audit-report/details/113914,/webroot/uploads/download_audit_report/2021/Kerala_GSS_Report_1_2021-060b5d775885814.78888497.pdf,,2026-07-22T13:10:17Z,1/2021
Kerala,"Report No.2 of 2020 State Finance Audit Report, Government of Kerala",,Financial,Finance,2019-20,https://cag.gov.in/en/audit-report/details/113068,/webroot/uploads/download_audit_report/2020/Report _No2_of_2020_State_Finance_Report_Government_of_Kerala-06008169d332d27.90719595.pdf,,2026-07-22T13:10:50Z,2/2020
Kerala,"Report no. 1 of 2020 - Public Sector Undertakings, Government of Kerala",,Compliance,General Sector Ministries and Constitutional Bodies,2019-20,https://cag.gov.in/en/audit-report/details/110361,/webroot/uploads/download_audit_report/2020/Report_no_1_of_2020_Public_Sector_Undertakings_Government_of_Kerala.pdf,,2026-07-22T13:11:03Z,1/2020
Kerala,"Report no.2 of 2019 - Economic Sector, Government of Kerala",,,General Sector Ministries and Constitutional Bodies,2018-19,https://cag.gov.in/en/audit-report/details/110573,/webroot/uploads/download_audit_report/2019/Report_no_2_of_2019_Economic_Sector_Government_of_Kerala.pdf,,2026-07-22T13:11:22Z,2/2019
Kerala,"Report No.3 of 2019 - Revenue Sector, Government of Kerala",,Financial,Taxes and Duties,2018-19,https://cag.gov.in/en/audit-report/details/57662,/webroot/uploads/download_audit_report/2019/Report_No_3_of_2019_Revenue_Sector_Government_of_Kerala.pdf,,2026-07-22T13:11:34Z,3/2019
Kerala,Report no. 4 of 2019 General and Social Sector Government of Kerala,,,Social Welfare,2018-19,https://cag.gov.in/en/audit-report/details/57628,/webroot/uploads/download_audit_report/2019/Report_no_4_of_2019_General_and_Social_Sector_Government_of_Kerala_0.pdf,,2026-07-22T13:11:34Z,4/2019
Kerala,"Report No.1 of 2019 - State Finance, Government of Kerala",,Financial,Finance,2018-19,https://cag.gov.in/en/audit-report/details/55673,/webroot/uploads/download_audit_report/2019/Report_No_1_of_2019_State_Finance_Audit_Report_Government_of_Kerala_0.pdf,,2026-07-22T13:11:45Z,1/2019
Kerala,"Report No.6 of 2018 - Economic Sector, Government of Kerala",,,General Sector Ministries and Constitutional Bodies,2017-18,https://cag.gov.in/en/audit-report/details/49544,/webroot/uploads/download_audit_report/2018/Report_No_6_of_2018_Economic_Sector_Government_of_Kerala.pdf,,2026-07-22T13:12:10Z,6/2018
Kerala,Report No.3 of 2018 - Revenue Sector Government of Kerala,,Financial,Finance,2017-18,https://cag.gov.in/en/audit-report/details/45535,/webroot/uploads/download_audit_report/2018/Report_No_3_of_2018_-_Revenue_Sector_Government_of_Kerala.pdf,,2026-07-22T13:12:32Z,3/2018
Kerala,Report No.4 of 2018 - General and Social Sector Government of Kerala,,,General Sector Ministries and Constitutional Bodies,2017-18,https://cag.gov.in/en/audit-report/details/45503,/webroot/uploads/download_audit_report/2018/Report_No_4_of_2018_-_General_and_Social_Sector_Government_of_Kerala.pdf,,2026-07-22T13:12:32Z,4/2018
Kerala,Report No.2 of 2018 - Local Self-Government Institutions Government of Kerala,,,General Sector Ministries and Constitutional Bodies,2017-18,https://cag.gov.in/en/audit-report/details/45494,/webroot/uploads/download_audit_report/2018/Report_No_2_of_2018_-_Local_Self-Government_Institutions_Government_of_Kerala.pdf,,2026-07-22T13:12:32Z,2/2018
Kerala,Report No.1 of 2018 - State Finances Government of Kerala,,Financial,Finance,2017-18,https://cag.gov.in/en/audit-report/details/45483,/webroot/uploads/download_audit_report/2018/Report_No_1_of_2018_-_State_Finances_Government_of_Kerala.pdf,,2026-07-22T13:12:36Z,1/2018
Kerala,Report No.5 of 2018 - Public Sector Undertakings Government of Kerala,,Compliance,General Sector Ministries and Constitutional Bodies,2017-18,https://cag.gov.in/en/audit-report/details/45366,/webroot/uploads/download_audit_report/2018/Report_No_5_of_2018_-_Public_Sector_Undertakings_Government_of_Kerala.pdf,,2026-07-22T13:12:36Z,5/2018
Kerala,Report No.6 of 2017 - Economic Sector Government of Kerala,,,Finance,2016-17,https://cag.gov.in/en/audit-report/details/32974,/webroot/uploads/download_audit_report/2017/Report_No.6_of_2017_-_Economic_Sector_Government_of_Kerala.pdf,,2026-07-22T13:13:11Z,6/2017
Kerala,Report No.3 of 2017 - Local Self-Government Institutions Government of Kerala,,,Local Bodies,2016-17,https://cag.gov.in/en/audit-report/details/29864,/webroot/uploads/download_audit_report/2017/Report_No.3_of_2017_-_Local_Self-Government_Institutions_Government_of_Kerala.pdf,,2026-07-22T13:13:23Z,3/2017
Kerala,Report No.4 of 2017 - PUBLIC SECTOR UNDERTAKINGS Government of Kerala,,Compliance,General Sector Ministries and Constitutional Bodies,2016-17,https://cag.gov.in/en/audit-report/details/29851,/webroot/uploads/download_audit_report/2017/Report_No.4_of_2017_-_PUBLIC_SECTOR_UNDERTAKINGS_Government_of_Kerala.pdf,,2026-07-22T13:13:23Z,4/2017
Kerala,"Report No. 5 of 2017 - General and Social Sector, Government of Kerala",,,General Sector Ministries and Constitutional Bodies,2016-17,https://cag.gov.in/en/audit-report/details/29439,/webroot/uploads/download_audit_report/2017/Kerala_Report_No._5_Of_2017_On_General_And_Social_Sector.pdf,,2026-07-22T13:13:23Z,5/2017
Kerala,"Report No 1 of 2017 - Report on Revenue Sector, Government of Kerala",,Financial,Taxes and Duties,2016-17,https://cag.gov.in/en/audit-report/details/27746,/webroot/uploads/download_audit_report/2017/Kerala_Revenue_Report_1_2017_Full_Report.pdf,,2026-07-22T13:13:48Z,1/2017
Kerala,Report 2 of 2017 - Audit of State Finances  Government of Kerala,,Financial,Finance,2016-17,https://cag.gov.in/en/audit-report/details/27436,/webroot/uploads/download_audit_report/2017/Kerala_State Finance_Report_2_2017.pdf,,2026-07-22T13:13:48Z,
Kerala,Report 6 of 2016 - PA of  Social Security Pension Schemes Kerala,,,Social Welfare,2015-16,https://cag.gov.in/en/audit-report/details/25814,/webroot/uploads/download_audit_report/2016/Kerala _Report _6 _2016 _PA _of _Social _Security _Pension _Schemes.pdf,,2026-07-22T13:14:11Z,
Kerala,"Report No. 3 of 2016 - Public Sector Undertakings, Government of Kerala",,Compliance,Finance,2015-16,https://cag.gov.in/en/audit-report/details/24791,/webroot/uploads/download_audit_report/2016/Kerala_Public_Sector_Undertakings_Report_3_2016.pdf,,2026-07-22T13:14:16Z,3/2016
Kerala,"Report No 5 of 2016 on Local Self Government Institutions, Government of Kerala",,,Local Bodies,2015-16,https://cag.gov.in/en/audit-report/details/24670,/webroot/uploads/download_audit_report/2016/Kerala_LSGIs_Report_5_2016.pdf,,2026-07-22T13:14:16Z,5/2016
Kerala,Report No 4 of 2016 - Economic Sector Government of Kerala,,,Finance,2015-16,https://cag.gov.in/en/audit-report/details/22674,/webroot/uploads/download_audit_report/2016/Kerala_Economic_Sector_Report_4_2016.pdf,,2026-07-22T13:14:32Z,4/2016
Kerala,Report No. 1 of 2016 - General and Social Sector of Government of Kerala,,,Social Welfare,2015-16,https://cag.gov.in/en/audit-report/details/19424,/webroot/uploads/download_audit_report/2016/Report No. 1 of 2016 - General and Social Sector of Government of Kerala.pdf,,2026-07-22T13:14:53Z,1/2016
Kerala,Report No. 2 of 2016 - Revenue Sector Government of Kerala,,Financial,Finance,2015-16,https://cag.gov.in/en/audit-report/details/19411,/webroot/uploads/download_audit_report/2016/Report-2-of-2016-Revenue-Sector-Government-of-Kerala.pdf,,2026-07-22T13:14:53Z,2/2016
Kerala,"Report of 2016 - Audit Report on State Finance, Government of Kerala",,Financial,Finance,2015-16,https://cag.gov.in/en/audit-report/details/19307,/webroot/uploads/download_audit_report/2016/Report of 2016 - Audit of State Finance Government of Kerala.pdf,,2026-07-22T13:14:53Z,
Kerala,Report of 2015 - Financial and Performance Audit on State Finances of Government of Kerala,,Performance,,2014-15,https://cag.gov.in/en/audit-report/details/6311,/webroot/uploads/download_audit_report/2015/Kerala_SF_2015.pdf,,2026-07-22T13:15:36Z,
Kerala,Report No. 2 of 2015 - Compliance and Performance Audit on General and Social Sector of Government of Kerala,,Performance,Industry and Commerce,2014-15,https://cag.gov.in/en/audit-report/details/6297,/webroot/uploads/download_audit_report/2015/Kerala_Report_2_2015.pdf,,2026-07-22T13:15:36Z,2/2015
Kerala,Report No. 1 of 2015 - Performance Audit on Public Sector Undertakings of Government of Kerala,,Performance,,2014-15,https://cag.gov.in/en/audit-report/details/6293,/webroot/uploads/download_audit_report/2015/Kerala_Report_1_2015.pdf,,2026-07-22T13:15:36Z,1/2015
Kerala,Report No. 2 of 2014 - Compliance and Performance Audit on General and Social Sector of Government of Kerala,,Performance,Transport & Infrastructure,2013-14,https://cag.gov.in/en/audit-report/details/6102,/webroot/uploads/download_audit_report/2014/Kerala_Report_2_2014.pdf,,2026-07-22T13:21:06Z,2/2014
Kerala,Report No. 1 of 2014 - Performance Audit on Revenue Sector of Government of Kerala,,Performance,,2013-14,https://cag.gov.in/en/audit-report/details/6077,/webroot/uploads/download_audit_report/2014/Kerala_Report_1_2014.pdf,,2026-07-22T13:21:06Z,1/2014
Kerala,"Report of 2013 - Compliance, Financial and Performance Audit on State Finances of Government of Kerala",,Performance,,2012-13,https://cag.gov.in/en/audit-report/details/6067,/webroot/uploads/download_audit_report/2013/Kerala_SF_2013.pdf,,2026-07-22T13:31:18Z,
Kerala,Report No. 3 of 2013 - Compliance Audit on Economic Sector of Government of Kerala,,Compliance,,2012-13,https://cag.gov.in/en/audit-report/details/6053,/webroot/uploads/download_audit_report/2013/Kerala_Report_3_2013.pdf,,2026-07-22T13:31:18Z,3/2013
Kerala,Report No. 1 of 2013 - Performance Audit on Revenue Receipts of Government of Kerala,,Performance,,2012-13,https://cag.gov.in/en/audit-report/details/6042,/webroot/uploads/download_audit_report/2013/Kerala_Report_1_2013.pdf,,2026-07-22T13:31:18Z,1/2013
Kerala,Report No. 1 of 2012 - Compliance and Financial Audit on State Finances of Government of Kerala,,Financial,,2011-12,https://cag.gov.in/en/audit-report/details/6018,/webroot/uploads/download_audit_report/2012/Kerala_SF_2012.pdf,,2026-07-22T13:42:08Z,1/2012
Kerala,Report No. 3 of 2012 - Performance Audit on Public Sector Undertakings of Kerala,,Performance,,2011-12,https://cag.gov.in/en/audit-report/details/5996,/webroot/uploads/download_audit_report/2012/Kerala_Report_3_2012.pdf,,2026-07-22T13:42:08Z,3/2012
Kerala,Report No. 2 of 2012 - Compliance Audit on General and Social Sector of Government of Kerala,,Compliance,Social Welfare,2011-12,https://cag.gov.in/en/audit-report/details/5981,/webroot/uploads/download_audit_report/2012/Kerala_Report_2_2012.pdf,,2026-07-22T13:42:08Z,2/2012
Kerala,Report of 2011 - Performance Audit on State Excise Department of Government of Kerala,,Performance,,2010-11,https://cag.gov.in/en/audit-report/details/5957,/webroot/uploads/download_audit_report/2011/Kerala_Stand_Alone_2011.pdf,,2026-07-22T13:42:56Z,
Kerala,Report of 2011 - Compliance and Financial Audit on State Finance of Government of Kerala,,Financial,,2010-11,https://cag.gov.in/en/audit-report/details/5942,/webroot/uploads/download_audit_report/2011/Kerala_SF_2011.pdf,,2026-07-22T13:42:56Z,
Kerala,Report of 2011 - Financial Audit on Revenue of Government of Kerala,,Financial,,2010-11,https://cag.gov.in/en/audit-report/details/5924,/webroot/uploads/download_audit_report/2011/Kerala_Revenue_2011.pdf,,2026-07-22T13:42:56Z,
Kerala,Report of 2011 - Financial Audit on Commercial of Government of Kerala,,Financial,,2010-11,https://cag.gov.in/en/audit-report/details/5857,/webroot/uploads/download_audit_report/2011/Kerala_Commercial_2011.pdf,,2026-07-22T13:42:56Z,
Kerala,Report of 2011 - Compliance and Performance Audit on Civil of Government of Kerala,,Performance,Finance,2010-11,https://cag.gov.in/en/audit-report/details/5841,/webroot/uploads/download_audit_report/2011/Kerala_Civil_2011.pdf,,2026-07-22T13:42:56Z,
Kerala,Report of 2010 - Compliance and Financial Audit on State Finances of Government of Kerala,,Financial,,2009-10,https://cag.gov.in/en/audit-report/details/5813,/webroot/uploads/download_audit_report/2010/Kerala_SF_2010.pdf,,2026-07-22T13:43:45Z,
Kerala,Report of 2010 - Financial Audit on Revenue of Government of Kerala,,Financial,,2009-10,https://cag.gov.in/en/audit-report/details/5802,/webroot/uploads/download_audit_report/2010/Kerala_Revenue_2010.pdf,,2026-07-22T13:43:45Z,
Kerala,Report of 2010 - Financial Audit on Commercial of Government of Kerala,,Financial,,2009-10,https://cag.gov.in/en/audit-report/details/5769,/webroot/uploads/download_audit_report/2010/Kerala_Commercial_2010.pdf,,2026-07-22T13:43:45Z,
Kerala,Report of 2010 - Performance Audit on Civil of Government of Kerala,,Performance,Finance,2009-10,https://cag.gov.in/en/audit-report/details/5760,/webroot/uploads/download_audit_report/2010/Kerala_Civil_2010.pdf,,2026-07-22T13:43:45Z,
Kerala,Report of 2009 - Compliance and Financial Audit on State Finance of Government of Kerala,,Financial,,2008-09,https://cag.gov.in/en/audit-report/details/5745,/webroot/uploads/download_audit_report/2009/Kerala_SF_2009.pdf,,2026-07-22T13:44:28Z,
Kerala,Report of 2009 - Financial Audit on Revenue(Volume-2) of Government of Kerala,,Financial,,2008-09,https://cag.gov.in/en/audit-report/details/5723,/webroot/uploads/download_audit_report/2009/Kerala_Revenue_Volume_2_2009.pdf,,2026-07-22T13:44:28Z,
Kerala,Report of 2009 - Financial Audit on Revenue(Volume-1) of Government of Kerala,,Financial,,2008-09,https://cag.gov.in/en/audit-report/details/5697,/webroot/uploads/download_audit_report/2009/Kerala_Revenue_Volume_1_2009.pdf,,2026-07-22T13:44:28Z,
Kerala,Report of 2009 - Financial Audit on Commercial of Government of Kerala,,Financial,,2008-09,https://cag.gov.in/en/audit-report/details/5670,/webroot/uploads/download_audit_report/2009/Kerala_Commercial_2009.pdf,,2026-07-22T13:44:28Z,
Kerala,Report of 2009 - Performance Audit on Civil of Government of Kerala,,Performance,Transport & Infrastructure,2008-09,https://cag.gov.in/en/audit-report/details/5663,/webroot/uploads/download_audit_report/2009/Kerala_Civil_2009.pdf,,2026-07-22T13:44:33Z,
Madhya Pradesh,"Report No. 7 of 2025, Government of Madhya Pradesh, Report of the Comptroller and Auditor General of India on Development of roads in Madhya Pradesh by MP public works department for the year ended 31 March 2023 (Performance Audit- Civil).",,Performance,Transport & Infrastructure,2022-23,https://cag.gov.in/en/audit-report/details/124178,/webroot/uploads/download_audit_report/2025/Report-No.-7-of-2025_PDW-MP_English---20-01-2026-signed-0699d79d78e48f9.75775629.pdf,,2026-07-22T13:05:00Z,7/2025
Madhya Pradesh,"Report No. 6 of 2025, Government of Madhya Pradesh, Report of the Comptroller and Auditor General of India on Economic & revenue sectors for the year ended 31 March 2023 (Compliance Audit- Civil).",,Compliance,Taxes and Duties,2022-23,https://cag.gov.in/en/audit-report/details/124177,/webroot/uploads/download_audit_report/2025/Report-No-06-of-2025-MP-English---01-01-2026-signed-(1)-0699d786b9dac85.34223218.pdf,,2026-07-22T13:05:00Z,6/2025
Madhya Pradesh,"Report No. 8 of 2025, Government of Madhya Pradesh, Report of the Comptroller and Auditor General of India on Goods and Services Tax for the year ended 31 March 2023",,,Taxes and Duties,2022-23,https://cag.gov.in/en/audit-report/details/124175,/webroot/uploads/download_audit_report/2025/Report-No.-8-of-2025-GST-MP_English-0699d5145882183.85802334.pdf,,2026-07-22T13:05:00Z,8/2025
Madhya Pradesh,"Report No. 10 of 2025, Government of Madhya Pradesh-Report of the Comptroller and Auditor General of India for the period ended March 2023",,,,2022-23,https://cag.gov.in/en/audit-report/details/124105,/webroot/uploads/download_audit_report/2025/Report-No-10-of-2025_English---MP-CAR-Volume-II---03.02.2026-signed-(1)-069985be297bfe0.74333597.pdf,,2026-07-22T13:05:00Z,10/2025
Madhya Pradesh,"Report No. 5 of 2025, Government of Madhya Pradesh-Report of the Comptroller and Auditor General of India on Management of Town and Country Planning",,,,2024-25,https://cag.gov.in/en/audit-report/details/124103,/webroot/uploads/download_audit_report/2025/Report-No-05-MP-Town-Planning-English_15-11-2025-signed-(1)-069985b0813fdf7.38091434.pdf,,2026-07-22T13:05:03Z,5/2025
Madhya Pradesh,"Report No. 9 of 2025 of the Comptroller and Auditor General of India for the period ended March 2023, Government of Madhya Pradesh",,,,2022-23,https://cag.gov.in/en/audit-report/details/124101,/webroot/uploads/download_audit_report/2025/Report-No-9-of-2025_Vol-I-MP_English---03-02-2026-signed-(1)-0699859c227a8b6.48933025.pdf,,2026-07-22T13:05:03Z,9/2025
Madhya Pradesh,"Report No. 4 of year 2025 of the Comptroller and Auditor General of India for the year ended 31 March 2023 on State Public Sector Enterprises (Compliance Audit-Commercial), Government of Madhya Pradesh.",,Compliance,Power & Energy,2022-23,https://cag.gov.in/en/audit-report/details/123472,/webroot/uploads/download_audit_report/2025/MP_CA-Commercial-Report-No-4-of-2025-in-English-06932ad13728417.36969035.pdf,,2026-07-22T13:05:16Z,
Madhya Pradesh,Report No. 2 of year 2025  Report of the Comptroller and Auditor General of India for the year ended 31 March 2022 (Compliance Audit- Civil),,Compliance,Taxes and Duties,2021-22,https://cag.gov.in/en/audit-report/details/122250,/webroot/uploads/download_audit_report/2025/Report-no.-02-MP-English-CAR---17.06.2025--signed-069243efdd322f6.94453088.pdf,,2026-07-22T13:05:30Z,
Madhya Pradesh,Report No.1 of year 2025 Report on Management and Distribution of Fertilizer in Madhya Pradesh for the year ended 31 March 2022,,,Agriculture and Rural Development,2021-22,https://cag.gov.in/en/audit-report/details/122249,/webroot/uploads/download_audit_report/2025/Report-no.1-MP-Fertilizers-English-Final---02.04.2025-signed-06894810f600cb0.16827723.pdf,,2026-07-22T13:05:30Z,
Madhya Pradesh,Report No.3 of year 2025 Report on State finance Audit report for the year ended 31 March 2024,,Financial,Finance,2023-24,https://cag.gov.in/en/audit-report/details/122247,/webroot/uploads/download_audit_report/2025/Report-No.3-SFAR-MP-Eng---02.05.2025-signed-068943d74be7d90.27413598.pdf,,2026-07-22T13:05:30Z,
Madhya Pradesh,Report No.5 of year 2024 Report on Integrated Financial Management Information System for the year ended 31 March 2021,,,Finance,2020-21,https://cag.gov.in/en/audit-report/details/121147,/webroot/uploads/download_audit_report/2021/Report-No.5-of-year-2024-Report-on-Integrated-Financial-Management-Information-System-for-the-year-ended-31-March-2021-067640c20ed4446.40755493.pdf,,2026-07-22T13:06:23Z,
Madhya Pradesh,Report No. 11 of 2024 of Government of Madhya Pradesh on Welfare of Building and Other Construction Workers for the year ended 31 March 2022,,,,2021-22,https://cag.gov.in/en/audit-report/details/121773,/webroot/uploads/download_audit_report/2024/Report-No-11-(English)-067dd036c2ab675.19080024.pdf,,2026-07-22T13:06:16Z,11/2024
Madhya Pradesh,Report No. 10 of 2024 of Government of Madhya Pradesh for the year ended 31 March 2022,,,,2021-22,https://cag.gov.in/en/audit-report/details/121772,/webroot/uploads/download_audit_report/2024/Report-No.10-(English)-067dd02e0eefbe9.98770704.pdf,,2026-07-22T13:06:19Z,10/2024
Madhya Pradesh,Report No. 9 of 2024 of Government of Madhya Pradesh on Local Bodies for the period ended March 2022,,,Local Bodies,2021-22,https://cag.gov.in/en/audit-report/details/121767,/webroot/uploads/download_audit_report/2024/Report-No.-9-(English)-067dcfbc954a9f2.54218783.pdf,,2026-07-22T13:06:19Z,9/2024
Madhya Pradesh,"Report No.6 of 2024, Report on Public Health Infrastructure and Management of Health Services for the year ended 31 Marh 2022",,,"Education, Health & Family Welfare",2023-24,https://cag.gov.in/en/audit-report/details/121136,/webroot/uploads/download_audit_report/2024/Final-Report-No.06-English-(Gwalior)--18.11.2024-signed-0676405d45672c0.93642583.pdf,,2026-07-22T13:06:29Z,6/2024
Madhya Pradesh,"Report No.8 of 2024 for the year ended 31 March, 2021, Compliance Audit-Civil",,Compliance,Social Infrastructure,2023-24,https://cag.gov.in/en/audit-report/details/121135,/webroot/uploads/download_audit_report/2024/Final-Report-No.08-MP-English---25.11.2024-signed-06764038458ad31.02667470.pdf,,2026-07-22T13:06:29Z,8/2024
Madhya Pradesh,Report No. 01 of the Year 2024 GoMP - State Finance Audit Report of the CAG of India for the year ended 31st March 2023,,Financial,Finance,2023-24,https://cag.gov.in/en/audit-report/details/120799,/webroot/uploads/download_audit_report/2024/Report-No.-01-of-the-Year-2024-GoMP---State-Finance-Audit-Report-of-the-CAG-of-India-for-the-year-ended-31st-March-2023-0670cf73486b6a6.22626110.pdf,,2026-07-22T13:06:41Z,
Madhya Pradesh,Report No. 04 of the Year 2023 GoMP - State Finance Audit Report of the CAG of India for the year ended 31st March 2022,,Financial,Finance,2022-23,https://cag.gov.in/en/audit-report/details/119610,/webroot/uploads/download_audit_report/2023/Report-No.-04-of-the-Year-2023-GoMP---State-Finance-Audit-Report-of-the-CAG-of-India-for-the-year-ended-31st-March-2022-065cb3a548c3731.28556475.pdf,,2026-07-22T13:07:28Z,
Madhya Pradesh,Report no. 06 of the year 2023 GoMP - Report of the Comptroller and Auditor General of India on Performance Audit on Degradation of Kshipra River for the year ended 31st March 2021,,Performance,,2022-23,https://cag.gov.in/en/audit-report/details/119607,/webroot/uploads/download_audit_report/2023/Report-no.-06-of-the-year-2023-GoMP---Report-of-the-Comptroller-and-Auditor-General-of-India-on-Performance-Audit-on-Degradation-of-Kshipra-River-for-the-year-ended-31st-March-2021-065ca0fad2c7a57.52301018.pdf,,2026-07-22T13:07:28Z,
Madhya Pradesh,Report No. 03 of the year 2023 - Report of the Comptroller and Auditor General of India on Performance Audit on Construction of Major Bridges in Madhya Pradesh by Public Works Department,,Performance,,2022-23,https://cag.gov.in/en/audit-report/details/119606,/webroot/uploads/download_audit_report/2023/Report-of-the-Comptroller-and-Auditor-General-of-India-on-Performance-Audit-on-Construction-of-Major-Bridges-in-Madhya-Pradesh-by-Public-Works-Department-065ca0d54de6677.41851407.pdf,,2026-07-22T13:07:28Z,
Madhya Pradesh,"Report no. 2 of the year 2023: Compliance Audit Report of the Comptroller and Auditor General of India for the year ended 31 March 2021 (Environment, Public Works, Energy and Industries Departments)",,Compliance,Power & Energy,2020-21,https://cag.gov.in/en/audit-report/details/119596,"/webroot/uploads/download_audit_report/2023/Report-no.-2-of-2023-Compliance-Audit-Report-of-the-Comptroller-and-Auditor-General-of-India-(Enviroment,-Public-Works,-Energy-and-Industries-Dept)-065ca02ca161154.79324669.pdf",,2026-07-22T13:07:31Z,
Madhya Pradesh,"Report of the Comptroller and Auditor General of India  for the year ended 31 March 2021, Compliance Audit Report (Vol.-I) Government of Madhya Pradesh  Report No. 5 of the year 2023",,Compliance,,2020-21,https://cag.gov.in/en/audit-report/details/119590,/webroot/uploads/download_audit_report/2023/AR_CA_2021-(PDF_Eng)-065c5fdc28f9602.54168962.pdf,,2026-07-22T13:07:31Z,
Madhya Pradesh,"Report No. 7 of 2023 - Report of the Comptroller and Auditor General of India on Local Bodies for the year ended 31st March 2021, Government of Madhya Pradesh.",,,Local Bodies,2022-23,https://cag.gov.in/en/audit-report/details/119587,/webroot/uploads/download_audit_report/2023/Report-No.7-English-Local-Bodies-31.7.2023-signed---Copy-065c6066815de09.51627719.pdf,,2026-07-22T13:07:31Z,7/2023
Madhya Pradesh,Report no. 7 of 2024 Performance Audit on the Working of Madhya Pradesh State Agro Industries Development Corporation Limited for the year ended 31 March 2022.,,Performance,Agriculture and Rural Development,2021-22,https://cag.gov.in/en/audit-report/details/121263,/webroot/uploads/download_audit_report/2022/MP-ReportNo.7-State-Agro-English-18.11.2024--signed-0676954a388c059.42106109.pdf,,2026-07-22T13:07:57Z,7/2024
Madhya Pradesh,Report no. 2 of 2024 Performance Audit on Waste Management in Urban Local Bodies.,,Performance,Local Bodies,2021-22,https://cag.gov.in/en/audit-report/details/121262,/webroot/uploads/download_audit_report/2022/Report-WM-English-Final---28.06.2024-signed-0676953401f7ba0.48824106.pdf,,2026-07-22T13:07:57Z,2/2024
Madhya Pradesh,"Report No. 3 of the year 2024, Compliance Audit  on (Public Sector Undertakings) for the year ended 31 March 2022",,Compliance,Local Bodies,2021-22,https://cag.gov.in/en/audit-report/details/121221,/webroot/uploads/download_audit_report/2022/MP-Report-No3-English_16-08-24_withSign-06764ff2c44f0c1.42143602.pdf,,2026-07-22T13:08:06Z,
Madhya Pradesh,"Report No. 04 of the year 2024, Performance Audit on Implementation of Deendayal Upadhyaya Gram Jyoti Yojana and Pradhan Mantri Sahaj Bijli Har Ghar Yojana by Electricity Distribution Companies of Madhya Pradesh for the year ended 31 March 2022",,Performance,Power & Energy,2021-22,https://cag.gov.in/en/audit-report/details/121219,/webroot/uploads/download_audit_report/2022/DDUGJY_MP-Report-No4_English_04-12-2024_SignCopy-06764fa4f38cbe3.22455925.pdf,,2026-07-22T13:08:06Z,
Madhya Pradesh,"Report No. 7 of 2022 - Report of the Comptroller and Auditor General of India on Performance Audit on Management of Heritage Sites, Archives and Museums for the year ended 31st March 2021, Government of Madhya Pradesh",,Performance,"Art, Culture and Sports",2021-22,https://cag.gov.in/en/audit-report/details/118333,/webroot/uploads/download_audit_report/2022/Report-in-English_merged-064183a7c0e7087.04896345.pdf,,2026-07-22T13:08:33Z,7/2022
Madhya Pradesh,"Report No. 2 of the year 2022 - Performance Audit on Achievement of objectives of Sindh Project Phase-II for the year ended 31 March 2019, Government of Madhya Pradesh.",,Performance,Social Infrastructure,2018-19,https://cag.gov.in/en/audit-report/details/117216,/webroot/uploads/download_audit_report/2022/Report No. 2 of 2022_Sindh Project_Ph-II_English_GoMP-06329b61992c062.66378632.pdf,,2026-07-22T13:08:50Z,
Madhya Pradesh,"Report No. 3 of the year 2022 - Performance Audit of Implementation of 74th Constitutional Amendment Act in Madhya Pradesh, Government of Madhya Pradesh.",,Performance,Local Bodies,2021-22,https://cag.gov.in/en/audit-report/details/117203,/webroot/uploads/download_audit_report/2022/Report No 3 of 2022_74th CAA_English-063285cfa23b067.87905813.pdf,,2026-07-22T13:08:54Z,
Madhya Pradesh,"Report No. 5 of the year 2022 - Performance Audit of DISCOMs pre and post Ujwal DISCOM Assurance Yojana (UDAY), Government of Madhya Pradesh.",,Performance,Power & Energy,2021-22,https://cag.gov.in/en/audit-report/details/117201,/webroot/uploads/download_audit_report/2022/Report No. 5 of 2022_UDAY_English-063285a357a05d7.61559144.pdf,,2026-07-22T13:08:54Z,
Madhya Pradesh,"Report No. 1 of 2022 - Performance Audit on Wildlife Conservation and Sustainable Management of Wildlife Habitats in Madhya Pradesh, Government of Madhya Pradesh.",,Performance,Environment and Sustainable Development,2021-22,https://cag.gov.in/en/audit-report/details/117199,/webroot/uploads/download_audit_report/2022/Report No. 1 of 2022_Wildlife_English_GoMP-063285595a90d71.70599081.pdf,,2026-07-22T13:08:54Z,1/2022
Madhya Pradesh,"Report No. 6 of 2022 - Compliance Audits of Departments of the State Government for the year ended 31 March 2020, Government of Madhya Pradesh.",,,,2019-20,https://cag.gov.in/en/audit-report/details/117197,/webroot/uploads/download_audit_report/2022/Report No. 6 of 2022_Complaince_English_full report-0632839a1ed50f3.02555057.pdf,,2026-07-22T13:08:54Z,6/2022
Madhya Pradesh,"Report No. 4 of the year 2022 - State Finances for the year ended 31 March 2021, Government of Madhya Pradesh.",,Financial,Finance,2020-21,https://cag.gov.in/en/audit-report/details/117195,/webroot/uploads/download_audit_report/2021/SFAR 2020-21_Report No. 4 of 2022_English_(4-5-2022)-0632464c49482a2.15902801.pdf,,2026-07-22T13:08:54Z,
Madhya Pradesh,"Report of the Comptroller and Auditor General of India on REVENUE SECTOR for the year ended 31 March 2019, Government of Madhya Pradesh, Report No.2 of the Year 2021",,Financial,,2018-19,https://cag.gov.in/en/audit-report/details/116250,/webroot/uploads/download_audit_report/2021/ReportNo2of2021GovtofMadhyaPradesh-062ac5ef63bfe21.06189655.pdf,,2026-07-22T13:09:06Z,
Madhya Pradesh,"Report No. 1 of the Year 2023 - CAG Compliance Audit Report (Revenue Departments) for the year ended 31 March 2021, Government of Madhya Pradesh",,Compliance,Finance,2020-21,https://cag.gov.in/en/audit-report/details/118296,/webroot/uploads/download_audit_report/2021/PDF-English-AR-2020-21-Revenue-GoMP-064119c29b66e92.79924533.pdf,,2026-07-22T13:09:15Z,
Madhya Pradesh,"Report of the Comptroller and Auditor General of India on Dial 100 Emergency Response System in Madhya Pradesh for the year ended 31 March 2020, Government of Madhya Pradesh, Report No.6 of year 2021",,,Social Welfare,2019-20,https://cag.gov.in/en/audit-report/details/115513,/webroot/uploads/download_audit_report/2021/Report No. 6 of 2021_DIAL 100_English-0622d69963164c1.79584021.pdf,,2026-07-22T13:09:39Z,
Madhya Pradesh,"Report of the Comptroller and Auditor General of India on STATE FINANCES for the year ended 31 March 2020, Government of Madhya Pradesh, Report No.5 of the Year 2021",,Financial,,2019-20,https://cag.gov.in/en/audit-report/details/115316,/webroot/uploads/download_audit_report/2021/SFAR 2019-20_Report No 5 of 2020_English-06215ea2fa31b56.14955419.pdf,,2026-07-22T13:09:44Z,
Madhya Pradesh,"Report of the Comptroller and Auditor General of India on PUBLIC SECTOR UNDERTAKINGS for the year ended 31 March 2019, Government of Madhya Pradesh, Report No.4 of the Year 2021",,Compliance,,2018-19,https://cag.gov.in/en/audit-report/details/115275,/webroot/uploads/download_audit_report/2021/Report No. 4 of 2021_PSU_English_(23-6-2021)-061c4199e089be7.08051613.pdf,,2026-07-22T13:09:48Z,
Madhya Pradesh,"Report of the Comptroller and Auditor General of India on ECONOMIC SECTOR for the year ended 31 March 2019, Government of Madhya Pradesh, Report No.3 of the Year 2021",,,,2018-19,https://cag.gov.in/en/audit-report/details/115269,/webroot/uploads/download_audit_report/2021/Report No. 3 of 2021_ES 2018-19_English-061c4124aa51ef1.81175041.pdf,,2026-07-22T13:09:48Z,
Madhya Pradesh,"Report of the Comptroller and Auditor General of India on GENERAL AND SOCIAL SECTORS for the year ended 31 March 2019, Government of Madhya Pradesh, Report No.1 of year 2021",,,Social Welfare,2018-19,https://cag.gov.in/en/audit-report/details/115252,/webroot/uploads/download_audit_report/2021/Report No. 1 of 2021_GSS_English-061c3411ca3b2c1.19454548.pdf,,2026-07-22T13:09:48Z,
Madhya Pradesh,State Finances Audit Report of the Comptroller and Auditor General of India for the year ended 31 March 2019,,Financial,Finance,2018-19,https://cag.gov.in/en/audit-report/details/113340,/webroot/uploads/download_audit_report/2020/Report No. 03 of the year 2020 GoMP English-0604f3e962ed3c0.85602158.pdf,,2026-07-22T13:10:41Z,
Madhya Pradesh,"Report No.1 of 2020 - Economic Sector, Government of Madhya Pradesh",,,,2019-20,https://cag.gov.in/en/audit-report/details/111693,/webroot/uploads/download_audit_report/2020/Report_No_1_of_2020_Economic_Sector_Government_of_Madhya_Pradesh-05f91971607da42.98070159.pdf,,2026-07-22T13:10:58Z,1/2020
Madhya Pradesh,"Report No.2 of 2020 - Public Sector Undertakings, Government of Madhya Pradesh",,Compliance,,2019-20,https://cag.gov.in/en/audit-report/details/111675,/webroot/uploads/download_audit_report/2020/Report_No_2_of_2020_PSU_Government_of_Madhya_Pradesh-05f91960b1b0d19.64552092.pdf,,2026-07-22T13:10:58Z,2/2020
Madhya Pradesh,"Report of the Comptroller & Auditor General of India on General and Social Sectors for the year ended 31 March 2018, Government of Madhya Pradesh, Report No.3 of year 2019",,,Social Welfare,2017-18,https://cag.gov.in/en/audit-report/details/112353,"/webroot/uploads/download_audit_report/2019/AR, GSS, 2017-18, GoMP (Report No. 3 of the year 2019_English) (1)-05f96b7c87db585.11991652.pdf",,2026-07-22T13:11:22Z,
Madhya Pradesh,"Report No.2 of 2019 - Revenue Sector, Government of Madhya Pradesh",,Financial,Taxes and Duties,2018-19,https://cag.gov.in/en/audit-report/details/111701,/webroot/uploads/download_audit_report/2019/Report_No_2_of_2019_Revenue_Sector_Government_of_Madhya_Pradesh.pdf,,2026-07-22T13:11:22Z,2/2019
Madhya Pradesh,"Report No.1 of 2019 - State Finances, Government of Madhya Pradesh",,Financial,Finance,2018-19,https://cag.gov.in/en/audit-report/details/57108,/webroot/uploads/download_audit_report/2019/Report_No_1_of_2019_State_Finance_Government_of_Madhya_Pradesh.pdf,,2026-07-22T13:11:34Z,1/2019
Madhya Pradesh,"Report of the Comptroller & Auditor General of India on General and Social Sectors for the year ended 31 March 2017, Government of Madhya Pradesh, Report No.5 of year 2018",,,General Sector Ministries and Constitutional Bodies,2016-17,https://cag.gov.in/en/audit-report/details/49023,/webroot/uploads/download_audit_report/2018/Report_No_5_of_2018_General_and_Social_Sectors_Government_of_Madhya_Pradesh.pdf,,2026-07-22T13:12:14Z,
Madhya Pradesh,"Report No.4 of 2018 - Economic Sector, Government of Madhya Pradesh",,,Social Infrastructure,2017-18,https://cag.gov.in/en/audit-report/details/49015,/webroot/uploads/download_audit_report/2018/Report_No_4_of_2018_Economic_Sector_Government_of_Madhya_Pradesh.pdf,,2026-07-22T13:12:14Z,4/2018
Madhya Pradesh,"Report No.3 of 2018 - Public Sector Undertakings, Government of Madhya Pradesh",,Compliance,General Sector Ministries and Constitutional Bodies,2017-18,https://cag.gov.in/en/audit-report/details/49007,/webroot/uploads/download_audit_report/2018/Report_No_3_of_2018_Public_Sector_Undertakings_Government_of_Madhya_Pradesh.pdf,,2026-07-22T13:12:14Z,3/2018
Madhya Pradesh,"Report No.2 of 2018 - State Finances, Government of Madhya Pradesh",,Financial,Finance,2017-18,https://cag.gov.in/en/audit-report/details/48967,/webroot/uploads/download_audit_report/2018/Report_No_2_of_2018_State_Finances_Government_of_Madhya_Pradesh.pdf,,2026-07-22T13:12:14Z,2/2018
Madhya Pradesh,"Report No.1 of 2018 - Revenue Sector, Government of Madhya Pradesh",,Financial,Taxes and Duties,2017-18,https://cag.gov.in/en/audit-report/details/48950,/webroot/uploads/download_audit_report/2018/Report_No_1_of_2018_Revenue_Sector_Government_of_Madhya_Pradesh.pdf,,2026-07-22T13:12:14Z,1/2018
Madhya Pradesh,"Report of the Comptroller & Auditor General of India for the year ended 31 March 2016 on ""Performance Audit on Implementation of the Right of Children to Free and Compulsory Education Act, 2009 Government of Madhya Pradesh-Report No.5 of 2017""",,Performance,"Education, Health & Family Welfare",2015-16,https://cag.gov.in/en/audit-report/details/34295,"/webroot/uploads/download_audit_report/2017/Report_No.5_of_2017_-_Performance_Audit_on_Implementation_of_the_Right_of_Children_to_Free_and_Compulsory_Education_Act,_2009_Government_of_Madhya_Pradesh.pdf",,2026-07-22T13:13:07Z,5/2017
Madhya Pradesh,Report No 5 of 2016 - Revenue Sector Madhya Pradesh,,Financial,Taxes and Duties,2016-17,https://cag.gov.in/en/audit-report/details/28049,/webroot/uploads/download_audit_report/2017/Report_No_5_of_2016_MP_Revenue_Sector.pdf,,2026-07-22T13:13:48Z,5/2016
Madhya Pradesh,"Report of the Comptroller & Auditor General of India on General and Social Sectors for the year ended 31 March 2016, Government of Madhya Pradesh, Report No.3 of year 2017",,,Social Welfare,2015-16,https://cag.gov.in/en/audit-report/details/28041,/webroot/uploads/download_audit_report/2017/Report No 3 of 2017 MP General and Social Sectors.pdf,,2026-07-22T13:13:48Z,
Madhya Pradesh,Report No 2 of 2017 - Madhya Pradesh Economic Sector,,,Finance,2016-17,https://cag.gov.in/en/audit-report/details/28033,/webroot/uploads/download_audit_report/2017/MP_Report_No_2_of_2017_Economic_Sector.pdf,,2026-07-22T13:13:48Z,2/2017
Madhya Pradesh,Report 1 of 2017 - PSUs Madhya Pradesh,,,General Sector Ministries and Constitutional Bodies,2016-17,https://cag.gov.in/en/audit-report/details/28024,/webroot/uploads/download_audit_report/2017/Madhya_Pradesh_Report_1_of_2017.pdf,,2026-07-22T13:13:48Z,
Madhya Pradesh,Report No 6 of 2016 - Madhya Pradesh State Finances,,Financial,Finance,2015-16,https://cag.gov.in/en/audit-report/details/28064,/webroot/uploads/download_audit_report/2016/Report No 6 of 2016 Madhya Pradesh State Finances.pdf,,2026-07-22T13:14:08Z,6/2016
Madhya Pradesh,Report No 4 of 2016 - Madhya Pradesh Local Bodies,,,Local Bodies,2015-16,https://cag.gov.in/en/audit-report/details/24031,/webroot/uploads/download_audit_report/2016/Madhya_Pradesh_Local_Bodies Report_4_2016.pdf,,2026-07-22T13:14:20Z,4/2016
Madhya Pradesh,Report No 3 of 2016 - Economic (NON-PSUs) Sector Government of Madhya Pradesh,,Compliance,Finance,2015-16,https://cag.gov.in/en/audit-report/details/21163,/webroot/uploads/download_audit_report/2016/Madhya_Pradesh_Economic_NON_PSUs_Report_3_2016.pdf,,2026-07-22T13:14:41Z,3/2016
Madhya Pradesh,Report No. 2 of 2016 - Revenue Sector Government of Madhya Pradesh,,Financial,Finance,2015-16,https://cag.gov.in/en/audit-report/details/21139,/webroot/uploads/download_audit_report/2016/Madhya_Pradesh_Revenue_Sector_Report_2_2016.pdf,,2026-07-22T13:14:41Z,2/2016
Madhya Pradesh,"Report of the Comptroller & Auditor General of India on General and Social Sectors (Non-PSU) for the year ended 31 March 2015, Government of Madhya Pradesh, Report No.1 of year 2016",,Compliance,Social Welfare,2014-15,https://cag.gov.in/en/audit-report/details/20666,/webroot/uploads/download_audit_report/2016/Madhya_Pradesh_ General_and_Social_ Sectors_NON_PSUs_ Report_1_ 2016.pdf,,2026-07-22T13:14:45Z,
Madhya Pradesh,Report No 4 of 2015 - Public Sector Undertakings Government of Madhya Pradesh,,Compliance,Power & Energy,2014-15,https://cag.gov.in/en/audit-report/details/21154,/webroot/uploads/download_audit_report/2015/Madhya_Pradesh_Public_Sector_Undertaking_Report_4_2015.pdf,,2026-07-22T13:15:10Z,4/2015
Madhya Pradesh,Report 2015 - State Finances Government of Madhya Pradesh,,Financial,Finance,2014-15,https://cag.gov.in/en/audit-report/details/20705,/webroot/uploads/download_audit_report/2015/Madhya_Pradesh_State_Finances_Report_2015.pdf,,2026-07-22T13:15:14Z,
Madhya Pradesh,"Report of the Comptroller & Auditor General of India on General and Social Sectors (Non-PSU) for the year ended 31 March 2014, Government of Madhya Pradesh, Report No.3 of year 2015",,Compliance,,2013-14,https://cag.gov.in/en/audit-report/details/12526,/webroot/uploads/download_audit_report/2015/Madhya_Pradesh_Report_3_2015.pdf,,2026-07-22T13:15:18Z,
Madhya Pradesh,Report of 2015 - Financial Audit on State Finance of Government of Madhya Pradesh,,Financial,,2014-15,https://cag.gov.in/en/audit-report/details/12517,/webroot/uploads/download_audit_report/2015/Madhya_Pradesh_State finance_2015.pdf,,2026-07-22T13:15:18Z,
Madhya Pradesh,Report No. 2 of 2015 - Performance Audit on Public Sector Undertakings of Government of Madhya Pradesh,,Performance,,2014-15,https://cag.gov.in/en/audit-report/details/12509,/webroot/uploads/download_audit_report/2015/Madhya_Pradesh_Report_2_2015.pdf,,2026-07-22T13:15:22Z,2/2015
Madhya Pradesh,Report No. 1 of 2015 - Performance Audit on Economic (Non-PSUs) Sector of Government of Madhya Pradesh,,Performance,,2014-15,https://cag.gov.in/en/audit-report/details/12501,/webroot/uploads/download_audit_report/2015/Madhya_Pradesh_Report_1_2015.pdf,,2026-07-22T13:15:22Z,1/2015
Madhya Pradesh,Report No. 5 of 2014 - Performance Audit on Revenue Sector of Government of Madhya Pradesh,,Performance,,2013-14,https://cag.gov.in/en/audit-report/details/12534,/webroot/uploads/download_audit_report/2014/Madhya_Pradesh_Report_5_2014.pdf,,2026-07-22T13:15:55Z,5/2014
Madhya Pradesh,Report No. 4 of 2014 - Compliance and Performance Audit on Economic Sector of Government of Madhya Pradesh,,Performance,Transport & Infrastructure,2013-14,https://cag.gov.in/en/audit-report/details/6891,/webroot/uploads/download_audit_report/2014/Madhya_Pradesh_Report_4_2014.pdf,,2026-07-22T13:16:21Z,4/2014
Madhya Pradesh,Report of 2013 -Audit Report (State Finances) for the year ended 31 March 2013 of Government of Madhya Pradesh,,Financial,Finance,2012-13,https://cag.gov.in/en/audit-report/details/6900,/webroot/uploads/download_audit_report/2013/Madhya_Pradesh_SF_2014.pdf,,2026-07-22T13:31:08Z,
Madhya Pradesh,Report No. 3 of 2013 - Report on Economic (Non-PSUs) Sector of Government of Madhya Pradesh,,Compliance,Transport & Infrastructure,2012-13,https://cag.gov.in/en/audit-report/details/6673,/webroot/uploads/download_audit_report/2013/Madhya_Pradesh_Report_3_2013.pdf,,2026-07-22T13:31:14Z,3/2013
Madhya Pradesh,"Report No. 2 of 2013 - Report of the Comptroller and Auditor General of India on Public Sector Undertakings (General, Social, Economic and Revenue Sector) for the year ended 31 March 2012, Government of Madhya Pradesh",,Financial,Finance,2011-12,https://cag.gov.in/en/audit-report/details/6662,/webroot/uploads/download_audit_report/2013/Madhya_Pradesh_Report_2_2013.pdf,,2026-07-22T13:31:14Z,2/2013
Madhya Pradesh,Report No. 1 of 2013 - Report of the Comptroller and Auditor General of India on Revenue Secotr for the year ended 31 March 2012 - Government of Madhya Pradesh,,,Taxes and Duties,2011-12,https://cag.gov.in/en/audit-report/details/6607,/webroot/uploads/download_audit_report/2013/Madhya_Pradesh_Report_1_Revenue_2013.pdf,,2026-07-22T13:31:18Z,1/2013
Madhya Pradesh,Report No. 4 of 2013 on General and Social (Non-PSUs) Sectors for the year ended 31 March 2012,,Compliance,"Art, Culture and Sports",2011-12,https://cag.gov.in/en/audit-report/details/6679,/webroot/uploads/download_audit_report/2012/Madhya_Pradesh_Report_4_2013.pdf,,2026-07-22T13:42:04Z,4/2013
Madhya Pradesh,Report No. 1 of 2012 - Audit Report (State Finances) for the year ended 31 March 2012 of Government of Madhya Pradesh,,Financial,Finance,2011-12,https://cag.gov.in/en/audit-report/details/6640,/webroot/uploads/download_audit_report/2012/Madhya_Pradesh_Report_1_SF_2013.pdf,,2026-07-22T13:42:04Z,1/2012
Madhya Pradesh,Report of 2011 -  Audit Report (State Finances) for the year ended 31 March 2011 of Government of Madhya Pradesh,,Financial,Finance,2010-11,https://cag.gov.in/en/audit-report/details/6583,/webroot/uploads/download_audit_report/2011/Madhya_Pradesh_SF_2011.pdf,,2026-07-22T13:42:47Z,
Madhya Pradesh,Report of 2011 - Report of the Comptroller and Auditor General of India (Revenue Receipts) for the year ended 31 March 2011- Government of Madhya Pradesh,,,Taxes and Duties,2010-11,https://cag.gov.in/en/audit-report/details/6555,/webroot/uploads/download_audit_report/2011/Madhya_Pradesh_Revenue_2011.pdf,,2026-07-22T13:42:47Z,
Madhya Pradesh,Report No. 4 of 2011 - Report of the Comptroller and Auditor General of India Commercial for the year ended 31 March 2010 - Government of Madhya Pradesh,,,Finance,2009-10,https://cag.gov.in/en/audit-report/details/6539,/webroot/uploads/download_audit_report/2011/Madhya_Pradesh_Commercial_2011.pdf,,2026-07-22T13:42:47Z,4/2011
Madhya Pradesh,"Report No. 2 of 2011- Report of the Comptroller and Auditor General of India (Civil) for the year ended 31 March 2011, Government of Madhya Pradesh",,,Agriculture and Rural Development,2010-11,https://cag.gov.in/en/audit-report/details/6532,/webroot/uploads/download_audit_report/2011/Madhya_Pradesh_Civil_2011.pdf,,2026-07-22T13:42:47Z,2/2011
Madhya Pradesh,Report of 2010 -  Audit Report (State Finances) for the year ended 31 March 2010 of Government of Madhya Pradesh,,Financial,Finance,2009-10,https://cag.gov.in/en/audit-report/details/6464,/webroot/uploads/download_audit_report/2010/Madhya_Pradesh_SF_2010.pdf,,2026-07-22T13:43:41Z,
Madhya Pradesh,Report of 2010 - Report of the Comptroller and Auditor General of India (Revenue Receipts) for the year ended 31 March 2010 - Government of Madhya Pradesh,,,Taxes and Duties,2009-10,https://cag.gov.in/en/audit-report/details/6452,/webroot/uploads/download_audit_report/2010/Madhya_Pradesh_Revenue_2010.pdf,,2026-07-22T13:43:41Z,
Madhya Pradesh,Report of 2010 - Report of the Comptroller and Auditor General of India Commercial for the year ended 31 March 2010 - Government of Madhya Pradesh,,,Finance,2009-10,https://cag.gov.in/en/audit-report/details/6442,/webroot/uploads/download_audit_report/2010/Madhya_Pradesh_Commercial_2010.pdf,,2026-07-22T13:43:41Z,
Madhya Pradesh,"Report of the Comptroller and Auditor General of India - Civil - for the year ended 31 March 2010, Government of Madhya Pradesh",,,Agriculture and Rural Development,2009-10,https://cag.gov.in/en/audit-report/details/6432,/webroot/uploads/download_audit_report/2010/Madhya_Pradesh_Civil_2010.pdf,,2026-07-22T13:43:41Z,
Madhya Pradesh,Report of 2009 - Audit Report (State Finances) for the year ended 31 March 2009 of Government of Madhya Pradesh,,Financial,Finance,2008-09,https://cag.gov.in/en/audit-report/details/6400,/webroot/uploads/download_audit_report/2009/Madhya_Pradesh_SF_2009.pdf,,2026-07-22T13:44:25Z,
Madhya Pradesh,Report of 2009 - Report of the Comptroller and Auditor General of India (Revenue Receipts) for the year ended 31 March 2009 - Government of Madhya Pradesh,,,Taxes and Duties,2008-09,https://cag.gov.in/en/audit-report/details/6387,/webroot/uploads/download_audit_report/2009/Madhya_Pradesh_Revenue_2009.pdf,,2026-07-22T13:44:25Z,
Madhya Pradesh,Report of 2009 - Report of the Comptroller and Auditor General of India for the year ended 31 March 2009 (Commercial) of Government of Madhya Pradesh,,,Finance,2008-09,https://cag.gov.in/en/audit-report/details/6378,/webroot/uploads/download_audit_report/2009/Madhya_Pradesh_Commercial_2009.pdf,,2026-07-22T13:44:25Z,
Madhya Pradesh,Report of 2009 - Report of the Comptroller and Auditor General of India for the year ended 31 March 2009 (Civil) Government of Madhya Pradesh,,,Agriculture and Rural Development,2008-09,https://cag.gov.in/en/audit-report/details/6207,/webroot/uploads/download_audit_report/2009/Madhya_Pradesh_Civil_2009.pdf,,2026-07-22T13:44:28Z,
Maharashtra,Report of the Comptroller and Auditor General of India on State Finance for the year 2024-25,,Financial,,2024-25,https://cag.gov.in/en/audit-report/details/125474,/webroot/uploads/download_audit_report/2026/Mumbai-SFAR-2024-25_Report-No-1-of-2026_Marathi-&-English_hyperlinked-06a50b8f828d071.66759253.pdf,,2026-07-22T13:04:37Z,
Maharashtra,Report of the Comptroller and Auditor General of India on Compliance Audit for the year ended 31 March 2024,,Compliance,,2023-24,https://cag.gov.in/en/audit-report/details/125459,/webroot/uploads/download_audit_report/2024/Mumbai-CAR-2023-24_Report-No-3-of-2026_Marathi-&-English_hyperlinked-06a50b1cd2fb039.62156072.pdf,,2026-07-22T13:04:37Z,
Maharashtra,Report of the Comptroller and Auditor General of India Performance Report on Jal Jeevan Mission for the period ended March 2024,,,,2023-24,https://cag.gov.in/en/audit-report/details/125424,/webroot/uploads/download_audit_report/2024/Nagpur_Report-No.-2-of-2026_Marathi-&-English_hyperlinked-06a50a7f0926c61.17881064.pdf,,2026-07-22T13:04:37Z,
Maharashtra,Report of the Comptroller and Auditor General of India for the period ended March 2024,,,Social Infrastructure,2023-24,https://cag.gov.in/en/audit-report/details/125414,/webroot/uploads/download_audit_report/2026/Nagpur_Report-No.-4-of-2026_Marathi-&-English_hyperlinked-06a50a3c107ba39.98095799.pdf,,2026-07-22T13:04:37Z,
Maharashtra,"Report of the Comptroller and Auditor General of India on Mahatma Gandhi National Rural Employment Guarantee Scheme, Government of Maharashtra (Report No. 7 of 2025)",,,Social Welfare,2024-25,https://cag.gov.in/en/audit-report/details/124883,/webroot/uploads/download_audit_report/2025/Mumbai_Report-No.-7-of-2025_(PA-MGNREGS)-Marathi-&amp;-English_hyperlinked-1-069c3ced1124400.79074042.pdf,,2026-07-22T13:04:48Z,7/2025
Maharashtra,"Welfare of Building and Other Construction Workers, Government of Maharashtra (Report No.4 of 2025)",,,Social Welfare,2024-25,https://cag.gov.in/en/audit-report/details/123523,/webroot/uploads/download_audit_report/2025/Report-No.-4-of-2025_Marathi--English_hyperlinked-0693e9a3a8a8001.73577092.pdf,,2026-07-22T13:05:13Z,4/2025
Maharashtra,Report of the Comptroller and Auditor General of India Performance Audit on Implementation of Pradhan Mantri Khanij Kshetra Kalyan Yojana including District Mineral Foundation Trusts in Maharashtra  Report No. 5 of 2025,,Performance,,2024-25,https://cag.gov.in/en/audit-report/details/123517,/webroot/uploads/download_audit_report/2025/Maharashtra_Report-No.-5_Marathi-&amp-English_hyperlinked-0693e9324e04029.18820936.pdf,,2026-07-22T13:05:13Z,5/2025
Maharashtra,Annual Technical Inspection Report on Local Bodies for the year ended 31 March 2022 (Government of Maharashtra),,,Local Bodies,2021-22,https://cag.gov.in/en/audit-report/details/122175,/webroot/uploads/download_audit_report/2025/ATIR-2021-22_Marathi-&-English_hyperlinked-0687f7b54c38043.10457546.pdf,,2026-07-22T13:05:34Z,
Maharashtra,"Report No. 3 of 2025- Report of the Comptroller and Auditor General of India on State Finances for the year 2023-24, Government of Maharashtra",,Financial,,2023-24,https://cag.gov.in/en/audit-report/details/122158,/webroot/uploads/download_audit_report/2025/Report-No.-3-of-2025_Marathi-&-English_Hyperlinked-0687f37225df545.30842455.pdf,,2026-07-22T13:05:34Z,3/2025
Maharashtra,"Report No. 2 of 2025- Report of the Comptroller and Auditor General of India on Compliance Audit for the year ended 31 March 2022, Government of Maharashtra",,Compliance,,2021-22,https://cag.gov.in/en/audit-report/details/122144,/webroot/uploads/download_audit_report/2025/Report-No.-2-of-2025_Marathi-&-English-hyperlinked-0687f2486a6a629.33884625.pdf,,2026-07-22T13:05:34Z,2/2025
Maharashtra,The Performance Audit on “Waste Management in Urban Local Bodies”,,Performance,Local Bodies,2023-24,https://cag.gov.in/en/audit-report/details/121872,/webroot/uploads/download_audit_report/2024/2.-Report-No.-3-of-2024_WM-ULBs_Marathi-&-English-067e4e5899fb3d5.89416086.pdf,,2026-07-22T13:06:16Z,
Maharashtra,The Performance Audit on “Public Health Infrastructure and Management of Health Services in Maharashtra”,,Performance,"Education, Health & Family Welfare",2023-24,https://cag.gov.in/en/audit-report/details/121279,/webroot/uploads/download_audit_report/2024/Report-No.-2-of-2024_PA-on-PHIMHS_Mumbai_Marathi+English-0676d2f97745df0.99240443.pdf,,2026-07-22T13:06:23Z,
Maharashtra,"Report of the Comptroller and Auditor General of India on Compliance and Performance Audit-Civil for the period ended March 2023, Government of Maharashtra (Report No.8 of 2025)",,Performance,,2022-23,https://cag.gov.in/en/audit-report/details/124899,/webroot/uploads/download_audit_report/2023/Nagpur_Report-No.-8-of-2025-English-069c3cb3b19edd6.82328403.pdf,,2026-07-22T13:07:07Z,8/2025
Maharashtra,"Report of the Comptroller and Auditor General of India on State Revenues for the period ended March 2023, Government of Maharashtra (Report No.6 of 2025)",,Financial,Finance,2022-23,https://cag.gov.in/en/audit-report/details/124857,/webroot/uploads/download_audit_report/2023/Nagpur_Report-No.-6-of-2025-English-069c3c67ed3be47.89014168.pdf,,2026-07-22T13:07:07Z,6/2025
Maharashtra,State Finance Audit Report of the Comptroller and Auditor General of India for the year ended 31 March 2023 - Report 1 of the year 2024,,Financial,Finance,2022-23,https://cag.gov.in/en/audit-report/details/119823,/webroot/uploads/download_audit_report/2023/State-Finance-Report-2022-23-0669521f380fde6.90168828.pdf,,2026-07-22T13:07:15Z,
Maharashtra,Report of Comptroller and Auditor General of India Performance Audit on Role of Maharashtra Industrial Development Corporation (MIDC) in Industrial Development of Maharashtra,,Performance,Industry and Commerce,2022-23,https://cag.gov.in/en/audit-report/details/119493,/webroot/uploads/download_audit_report/2023/Report-No.-5-of-2023-MIDC_English_21-08-2023-06582bc2e83b762.61881238.pdf,,2026-07-22T13:07:31Z,
Maharashtra,"Report No. 4 of 2023 - Performance Audit Report on Implementation of Direct Benefit Transfer in Scholarship Schemes of Other Backward Bahujan Welfare Department, Government of Maharashtra.",,Performance,Information and Communication,2022-23,https://cag.gov.in/en/audit-report/details/118982,/webroot/uploads/download_audit_report/2023/Report-No.-4-of-2023_DBT_Marathi-&-English-hyperlink-064cce016a30179.23992414.pdf,,2026-07-22T13:07:41Z,4/2023
Maharashtra,"Report No. 3 of 2023 - Compliance Audit for the year ended March 2021, Government of Maharashtra",,Compliance,,2020-21,https://cag.gov.in/en/audit-report/details/118969,/webroot/uploads/download_audit_report/2023/Report-No.-3-of-2023_Marathi-&-English-hyperlinked-064ccda56d8a555.99068098.pdf,,2026-07-22T13:07:41Z,3/2023
Maharashtra,Report No. 1 of the year 2023 Performance Audit on Delivery of Public Services by Government of Maharashtra,,Performance,Social Welfare,2022-23,https://cag.gov.in/en/audit-report/details/118476,/webroot/uploads/download_audit_report/2023/Report-No.-1-of-2023-PA-on-DPS-Marathi-&-English_GoM-0642151c78e7fe5.26727868.pdf,,2026-07-22T13:07:50Z,
Maharashtra,"Compliance Audit Report for the year ended March 2022, (Report No. 1 of the year 2025), Government of Maharashtra",,Compliance,,2021-22,https://cag.gov.in/en/audit-report/details/122085,/webroot/uploads/download_audit_report/2022/Report-No.-1-of-2025_Marathi-&-English_hyperlinked-0687a2e6f5c39f2.47283583.pdf,,2026-07-22T13:07:53Z,
Maharashtra,"State Finance Audit Report of the Comptroller and Auditor General of India for the year ended 31 March 2022, Government of Maharashtra (Report No. 2 of the year 2023)",,Financial,Finance,2021-22,https://cag.gov.in/en/audit-report/details/119851,/webroot/uploads/download_audit_report/2022/SFAR-2021-22-Report-No.-2-of-2023_English-&-Marathi-066960ff6aa03d9.51479938.pdf,,2026-07-22T13:08:15Z,
Maharashtra,State Finance Audit Report of the Comptroller and Auditor General of India for the year ended 31 March 2022 - Report 2 of the year 2023,,Financial,Finance,2021-22,https://cag.gov.in/en/audit-report/details/119813,/webroot/uploads/download_audit_report/2022/SFAR-2021-22-Report-No.-2-of-2023_English-&-Marathi-066951fdee690f2.68201122.pdf,,2026-07-22T13:08:15Z,
Maharashtra,"Report No.1 of 2022-Compliance Audit, Government of Maharashtra",,Compliance,Local Bodies,2021-22,https://cag.gov.in/en/audit-report/details/115687,/webroot/uploads/download_audit_report/2022/Report No. 1 of 2022_Compliance_Marathi & English-0623db7f0e0b2d1.70190969.pdf,,2026-07-22T13:09:06Z,1/2022
Maharashtra,"Report No. 4 of the year 2022 Performance Audit on Outcomes in Surface Irrigation, Government of Maharashtra",,Performance,,2020-21,https://cag.gov.in/en/audit-report/details/117858,/webroot/uploads/download_audit_report/2021/Report-No.-4-of-2022_OSI_Marathi-and-English-hyperlinked-063b3d556d84f55.59154654.pdf,,2026-07-22T13:09:21Z,
Maharashtra,"Report No 2 of the year 2022 - State Finances Audit Report for the year ended 31 March 2021, Government of Maharashtra.",,Financial,Finance,2020-21,https://cag.gov.in/en/audit-report/details/117125,/webroot/uploads/download_audit_report/2021/11. SFAR 2020-21_Report No. 2 of 2022_Marathi & English_Hyperlinked (1)-0630c8c271a5490.44960062.pdf,,2026-07-22T13:09:26Z,
Maharashtra,Report No 3 of the year 2022 :The performance audit on “the Efficacy of Implementation of Seventy-fourth Constitutional Amendment Act in Maharashtra”,,Performance,Local Bodies,2020-21,https://cag.gov.in/en/audit-report/details/117101,/webroot/uploads/download_audit_report/2021/Report No. 3 of 2022_74th CAA_English_hyperlinked-063076628bed713.59051744.pdf,,2026-07-22T13:09:26Z,
Maharashtra,"Report No.1 of 2021 State Finance, Government of Maharashtra",,Financial,,2020-21,https://cag.gov.in/en/audit-report/details/115371,/webroot/uploads/download_audit_report/2021/Report No. 1 of 2021_SFAR 2019-20_Marathi and English_Hyperlinked-061d3e860cf5b51.39291885.pdf,,2026-07-22T13:09:44Z,1/2021
Maharashtra,Report of Natural Resources Accounting (Asset Account) 2020-21 for the State of Maharashtra,,,Power & Energy,2020-21,https://cag.gov.in/en/audit-report/details/118967,/webroot/uploads/download_audit_report/2020/Final_Report_of_NRA_Mahararashtra_2020_2021_V3-064be308f130887.85598615.pdf,,2026-07-22T13:10:21Z,
Maharashtra,"Report No.1 of 2020 - State Finances, Government of Maharashtra",,Financial,,2019-20,https://cag.gov.in/en/audit-report/details/110882,/webroot/uploads/download_audit_report/2020/Report_No_1_of_2020_State_Finances_Government_of_Maharashtra-05f91821ec17cc5.27794084.pdf,,2026-07-22T13:10:58Z,1/2020
Maharashtra,"Report No.3 of 2020 - General and Social Sector and PSUs, Government of  Maharashtra(English/Marathi)",,,,2019-20,https://cag.gov.in/en/audit-report/details/110871,/webroot/uploads/download_audit_report/2020/Report No. 3_of 2020_GSS_English & Marathi-061d6c0a9f0ecf7.05208910.pdf,,2026-07-22T13:10:58Z,3/2020
Maharashtra,"Report No.2 of 2020 - Economic and Revenue Sector, Government of Maharashtra",,Financial,,2019-20,https://cag.gov.in/en/audit-report/details/110730,/webroot/uploads/download_audit_report/2020/Report_No_2_of_2020_Economic_and_Revenue_Sector_Government_of_Maharashtra-05f917f6eea0236.09664003.pdf,,2026-07-22T13:11:03Z,2/2020
Maharashtra,"Report no. 5 of 2019 - PSU, Government of Maharashtra",,,Power & Energy,2018-19,https://cag.gov.in/en/audit-report/details/58260,/webroot/uploads/download_audit_report/2019/Report_no_5_of_2019_PSU_Government_of_Maharashtra.pdf,,2026-07-22T13:11:30Z,5/2019
Maharashtra,"Report No. 4 of 2019 - Revenue Sector, Government of Maharashtra",,Financial,Taxes and Duties,2018-19,https://cag.gov.in/en/audit-report/details/58065,/webroot/uploads/download_audit_report/2019/Report_No_4_of_2019_Revenue_Sector_Government_of_Maharashtra.pdf,,2026-07-22T13:11:30Z,4/2019
Maharashtra,"Report No. 3 of 2019 - State Finances, Government of Maharashtra",,Financial,Finance,2018-19,https://cag.gov.in/en/audit-report/details/56714,/webroot/uploads/download_audit_report/2019/Report_No_3_of_2019_State_Finances_Government_of_Maharashtra.pdf,,2026-07-22T13:11:34Z,3/2019
Maharashtra,"Report No.1 of 2019 - General and Social Sector, Government of Maharashtra",,,General Sector Ministries and Constitutional Bodies,2018-19,https://cag.gov.in/en/audit-report/details/52016,/webroot/uploads/download_audit_report/2019/Report_No_1_of_2019_General_and_Social_Sector_Government_of_Maharashtra.pdf,,2026-07-22T13:11:54Z,1/2019
Maharashtra,"Report No.2 of 2019 - Economic Sector, Government of Maharashtra",,,Finance,2018-19,https://cag.gov.in/en/audit-report/details/52009,/webroot/uploads/download_audit_report/2019/Report_No_2_of_2019_Economic_Sector_Government_of_Maharashtra_1.pdf,,2026-07-22T13:11:54Z,2/2019
Maharashtra,Report No.4 of 2018 - Public Sector Undertakings Government of Maharashtra,,Compliance,,2017-18,https://cag.gov.in/en/audit-report/details/46090,/webroot/uploads/download_audit_report/2018/Report_No_4_of_2018_-_Public_Sector_Undertakings_Government_of_Maharashtra.pdf,,2026-07-22T13:12:27Z,4/2018
Maharashtra,Report No.3 of 2018 - Revenue Sector Government of Maharashtra,,Financial,Finance,2017-18,https://cag.gov.in/en/audit-report/details/45980,/webroot/uploads/download_audit_report/2018/Report_No_3_of_2018_-_Revenue_Sector_Government_of_Maharashtra.pdf,,2026-07-22T13:12:27Z,3/2018
Maharashtra,Report No.2 of 2018 - State Finances Government of Maharashtra,,Financial,Finance,2017-18,https://cag.gov.in/en/audit-report/details/45972,/webroot/uploads/download_audit_report/2018/Report_No_2_of_2018_-_State_Finances_Government_of_Maharashtra.pdf,,2026-07-22T13:12:27Z,2/2018
Maharashtra,Report No.1 of 2018 - Economic Sector Government of Maharashtra,,,Finance,2017-18,https://cag.gov.in/en/audit-report/details/44246,/webroot/uploads/download_audit_report/2018/Report_No_1_of_2018_-_Economic_Sector_Government_of_Maharashtra.pdf,,2026-07-22T13:12:40Z,1/2018
Maharashtra,"Report of 2017 - Annual Technical Inspection on Local Bodies, Government of Maharashtra",,,General Sector Ministries and Constitutional Bodies,2016-17,https://cag.gov.in/en/audit-report/details/46155,/webroot/uploads/download_audit_report/2017/Report_of_2017_-_Annual_Technical_Inspection_on_Local_BodiesGovernment_of_Maharashtra.pdf,,2026-07-22T13:12:55Z,
Maharashtra,Report No.6 of 2017 - General and Social Sector Government of Maharashtra,,,"Education, Health & Family Welfare",2016-17,https://cag.gov.in/en/audit-report/details/44116,/webroot/uploads/download_audit_report/2017/Report_No_6_of_2017_-_General_and_Social_Sector_Government_of_Maharashtra.pdf,,2026-07-22T13:13:03Z,6/2017
Maharashtra,Report No.5 of 2017 - Local Bodies Government of Maharashtra,,,Local Bodies,2016-17,https://cag.gov.in/en/audit-report/details/32504,/webroot/uploads/download_audit_report/2017/Report_No.5_of_2017_–_Local_Bodies_Government_of_Maharashtra.pdf,,2026-07-22T13:13:15Z,5/2017
Maharashtra,Report No.3 of 2017 - Revenue Sector Government of Maharashtra,,Financial,Finance,2016-17,https://cag.gov.in/en/audit-report/details/32491,/webroot/uploads/download_audit_report/2017/Report_No.3_of_2017_–_Revenue_Sector_Government_of_Maharashtra.pdf,,2026-07-22T13:13:15Z,3/2017
Maharashtra,Report No.4 of 2017 - General and Social Sector Government of Maharashtra,,,General Sector Ministries and Constitutional Bodies,2016-17,https://cag.gov.in/en/audit-report/details/32484,/webroot/uploads/download_audit_report/2017/Report_No.4_of_2017_–_General_and_Social_Sector_Government_of_Maharashtra.pdf,,2026-07-22T13:13:15Z,4/2017
Maharashtra,Report No 2 of 2017 - PSUs Maharashtra,,,Power & Energy,2016-17,https://cag.gov.in/en/audit-report/details/28749,/webroot/uploads/download_audit_report/2017/Maharashtra_Report_No_2_of_2017_on_PSUs_1.pdf,,2026-07-22T13:13:32Z,2/2017
Maharashtra,Report 6 of 2016 - State Finances Maharashtra,,Financial,Finance,2015-16,https://cag.gov.in/en/audit-report/details/29180,/webroot/uploads/download_audit_report/2016/Maharashtra_Report_No_6_of_2016_on_State_Finances.pdf,,2026-07-22T13:14:00Z,
Maharashtra,Report No 5 of 2016 - Compliance Audit Local Bodies Maharashtra,,Compliance,Social Welfare,2015-16,https://cag.gov.in/en/audit-report/details/24160,/webroot/uploads/download_audit_report/2016/Maharashtra_Compliance_Audit_LB_Report_5_of_2016.pdf,,2026-07-22T13:14:20Z,5/2016
Maharashtra,Report No 4 of 2016 – General and Social Sector Audit Maharashtra,,,Social Welfare,2015-16,https://cag.gov.in/en/audit-report/details/24153,/webroot/uploads/download_audit_report/2016/Maharashtra_General_and_Social_Sector_Report_4_ 2016.pdf,,2026-07-22T13:14:20Z,4/2016
Maharashtra,Report No 3 of 2016 - Public Sector Undertakings Government of Maharashtra,,Compliance,Power & Energy,2015-16,https://cag.gov.in/en/audit-report/details/24017,/webroot/uploads/download_audit_report/2016/Report_3_2016_Public_Sector_Undertakings_Maharashtra_0.pdf,,2026-07-22T13:14:32Z,3/2016
Maharashtra,Report No 1 of 2016 - Economic Sector Government of Maharashtra,,,Agriculture and Rural Development,2015-16,https://cag.gov.in/en/audit-report/details/21554,/webroot/uploads/download_audit_report/2016/Report_1_2016_Economic_Sector_Maharashtra.pdf,,2026-07-22T13:14:37Z,1/2016
Maharashtra,Report 2015 - State Finances Government of Maharashtra,,Financial,Finance,2015-16,https://cag.gov.in/en/audit-report/details/21420,/webroot/uploads/download_audit_report/2016/Maharashtra_State_Finances_Report_2015_0.pdf,,2026-07-22T13:14:37Z,
Maharashtra,Report No 2 of 2016 – Revenue Sector Government of Maharashtra,,Financial,Taxes and Duties,2015-16,https://cag.gov.in/en/audit-report/details/21405,/webroot/uploads/download_audit_report/2016/Maharashtra_Revenue_Sector_Report_2_2016.pdf,,2026-07-22T13:14:37Z,2/2016
Maharashtra,"Report of 2015 - Compliance, Financial and Performance Audit on State Finances of Government of Maharashtra",,Performance,,2014-15,https://cag.gov.in/en/audit-report/details/7548,/webroot/uploads/download_audit_report/2015/Maharashtra_SF_2015.pdf,,2026-07-22T13:15:33Z,
Maharashtra,Report No. 4 of 2015 - Compliance and Performance Audit on General and Social Sector of Government of Maharashtra,,Performance,,2014-15,https://cag.gov.in/en/audit-report/details/7507,/webroot/uploads/download_audit_report/2015/Maharashtra_Report_4_2015.pdf,,2026-07-22T13:15:33Z,4/2015
Maharashtra,Report No. 3 of 2015 – Compliance and Performance Audit on Economic Sector of Government of Maharashtra,,Performance,"Art, Culture and Sports",2014-15,https://cag.gov.in/en/audit-report/details/7476,/webroot/uploads/download_audit_report/2015/Maharashtra_Report_3_2015.pdf,,2026-07-22T13:15:33Z,3/2015
Maharashtra,Report No. 2 of 2015 - Performance Audit on Public Sector Undertakings of Government of Maharashtra,,Performance,Transport & Infrastructure,2014-15,https://cag.gov.in/en/audit-report/details/7435,/webroot/uploads/download_audit_report/2015/Maharashtra_Report_2_2015.pdf,,2026-07-22T13:15:33Z,2/2015
Maharashtra,"Report of 2014 - Compliance, Financial and Performance Audit on State Finances of Government of Maharashtra",,Performance,,2013-14,https://cag.gov.in/en/audit-report/details/7332,/webroot/uploads/download_audit_report/2014/Maharashtra_SF_2014.pdf,,2026-07-22T13:16:17Z,
Maharashtra,Report No. 6 of 2014 - Compliance and Performance Audit on Local Bodies of Government of Maharashtra,,Performance,,2013-14,https://cag.gov.in/en/audit-report/details/7265,/webroot/uploads/download_audit_report/2014/Maharashtra_Report_6_2014.pdf,,2026-07-22T13:16:17Z,6/2014
Maharashtra,Report No. 5 of 2014 - Compliance and Performance Audit on Economic Sector of Government of Maharashtra,,Performance,,2013-14,https://cag.gov.in/en/audit-report/details/7220,/webroot/uploads/download_audit_report/2014/Maharashtra_Report_5_2014.pdf,,2026-07-22T13:16:21Z,5/2014
Maharashtra,Report No. 4 of 2014 - Compliance and Performance Audit on General and Social Sector of Government of Maharashtra,,Performance,,2013-14,https://cag.gov.in/en/audit-report/details/7181,/webroot/uploads/download_audit_report/2014/Maharashtra_Report_4_2014.pdf,,2026-07-22T13:16:21Z,4/2014
Maharashtra,Report No. 3 of 2014 - Performance Audit on Management of Irrigation Projects of Government of Maharashtra,,Performance,,2013-14,https://cag.gov.in/en/audit-report/details/7132,/webroot/uploads/download_audit_report/2014/Maharashtra_Report_3_2014.pdf,,2026-07-22T13:16:21Z,3/2014
Maharashtra,Report No. 2 of 2014 - Performance Audit on Public Sector Undertakings of Government of Maharashtra,,Performance,Finance,2013-14,https://cag.gov.in/en/audit-report/details/7060,/webroot/uploads/download_audit_report/2014/Maharashtra_Report_2_2014.pdf,,2026-07-22T13:16:21Z,2/2014
Maharashtra,Report No. 1 of 2014 - Performance Audit on Revenue Sector of Government of Maharashtra,,Performance,,2013-14,https://cag.gov.in/en/audit-report/details/6982,/webroot/uploads/download_audit_report/2014/Maharashtra_Report_1_2014.pdf,,2026-07-22T13:16:21Z,1/2014
Maharashtra,Report No. 5 of 2013 – Performance Audit on Government Land given on lease of Government of Maharashtra,,Performance,,2012-13,https://cag.gov.in/en/audit-report/details/6928,/webroot/uploads/download_audit_report/2013/Maharashtra_Report_5_2013.pdf,,2026-07-22T13:31:08Z,5/2013
Maharashtra,Report No. 4 of 2013 - Compliance and Performance Audit on Economic Sector of Government of Maharashtra,,Performance,,2012-13,https://cag.gov.in/en/audit-report/details/6918,/webroot/uploads/download_audit_report/2013/Maharashtra_Report_4_2013.pdf,,2026-07-22T13:31:08Z,4/2013
Maharashtra,Report No. 3 of 2013 – Performance Audit on General and Social Sector of Government of Maharashtra,,Performance,,2012-13,https://cag.gov.in/en/audit-report/details/6896,/webroot/uploads/download_audit_report/2013/Maharashtra_Report_3_2013.pdf,,2026-07-22T13:31:08Z,3/2013
Maharashtra,Report No. 2 of 2013 - Performance Audit on Public Sector Undertakings of Government of Maharashtra,,Performance,Finance,2012-13,https://cag.gov.in/en/audit-report/details/6866,/webroot/uploads/download_audit_report/2013/Maharashtra_Report_2_2013.pdf,,2026-07-22T13:31:14Z,2/2013
Maharashtra,Report No. 1 of 2013 - Performance Audit on Revenue Receipts of Government of Maharashtra,,Performance,,2012-13,https://cag.gov.in/en/audit-report/details/6825,/webroot/uploads/download_audit_report/2013/Maharashtra_Report_1_2013.pdf,,2026-07-22T13:31:14Z,1/2013
Maharashtra,Report of 2012 – Compliance and Financial Audit on State Finances of Government of Maharashtra,,Financial,,2011-12,https://cag.gov.in/en/audit-report/details/6759,/webroot/uploads/download_audit_report/2012/Maharashtra_SF_2012.pdf,,2026-07-22T13:42:04Z,
Maharashtra,Report of 2011 - Compliance and Financial Audit on State Finance of Government of Maharashtra,,Financial,,2010-11,https://cag.gov.in/en/audit-report/details/6702,/webroot/uploads/download_audit_report/2011/Maharashtra_SF_2011.pdf,,2026-07-22T13:42:47Z,
Maharashtra,Report of 2011 - Financial Audit on Commercial of Government of Maharashtra,,Financial,Finance,2010-11,https://cag.gov.in/en/audit-report/details/6594,/webroot/uploads/download_audit_report/2011/Maharashtra_Commercial_2011.pdf,,2026-07-22T13:42:47Z,
Maharashtra,Report of 2011 – Performance Audit on Civil of Government of Maharashtra,,Performance,,2010-11,https://cag.gov.in/en/audit-report/details/6534,/webroot/uploads/download_audit_report/2011/Maharashtra_Civil_2011.pdf,,2026-07-22T13:42:47Z,
Maharashtra,"Report of 2010 – Compliance, Financial and Performance Audit on State Finances of Government of Maharashtra",,Performance,,2009-10,https://cag.gov.in/en/audit-report/details/6509,/webroot/uploads/download_audit_report/2010/Maharashtra_SF_2010.pdf,,2026-07-22T13:43:41Z,
Maharashtra,Report of 2010 - Financial and Performance Audit on Revenue of Government of Maharashtra,,Performance,,2009-10,https://cag.gov.in/en/audit-report/details/6465,/webroot/uploads/download_audit_report/2010/Maharashtra_Revenue_2010.pdf,,2026-07-22T13:43:41Z,
Maharashtra,Report of 2010 - Financial Audit on Commercial of Government of Maharashtra,,Financial,Finance,2009-10,https://cag.gov.in/en/audit-report/details/6426,/webroot/uploads/download_audit_report/2010/Maharashtra_Commercial_2010.pdf,,2026-07-22T13:43:41Z,
Maharashtra,Report of 2010 – Compliance and Performance Audit on Civil of Government of Maharashtra,,Performance,,2009-10,https://cag.gov.in/en/audit-report/details/6371,/webroot/uploads/download_audit_report/2010/Maharashtra_Civil_2010.pdf,,2026-07-22T13:43:41Z,
Maharashtra,"Report of 2009 – Compliance, Financial and Performance Audit on State Finance of Government of Maharashtra",,Performance,,2008-09,https://cag.gov.in/en/audit-report/details/6351,/webroot/uploads/download_audit_report/2009/Maharashtra_SF_2009.pdf,,2026-07-22T13:44:25Z,
Maharashtra,Report of 2009 - Financial Audit on Commercial of Government of Maharashtra,,Financial,Finance,2008-09,https://cag.gov.in/en/audit-report/details/6298,/webroot/uploads/download_audit_report/2009/Maharashtra_Commercial_2009.pdf,,2026-07-22T13:44:25Z,
Manipur,"Report of the Comptroller and Auditor General of India on General, Social, Economic and Revenue Sectors for the year ended 31 March 2023 (Report No. 2 of 2025)",,,,2022-23,https://cag.gov.in/en/audit-report/details/124660,/webroot/uploads/download_audit_report/2025/Audit-Report-ended-March-2023-Manipur-06a39022813b059.67318332.pdf,,2026-07-22T13:04:52Z,2/2025
Manipur,Report of the Comptroller and Auditor General of India on State Finances for the year 2023-24 (Report No.1 of 2025),,Financial,,2023-24,https://cag.gov.in/en/audit-report/details/124650,/webroot/uploads/download_audit_report/2025/Report-No.-1-of-2025_SFAR-2023-24-069c22b6ce6f019.32719185.pdf,,2026-07-22T13:04:52Z,1/2025
Manipur,"State Finance Audit Report of the Comptroller and Auditor General of India for the year ended 31 March 2023, Government of Manipur (Report No. 1 of 2024)",,Financial,Finance,2022-23,https://cag.gov.in/en/audit-report/details/120421,/webroot/uploads/download_audit_report/2024/SFAR-2022-23-Manipur_Report-No.-1-of-2024-(12-04-2024)-066baf5bb1f22f2.43795879.pdf,,2026-07-22T13:06:45Z,1/2024
Manipur,"Report of the Comptroller and Auditor General of India on General, Social, Economic (other than Public Sector Undertakings), Economic (Public Sector Undertakings) and Revenue Sectors for the year ended 31 March 2022 (Report No. 2 of 2023)",,Compliance,Industry and Commerce,2021-22,https://cag.gov.in/en/audit-report/details/119719,/webroot/uploads/download_audit_report/2023/Report-March-2022-(Report-No-2-of-2023)-065e5b8eac5f987.85721556.pdf,,2026-07-22T13:07:28Z,2/2023
Manipur,"State Finance Audit Report of the Comptroller and Auditor General of India for the year ended 31 March 2022, Government of Manipur (Report No. 1 of 2023)",,Financial,Finance,2021-22,https://cag.gov.in/en/audit-report/details/119709,/webroot/uploads/download_audit_report/2023/SFAR-2021-22-Manipur-Report-No.-1-of-2023-065e5a94fc7aa40.02558035.pdf,,2026-07-22T13:07:28Z,1/2023
Manipur,"Performance Audit of Development and Promotion of Horticulture for the year ended 31 March 2020, Government of Manipur (Report No. 3 of 2022)",,Performance,Agriculture and Rural Development,2019-20,https://cag.gov.in/en/audit-report/details/120409,/webroot/uploads/download_audit_report/2022/Report-No.-3-of-2022-PA-on-D&PH-2019-20-Manipur-(27-01-2023)-066baf275a5d607.41541654.pdf,,2026-07-22T13:08:15Z,3/2022
Manipur,State Finances Audit Report of The Comptroller and Auditor General of India for the year ended 31 March 2021 (2020-21) Government of Manipur  (Report No. 1 of 2022),,Financial,Finance,2020-21,https://cag.gov.in/en/audit-report/details/118259,/webroot/uploads/download_audit_report/2022/Manipur--2020-21---Report-No.-1-of-2022.pdf-0640ed6e7981ce5.75632812.pdf,,2026-07-22T13:08:33Z,1/2022
Manipur,"Report of the Comptroller and Auditor General of India on General, Economic (other than Public Sector Undertakings), Economic (Public Sector Undertakings), Revenue and Social Sectors for the year ended 31 March 2020 (2019-20) Government of Manipur  (Report No. 2 of 2022)",,Compliance,Industry and Commerce,2019-20,https://cag.gov.in/en/audit-report/details/118246,/webroot/uploads/download_audit_report/2022/Manipur--2019-20---Report-No.-2-of-2022.pdf-0640ed427695190.43486431.pdf,,2026-07-22T13:08:33Z,2/2022
Manipur,Report of the Comptroller and Auditor General of India on  Performance Audit of Select District Hospitals in Manipur for the year ended 31 March 2019 (2018-19) Government of Manipur (Report No. 1 of 2021),,Performance,"Education, Health & Family Welfare",2018-19,https://cag.gov.in/en/audit-report/details/118270,/webroot/uploads/download_audit_report/2021/Manipur-2018-19-Report-No.-1-of-2021-0640eda22d15086.41412230.pdf,,2026-07-22T13:09:15Z,1/2021
Manipur,"Report No. 3 of 2021 - State Finance Audit Report, Government of Manipur.",,Financial,Finance,2020-21,https://cag.gov.in/en/audit-report/details/116499,/webroot/uploads/download_audit_report/2021/Report No. 3 of 2021 Govt. of Manipur_SFAR-062ceaf828d4081.57737268.pdf,,2026-07-22T13:09:30Z,3/2021
Manipur,"Report No. 2 of 2021 Report of C&AG on General, Economic (other than PSUs) , Economic (PSUs), Revenue , Social Sector for the year ended 31 March, 2019- Government of Manipur",,,Industry and Commerce,2020-21,https://cag.gov.in/en/audit-report/details/116147,/webroot/uploads/download_audit_report/2021/AR 2018-19 (Report No. 2 of 2021-Manipur)-0625666c94666e0.29534626.pdf,,2026-07-22T13:09:35Z,2/2021
Manipur,"Report no. 2 of 2019 - Social, Economic (other than PSUs), Economic (PSUs), Revenue and General Sectors Government of Manipur",,,Taxes and Duties,2018-19,https://cag.gov.in/en/audit-report/details/87123,/webroot/uploads/download_audit_report/2019/Report_no_2_of_2019_Social_Economic_other_than_PSUs_Economic_PSUs_Revenue_and_General_Government_of_Manipur.pdf,,2026-07-22T13:11:26Z,2/2019
Manipur,"Report No.1 of 2019 - State Finances, Government of Manipur",,Financial,Finance,2018-19,https://cag.gov.in/en/audit-report/details/54068,/webroot/uploads/download_audit_report/2019/Report_No_1_of_2019_State_Finances_Government_of_Manipur.pdf,,2026-07-22T13:11:45Z,1/2019
Manipur,Report No.2 of 2018 - Social and General Sectors Government of Manipur,,,General Sector Ministries and Constitutional Bodies,2017-18,https://cag.gov.in/en/audit-report/details/45890,/webroot/uploads/download_audit_report/2018/Report_No_2_of_2018_-_Social_and_General_Sectors_Government_of_Manipur.pdf,,2026-07-22T13:12:32Z,2/2018
Manipur,Report No.1 of 2018 - Economic and Revenue Sectors Government of Manipur,,,General Sector Ministries and Constitutional Bodies,2017-18,https://cag.gov.in/en/audit-report/details/45881,/webroot/uploads/download_audit_report/2018/Report_No_1_of_2018_-_Economic_and_Revenue_Sectors_Government_of_Manipur.pdf,,2026-07-22T13:12:32Z,1/2018
Manipur,Report No.3 of 2017 - State Finances Government of Manipur,,Financial,Finance,2016-17,https://cag.gov.in/en/audit-report/details/45899,/webroot/uploads/download_audit_report/2017/Report_No_3_of_2017_-_State_Finances_Government_of_Manipur.pdf,,2026-07-22T13:12:55Z,3/2017
Manipur,"Report No.2 of 2017 - Economic and Revenue Sectors, Government of Manipur",,,Finance,2016-17,https://cag.gov.in/en/audit-report/details/31566,"/webroot/uploads/download_audit_report/2017/Report_No.2_of_2017_-_Economic_and_Revenue_Sectors,_Government_of_Manipur.pdf",,2026-07-22T13:13:19Z,2/2017
Manipur,"Report No.2 of 2016 - State Finances, Government of Manipur",,Financial,Finance,2016-17,https://cag.gov.in/en/audit-report/details/31534,"/webroot/uploads/download_audit_report/2017/Report_No.2_of_2016_-_State_Finances,_GOVERNMENT_OF_MANIPUR.pdf",,2026-07-22T13:13:19Z,2/2016
Manipur,"Report No.1 of 2017 - Social and General Sectors, Government of Manipur",,,General Sector Ministries and Constitutional Bodies,2016-17,https://cag.gov.in/en/audit-report/details/31524,/webroot/uploads/download_audit_report/2017/Report_No.1_of_2017_-_Social_and_General_Sectors_GOVERNMENT_OF_MANIPUR.pdf,,2026-07-22T13:13:19Z,1/2017
Manipur,Report 2016 - State Finances Manipur,,Financial,Finance,2015-16,https://cag.gov.in/en/audit-report/details/24521,/webroot/uploads/download_audit_report/2016/Report_State_Finances_2016_Manipur.pdf,,2026-07-22T13:14:19Z,
Manipur,Report 1 of 2016 - Performance Audit Government of Manipur,,Performance,Social Welfare,2015-16,https://cag.gov.in/en/audit-report/details/24505,/webroot/uploads/download_audit_report/2016/Report_1_of_2016_Government_of_Manipur.pdf,,2026-07-22T13:14:19Z,
Manipur,Report of 2015 - Financial Audit on State Finance of Government of Manipur,,Financial,,2014-15,https://cag.gov.in/en/audit-report/details/12558,/webroot/uploads/download_audit_report/2015/Manipur_State_Finance_2015.pdf,,2026-07-22T13:15:18Z,
Manipur,Report No. 1 of 2015 - Performance and Compliance Audit on Social and Economic Sector of Government of Manipur,,Compliance,,2014-15,https://cag.gov.in/en/audit-report/details/12547,/webroot/uploads/download_audit_report/2015/Manipur_Report_1_2015_0.pdf,,2026-07-22T13:15:18Z,1/2015
Manipur,"Report of the Comptroller and Auditor General of India on State Finances for the year ended 31 March 2013, Government of Manipur",,Financial,Finance,2012-13,https://cag.gov.in/en/audit-report/details/7303,/webroot/uploads/download_audit_report/2013/Manipur_SF_2014.pdf,,2026-07-22T13:31:05Z,
Manipur,"Report No. 1 of 2013 - Report of the Comptroller and Auditor General of India for the year ended 31 March 2012, Government of Manipur",,,Taxes and Duties,2011-12,https://cag.gov.in/en/audit-report/details/7094,/webroot/uploads/download_audit_report/2013/Manipur_Report_1_2013.pdf,,2026-07-22T13:31:08Z,1/2013
Manipur,"Report of the Comptroller and Auditor General of India on State Finances for the year ended 31 March 2012, Government of Manipur",,Financial,Finance,2011-12,https://cag.gov.in/en/audit-report/details/7026,/webroot/uploads/download_audit_report/2012/Manipur_SF_2012.pdf,,2026-07-22T13:42:04Z,
Manipur,"Report of the Comptroller and Auditor General of India on State Finances for the year ended 31 March 2011, (Report No.1) Government of Manipur",,Financial,Finance,2010-11,https://cag.gov.in/en/audit-report/details/6977,/webroot/uploads/download_audit_report/2011/Manipur_SF_2011.pdf,,2026-07-22T13:42:47Z,
Manipur,"Report of the Comptroller and Auditor General of India for the year ended 31 March 2011 (Report No.2), Government of Manipur",,,Taxes and Duties,2010-11,https://cag.gov.in/en/audit-report/details/6908,/webroot/uploads/download_audit_report/2011/Manipur_Civil_2011.pdf,,2026-07-22T13:42:47Z,
Manipur,"Report of the Comptroller and Auditor General of India on State Finances for the year ended 31 March 2010, Government of Manipur",,Financial,Finance,2009-10,https://cag.gov.in/en/audit-report/details/6818,/webroot/uploads/download_audit_report/2010/Manipur_SF_2010.pdf,,2026-07-22T13:43:35Z,
Manipur,Report of 2010 - Performance Audit on Civil of Government of Manipur,,Performance,Finance,2009-10,https://cag.gov.in/en/audit-report/details/6770,/webroot/uploads/download_audit_report/2010/Manipur_Civil_2010.pdf,,2026-07-22T13:43:41Z,
Manipur,Report of 2009 - Compliance and Financial Audit on State Finance of Government of Manipur,,Financial,Finance,2008-09,https://cag.gov.in/en/audit-report/details/6730,/webroot/uploads/download_audit_report/2009/Manipur_SF_2009.pdf,,2026-07-22T13:44:25Z,
Manipur,Report of 2009 - Performance Audit on Civil of Government of Manipur,,Performance,Taxes and Duties,2008-09,https://cag.gov.in/en/audit-report/details/6692,/webroot/uploads/download_audit_report/2009/Manipur_Civil_2009.pdf,,2026-07-22T13:44:25Z,
Meghalaya,Report of the Comptroller & Auditor General of India on State Revenues for the year ended 31 March 2023,,Financial,Transport & Infrastructure,2022-23,https://cag.gov.in/en/audit-report/details/121722,/webroot/uploads/download_audit_report/2024/Full-Report---Audit-Report-on-State-Revenues-2022-23-067d2c72d2b6fb0.27508313.pdf,,2026-07-22T13:06:19Z,
Meghalaya,Report of the Comptroller and Auditor General of India on State Finances for the year 2023-24,,Financial,Finance,2023-24,https://cag.gov.in/en/audit-report/details/123192,/webroot/uploads/download_audit_report/2024/SFR-State-Finance-Report-2023-24---Full-Version-068c3f6b445c311.37333728.pdf,,2026-07-22T13:06:12Z,
Meghalaya,Report of the Comptroller & Auditor General of India- Performance Audit on Solid Waste Management in Urban Areas of Meghalaya for the year ended 31 March 2022,,Performance,Local Bodies,2021-22,https://cag.gov.in/en/audit-report/details/120504,/webroot/uploads/download_audit_report/2024/PA-on-Solid-Waste-Management-in-Urban-Areas-of-Meghalaya-for-the-year-ended-31-March-2022-066d1a92ed8cc34.24619201.pdf,,2026-07-22T13:06:45Z,
Meghalaya,State Finances Audit Report of the Comptroller and Auditor General of India for the year ended 31 March 2023 – Government of Meghalaya,,Financial,Finance,2022-23,https://cag.gov.in/en/audit-report/details/120496,/webroot/uploads/download_audit_report/2024/State-Finance-Report--Meghalaya--for-the-year-ended-31-March-2023-066d1a3faac2f93.51192790.pdf,,2026-07-22T13:06:45Z,
Meghalaya,Report of the Comptroller and Auditor General of India on Social and Economic Sectors and Urban Local Bodies for the year ended 31 March 2023,,,Local Bodies,2022-23,https://cag.gov.in/en/audit-report/details/124225,/webroot/uploads/download_audit_report/2023/Social-and-Economic-Sectors-for-the-year-2022-23-069a179fa344536.49430628.pdf,,2026-07-22T13:07:11Z,
Meghalaya,Report of the Comptroller and Auditor General of India (Revenue Sector) for the year ended 31 March 2022 - Government of Meghalaya (Report No. 3 of 2023),,Financial,Environment and Sustainable Development,2021-22,https://cag.gov.in/en/audit-report/details/119354,/webroot/uploads/download_audit_report/2022/Meghalaya-Audit-Report-Revenue-Sector-2020-22-0650d76784fbba1.14168879.pdf,,2026-07-22T13:08:19Z,3/2023
Meghalaya,Report of the Comptroller and Auditor General of India on Social and Economic Sectors for the year ended 31 March 2022 - Government of Meghalaya  (Report No. 2 of 2023),,,Agriculture and Rural Development,2021-22,https://cag.gov.in/en/audit-report/details/119345,/webroot/uploads/download_audit_report/2022/Meghalaya-Social-Economic-Sectors-Audit-Report-for-the-year-2020-22-0650d739d70e4a4.70850009.pdf,,2026-07-22T13:08:19Z,2/2023
Meghalaya,State Finances Audit Report (SFAR) of the C&AG of India for the year  ended 31 March 2022 (Report No. 1 of 2023)- Government of Meghalaya,,Financial,Finance,2021-22,https://cag.gov.in/en/audit-report/details/118631,/webroot/uploads/download_audit_report/2022/State-Finance-Report-2021-22---Meghalaya-064253f8904cb39.49251931.pdf,,2026-07-22T13:08:28Z,1/2023
Meghalaya,"Report No.1 of 2022 - State Finances Audit Report for the year ended 31 March 2021, Government of Meghalaya.",,Financial,Finance,2020-21,https://cag.gov.in/en/audit-report/details/117387,/webroot/uploads/download_audit_report/2021/Report No_1 of 2022_SFAR 2020-21_Meghalaya_30-5-2022-0632c0c58a7afb6.33218141.pdf,,2026-07-22T13:09:21Z,1/2022
Meghalaya,Government of Meghalaya Report No. 2 of 2021- State Finances Audit Report of the Comptroller and Auditor General of India for the year ended March 2020,,Financial,Finance,2019-20,https://cag.gov.in/en/audit-report/details/114451,/webroot/uploads/download_audit_report/2020/SFAR 2019-20_Report No. 2 of 2021_3.09.2021-061487c77c92782.55852072.pdf,,2026-07-22T13:10:04Z,2/2021
Meghalaya,Report of the Comptroller and Auditor General of India on Khasi Hills of Autonomous District Council for the year ended 31 MARCH 2020,,,Local Bodies,2019-20,https://cag.gov.in/en/audit-report/details/123248,/webroot/uploads/download_audit_report/2020/KHADC-2019-20-068d107d12cddf1.21866886.pdf,,2026-07-22T13:10:21Z,
Meghalaya,"Report No.3 of 2022 - Audit Report on Social and Economic Sectors for the year ended 31 March 2020, Government of Meghalaya.",,Compliance,Environment and Sustainable Development,2019-20,https://cag.gov.in/en/audit-report/details/117427,/webroot/uploads/download_audit_report/2020/Report No. 3 of 2022_S&ES 2019-20_Meghalaya_(21-6-2022)-0632c13e348d7c0.85218927.pdf,,2026-07-22T13:10:30Z,3/2022
Meghalaya,"Report No.2 of 2022 - Audit Report on Revenue Sector for the year ended 31 March 2020, Government of Meghalaya.",,Financial,Taxes and Duties,2019-20,https://cag.gov.in/en/audit-report/details/117415,/webroot/uploads/download_audit_report/2020/Report No. 2 of 2022_(Revenue 2019-20)_Meghalaya_14-6-2022-0632c1064aac307.06162366.pdf,,2026-07-22T13:10:30Z,2/2022
Meghalaya,Report No.1 of 2020 - State Finances Audit Report Government of Meghalaya,,Financial,Finance,2019-20,https://cag.gov.in/en/audit-report/details/112868,/webroot/uploads/download_audit_report/2020/Report No. 1 of 2020_SFAR_2018-19-05fbcd708e5cb73.85181460.pdf,,2026-07-22T13:10:50Z,1/2020
Meghalaya,Report of the Comptroller and Auditor General of India on Khasi Hills of Autonomous District Council for the year ended 31 MARCH 2019,,,Local Bodies,2018-19,https://cag.gov.in/en/audit-report/details/123247,/webroot/uploads/download_audit_report/2019/KHADC-2018-19-068d1068e752699.35587284.pdf,,2026-07-22T13:11:06Z,
Meghalaya,Report of the Comptroller and Auditor General of India on Jaintia Hills Autonomous District Council for the year ended 31 March 2019,,,Local Bodies,2018-19,https://cag.gov.in/en/audit-report/details/122513,/webroot/uploads/download_audit_report/2019/Jaintia-Hills-ADC-Audit-Report-of-2018-19-068a42c89776c90.27350787.pdf,,2026-07-22T13:11:06Z,
Meghalaya,Report of the Comptroller and Auditor General of India on Jaintia Hills Autonomous District Council  for the year ended 31 March 2019,,,Local Bodies,2018-19,https://cag.gov.in/en/audit-report/details/122505,/webroot/uploads/download_audit_report/2019/Jaintia-Hills-ADC-Audit-Report-of-2018-19-0689dccc315cea3.22212509.pdf,,2026-07-22T13:11:06Z,
Meghalaya,Report No. 3 of 2020 -  Revenue Sector Government of Meghalaya,,Financial,Environment and Sustainable Development,2018-19,https://cag.gov.in/en/audit-report/details/113861,/webroot/uploads/download_audit_report/2019/Report No. 3 of 2020_(Revenue 2018-19)-0606d91a82dc3b3.60604772.pdf,,2026-07-22T13:11:18Z,3/2020
Meghalaya,Report No.1 of 2021- Social and Economic Sectors,,,Industry and Commerce,2018-19,https://cag.gov.in/en/audit-report/details/113695,/webroot/uploads/download_audit_report/2019/Report No. 1 of 2021_SES-2018-19-0606579f6850728.86481492.pdf,,2026-07-22T13:11:18Z,1/2021
Meghalaya,Report No. 2 of 2020- Performance Audit of Select District Hospitals in Meghalaya,,Performance,"Education, Health & Family Welfare",2018-19,https://cag.gov.in/en/audit-report/details/113682,/webroot/uploads/download_audit_report/2019/Report No. 2 of 2020_District Hospitals_2018-19-06065751f8c9f44.12013424.pdf,,2026-07-22T13:11:18Z,2/2020
Meghalaya,"Report no. 3 of 2019 - General, Social and Economic Sectors Government of Meghalaya",,,Taxes and Duties,2018-19,https://cag.gov.in/en/audit-report/details/56238,/webroot/uploads/download_audit_report/2019/Report_no_3_of_2019_General_Social_and_Economic_Sectors_Government_of_Meghalaya.pdf,,2026-07-22T13:11:38Z,3/2019
Meghalaya,"Report No. 2 of 2019 - Revenue Sector, Government of Meghalaya",,Financial,Taxes and Duties,2018-19,https://cag.gov.in/en/audit-report/details/54295,/webroot/uploads/download_audit_report/2019/Report_No_2_of_2019_Revenue_Sector_Government_of_Meghalaya.pdf,,2026-07-22T13:11:45Z,2/2019
Meghalaya,"Report No.1 of 2019 - State Finance, Government of Meghalaya",,Financial,Finance,2018-19,https://cag.gov.in/en/audit-report/details/54285,/webroot/uploads/download_audit_report/2019/Report_No_1_of_2019_State_Finance_Government_of_Meghalaya.pdf,,2026-07-22T13:11:45Z,1/2019
Meghalaya,Report of the Comptroller and Auditor General of India on Khasi Hills of Autonomous District Council for the year ended 31 MARCH 2018,,,Local Bodies,2017-18,https://cag.gov.in/en/audit-report/details/123246,/webroot/uploads/download_audit_report/2018/KHADC-2017-18-068d104fa24cfe9.57852823.pdf,,2026-07-22T13:11:54Z,
Meghalaya,Report of the Comptroller and Auditor General of India on Jaintia Hills Autonomous District Council  for the year ended 31 March 2018,,,Local Bodies,2017-18,https://cag.gov.in/en/audit-report/details/122504,/webroot/uploads/download_audit_report/2018/Jaintia-Hills-Audit-Report-of-2017-18-0689dcbb7ea0368.84559581.pdf,,2026-07-22T13:11:54Z,
Meghalaya,"Report No.3 of 2018 - Social, Economic, General and Economic (PSUs) Sectors Government of Meghalaya",,,,2017-18,https://cag.gov.in/en/audit-report/details/47573,/webroot/uploads/download_audit_report/2018/Report_No3_of_2018_-_Social_Economic_General_and_Economic_PSUs_Sectors_Government_of_Meghalaya.pdf,,2026-07-22T13:12:19Z,3/2018
Meghalaya,Report No.2 of 2018 - Revenue Sector Government of Meghalaya,,Financial,Finance,2017-18,https://cag.gov.in/en/audit-report/details/45640,/webroot/uploads/download_audit_report/2018/Report_No_2_of_2018_-_Revenue_Sector_Government_of_Meghalaya.pdf,,2026-07-22T13:12:32Z,2/2018
Meghalaya,Report No.1 of 2018 - State Finances Government of Meghalaya,,Financial,Finance,2017-18,https://cag.gov.in/en/audit-report/details/45624,/webroot/uploads/download_audit_report/2018/Report_No_1_of_2018_-_State_Finances_Government_of_Meghalaya.pdf,,2026-07-22T13:12:32Z,1/2018
Meghalaya,Report of the Comptroller and Auditor General of India on Khasi Hills of Autonomous District Council for the year ended 31 MARCH 2017,,,Local Bodies,2016-17,https://cag.gov.in/en/audit-report/details/123243,/webroot/uploads/download_audit_report/2017/KHADC-2016-17-068d100aad25e50.04066619.pdf,,2026-07-22T13:12:45Z,
Meghalaya,Report of the Comptroller and Auditor General of India on Jaintia  Hills of Autonomous District Council for the year ended 31 MARCH 2017,,,Local Bodies,2016-17,https://cag.gov.in/en/audit-report/details/123232,/webroot/uploads/download_audit_report/2017/JHADC-2016-17-068d0f0f3b3f483.84500006.pdf,,2026-07-22T13:12:45Z,
Meghalaya,Report No.2 of 2017 - Revenue Sector Government of Meghalaya,,Financial,Finance,2016-17,https://cag.gov.in/en/audit-report/details/32178,/webroot/uploads/download_audit_report/2017/Report_No.2_of_2017_-_Revenue_Sector_Government_of_Meghalaya.pdf,,2026-07-22T13:13:15Z,2/2017
Meghalaya,Report No.3 of 2017 - PSU Government of Meghalaya,,,General Sector Ministries and Constitutional Bodies,2016-17,https://cag.gov.in/en/audit-report/details/29810,/webroot/uploads/download_audit_report/2017/Report_No.3_of_2017_-_PSU_Government_of_Meghalaya.pdf,,2026-07-22T13:13:23Z,3/2017
Meghalaya,Report No.1 of 2017 - State Finance Government of Meghalaya,,Financial,Finance,2016-17,https://cag.gov.in/en/audit-report/details/29799,/webroot/uploads/download_audit_report/2017/Report_No.1_of_2017_-_State_Finance_Government_of_Meghalaya.pdf,,2026-07-22T13:13:23Z,1/2017
Meghalaya,Report of the Comptroller and Auditor General of India on Khasi Hills of Autonomous District Council for the year ended 31 MARCH 2016,,,Local Bodies,2015-16,https://cag.gov.in/en/audit-report/details/123241,/webroot/uploads/download_audit_report/2016/KHADC-2015-16-068d0fe61d801e0.31675980.pdf,,2026-07-22T13:13:52Z,
Meghalaya,Report of the Comptroller and Auditor General of India on Jaintia  Hills of Autonomous District Council for the year ended 31 MARCH 2016,,,Local Bodies,2015-16,https://cag.gov.in/en/audit-report/details/123231,/webroot/uploads/download_audit_report/2016/JHADC-2015-16-068d0f14b040c60.12610867.pdf,,2026-07-22T13:13:52Z,
Meghalaya,Report of the Comptroller and Auditor General of India on Garo Hills of Autonomous District Council for the year ended 31 MARCH 2016,,,Local Bodies,2015-16,https://cag.gov.in/en/audit-report/details/123223,/webroot/uploads/download_audit_report/2016/Meghalaya_GHADC-2015-16-068d0e379786f63.91853673.pdf,,2026-07-22T13:13:52Z,
Meghalaya,Report No 1 of 2016 - Revenue Sector Government of Meghalaya,,Financial,Taxes and Duties,2015-16,https://cag.gov.in/en/audit-report/details/22345,/webroot/uploads/download_audit_report/2016/Meghalaya_Revenue_Sector_Report_1_2016.pdf,,2026-07-22T13:14:32Z,1/2016
Meghalaya,Report No 2 of 2016 - Social Economic General and Economic (PSUs) Sectors Government of Meghalaya,,,Social Welfare,2015-16,https://cag.gov.in/en/audit-report/details/21798,/webroot/uploads/download_audit_report/2016/Meghalaya_Social_Economic_General_and_Economic_PSUs_Sectors_Report_2_2016.pdf,,2026-07-22T13:14:37Z,2/2016
Meghalaya,Report of the Comptroller and Auditor General of India on Khasi Hills of Autonomous District Council for the year ended 31 MARCH 2015,,,Local Bodies,2014-15,https://cag.gov.in/en/audit-report/details/123240,/webroot/uploads/download_audit_report/2015/KHADC-2014-15-068d0fc0bc7b0a5.21975296.pdf,,2026-07-22T13:14:53Z,
Meghalaya,Report of the Comptroller and Auditor General of India on Jaintia  Hills of Autonomous District Council for the year ended 31 MARCH 2015,,,Local Bodies,2014-15,https://cag.gov.in/en/audit-report/details/123230,/webroot/uploads/download_audit_report/2015/JHADC-2014-15-068d0eda8321c25.07110706.pdf,,2026-07-22T13:14:53Z,
Meghalaya,Report of the Comptroller and Auditor General of India on Garo Hills of Autonomous District Council for the year ended 31 MARCH 2015,,,Local Bodies,2014-15,https://cag.gov.in/en/audit-report/details/123222,/webroot/uploads/download_audit_report/2015/Meghalaya_GHADC-2014-15-068d0e2f5d42ac1.07660664.pdf,,2026-07-22T13:14:53Z,
Meghalaya,Report No. 1 of 2015 - Compliance and Performance Audit on Revenue Sector of Government of Meghalaya,,Performance,Taxes and Duties,2014-15,https://cag.gov.in/en/audit-report/details/7325,/webroot/uploads/download_audit_report/2015/Meghalaya_Report_1_2015.pdf,,2026-07-22T13:15:33Z,1/2015
Meghalaya,Report of the Comptroller and Auditor General of India on Khasi Hills of Autonomous District Council for the year ended 31 MARCH 2014,,,Local Bodies,2013-14,https://cag.gov.in/en/audit-report/details/123239,/webroot/uploads/download_audit_report/2014/KHADC-2013-14-068d0fb378d0274.76315960.pdf,,2026-07-22T13:15:51Z,
Meghalaya,Report of the Comptroller and Auditor General of India on Jaintia  Hills of Autonomous District Council for the year ended 31 MARCH 2014,,,Local Bodies,2013-14,https://cag.gov.in/en/audit-report/details/123229,/webroot/uploads/download_audit_report/2014/JHADC-2013-14-068d0ec252666f2.93382105.pdf,,2026-07-22T13:15:51Z,
Meghalaya,Report of the Comptroller and Auditor General of India on Garo Hills of Autonomous District Council for the year ended 31 MARCH 2014,,,Local Bodies,2013-14,https://cag.gov.in/en/audit-report/details/123221,/webroot/uploads/download_audit_report/2014/GHADC-2013-14_21-09-2021-068d0e2361f5722.32448634.pdf,,2026-07-22T13:15:55Z,
Meghalaya,"Report of 2015 - Compliance, Financial and Performance Audit on State Finances of Government of Meghalaya",,Performance,Taxes and Duties,2013-14,https://cag.gov.in/en/audit-report/details/7309,/webroot/uploads/download_audit_report/2014/Meghalaya_SF_2015.pdf,,2026-07-22T13:16:17Z,
Meghalaya,"Report No. 2 of 2014 - Performance Audit on Social, General and Economic Sectors and Public Sector Undertakings of Government of Meghalaya",,Performance,Transport & Infrastructure,2013-14,https://cag.gov.in/en/audit-report/details/7260,/webroot/uploads/download_audit_report/2014/Meghalaya_Report_2_2014.pdf,,2026-07-22T13:16:17Z,2/2014
Meghalaya,Report No. 1 of 2014 - Performance Audit on Revenue Sector of Government of Meghalaya,,Performance,Taxes and Duties,2013-14,https://cag.gov.in/en/audit-report/details/7234,/webroot/uploads/download_audit_report/2014/Meghalaya_Report_1_2014.pdf,,2026-07-22T13:16:21Z,1/2014
Meghalaya,Report of the Comptroller and Auditor General of India on Khasi Hills of Autonomous District Council for the year ended 31 MARCH 2013,,,Local Bodies,2012-13,https://cag.gov.in/en/audit-report/details/123238,/webroot/uploads/download_audit_report/2013/KHADC-2012-13-068d0fa985acba0.12461217.pdf,,2026-07-22T13:21:22Z,
Meghalaya,Report of the Comptroller and Auditor General of India on Jaintia  Hills of Autonomous District Council for the year ended 31 MARCH 2013,,,Local Bodies,2012-13,https://cag.gov.in/en/audit-report/details/123228,/webroot/uploads/download_audit_report/2013/JHADC-2012-13-068d0ea6be065a2.86379213.pdf,,2026-07-22T13:21:22Z,
Meghalaya,Report of the Comptroller and Auditor General of India on Garo Hills of Autonomous District Council for the year ended 31 MARCH 2013,,,Local Bodies,2012-13,https://cag.gov.in/en/audit-report/details/123220,/webroot/uploads/download_audit_report/2013/GHADC-2012-13_2-09-2021-068d0e0d4ece1e8.66663526.pdf,,2026-07-22T13:21:22Z,
Meghalaya,"Report of 2014 - Compliance, Financial and Performance Audit on State Finances of Government of Meghalaya",,Performance,Finance,2012-13,https://cag.gov.in/en/audit-report/details/7280,/webroot/uploads/download_audit_report/2013/Meghalaya_SF_2014.pdf,,2026-07-22T13:31:05Z,
Meghalaya,Report No. 2 of 2013 - Performance Audit on Revenue Sector of Government of Meghalaya,,Performance,Taxes and Duties,2012-13,https://cag.gov.in/en/audit-report/details/7210,/webroot/uploads/download_audit_report/2013/Meghalaya_Report_2_2013.pdf,,2026-07-22T13:31:05Z,2/2013
Meghalaya,Report of the Comptroller and Auditor General of India on Khasi Hills of Autonomous District Council for the year ended 31 MARCH 2012,,,Local Bodies,2011-12,https://cag.gov.in/en/audit-report/details/123236,/webroot/uploads/download_audit_report/2012/KHADC-2011-12-068d0f8e05a9772.54466882.pdf,,2026-07-22T13:41:55Z,
Meghalaya,Report of the Comptroller and Auditor General of India on Jaintia  Hills of Autonomous District Council for the year ended 31 MARCH 2012,,,Local Bodies,2011-12,https://cag.gov.in/en/audit-report/details/123227,/webroot/uploads/download_audit_report/2012/JHADC-2011-12-068d0e8bd35dc18.96339806.pdf,,2026-07-22T13:41:55Z,
Meghalaya,"Report No. 1 of 2013 - Performance Audit on Social,General and Economic Sectors and Public Sector Undertakings of Government of Meghalaya",,Performance,Power & Energy,2011-12,https://cag.gov.in/en/audit-report/details/7192,/webroot/uploads/download_audit_report/2012/Meghalaya_Report_1_2013.pdf,,2026-07-22T13:42:04Z,1/2013
Meghalaya,"Report of 2012 - Compliance, Financial and Performance Audit on State Finances of Government of Meghalaya",,Performance,Finance,2011-12,https://cag.gov.in/en/audit-report/details/7141,/webroot/uploads/download_audit_report/2012/Meghalaya_SF_2012.pdf,,2026-07-22T13:42:04Z,
Meghalaya,Report of 2011 - Performance Audit on Revenue of Government of Meghalaya,,Performance,Taxes and Duties,2011-12,https://cag.gov.in/en/audit-report/details/7110,/webroot/uploads/download_audit_report/2012/Meghalaya_Revenue_2011.pdf,,2026-07-22T13:42:04Z,
Meghalaya,Report of the Comptroller and Auditor General of India on Jaintia  Hills of Autonomous District Council for the year ended 31 MARCH 2011,,,Local Bodies,2010-11,https://cag.gov.in/en/audit-report/details/123226,/webroot/uploads/download_audit_report/2011/JHADC-2010-11-068d0e7cd051c61.15448326.pdf,,2026-07-22T13:42:24Z,
Meghalaya,Report of 2011 - Performance Audit on West Garo Hill District of Government of Meghalaya,,Performance,Social Welfare,2010-11,https://cag.gov.in/en/audit-report/details/7077,/webroot/uploads/download_audit_report/2011/Meghalaya_West_Garo_Hill.pdf,,2026-07-22T13:42:43Z,
Meghalaya,Report of 2011 - Financial and Performance Audit on Civil and Commercial of Government of Meghalaya,,Performance,Power & Energy,2010-11,https://cag.gov.in/en/audit-report/details/7066,/webroot/uploads/download_audit_report/2011/Meghalaya_Civil_Commercial_2011.pdf,,2026-07-22T13:42:43Z,
Meghalaya,Report of 2010 - Financial Audit on Revenue of Government of Meghalaya,,Financial,Taxes and Duties,2010-11,https://cag.gov.in/en/audit-report/details/7029,/webroot/uploads/download_audit_report/2011/Meghalaya_Revenue_2010.pdf,,2026-07-22T13:42:43Z,
Meghalaya,Report of the Comptroller and Auditor General of India on Jaintia  Hills of Autonomous District Council for the year ended 31 MARCH 2010,,,Local Bodies,2009-10,https://cag.gov.in/en/audit-report/details/123225,/webroot/uploads/download_audit_report/2010/JHADC-2009-10-068d0e5c42e60c5.15931957.pdf,,2026-07-22T13:43:14Z,
Meghalaya,"Report of 2010 - Compliance, Financial and Performance Audit on State Finances of Government of Meghalaya",,Performance,Finance,2009-10,https://cag.gov.in/en/audit-report/details/7046,/webroot/uploads/download_audit_report/2010/Meghalaya_SF_2010.pdf,,2026-07-22T13:43:35Z,
Meghalaya,Report of 2010 - Financial Audit on Commercial of Government of Meghalaya,,Financial,,2009-10,https://cag.gov.in/en/audit-report/details/7013,/webroot/uploads/download_audit_report/2010/Meghalaya_Commercial_2010.pdf,,2026-07-22T13:43:35Z,
Meghalaya,Report of 2010 - Performance Audit on Civil of Government of Meghalaya,,Performance,Power & Energy,2009-10,https://cag.gov.in/en/audit-report/details/6995,/webroot/uploads/download_audit_report/2010/Meghalaya_Civil_2010.pdf,,2026-07-22T13:43:35Z,
Meghalaya,Report of 2009 - Financial Audit on Revenue of Government of Meghalaya,,Financial,Taxes and Duties,2009-10,https://cag.gov.in/en/audit-report/details/6945,/webroot/uploads/download_audit_report/2010/Meghalaya_Revenue_2009.pdf,,2026-07-22T13:43:35Z,
Meghalaya,Report of the Comptroller and Auditor General of India on Jaintia  Hills of Autonomous District Council for the year ended 31 MARCH 2009,,,Local Bodies,2008-09,https://cag.gov.in/en/audit-report/details/123224,/webroot/uploads/download_audit_report/2009/JHADC-2008-09-068d0e45f2043f9.13345797.pdf,,2026-07-22T13:44:06Z,
Meghalaya,"Report of 2009 - Compliance, Financial and Performance Audit on State Finance of Government of Meghalaya",,Performance,Finance,2008-09,https://cag.gov.in/en/audit-report/details/6987,/webroot/uploads/download_audit_report/2009/Meghalaya_SF_2009.pdf,,2026-07-22T13:44:20Z,
Meghalaya,Report of 2009 - Financial and Performance Audit on Civil and Commercial of Government of Meghalaya,,Performance,Transport & Infrastructure,2008-09,https://cag.gov.in/en/audit-report/details/6930,/webroot/uploads/download_audit_report/2009/Meghalaya_Civil_2009.pdf,,2026-07-22T13:44:25Z,
Mizoram,"Report of the Comptroller and Auditor General of India on State Finances for the year 2023-24, Government of Mizoram (Report No. 2 of 2025)",,Financial,Finance,2023-24,https://cag.gov.in/en/audit-report/details/122608,"/webroot/uploads/download_audit_report/2024/Report-of-the-Comptroller-and-Auditor-General-of-India-on-State-finances-for-the-year-2023-24,-Government-of-Mizoram--068ac3346947b72.65497038.pdf",,2026-07-22T13:06:12Z,2/2025
Mizoram,State Finance Audit Report of the Comptroller and Auditor General of India for the year ended 31 March 2023 (Report No. 1 of 2024),,Financial,Finance,2022-23,https://cag.gov.in/en/audit-report/details/120515,/webroot/uploads/download_audit_report/2024/State-Finance-Audit-Report-of-the-Comptroller-and-Auditor-General-of-India-for-the-year-ended-31-March-2023-(Report-No.-1-of-2024)-066d5a752857b03.24895201.pdf,,2026-07-22T13:06:45Z,1/2024
Mizoram,"Report of the Comptroller and Auditor General of India on Social, Economic, Revenue Sectors and Local Government for the year ended 31 March 2023, Government of Mizoram (Report No. 1 of 2025)",,Compliance,Local Bodies,2022-23,https://cag.gov.in/en/audit-report/details/122595,"/webroot/uploads/download_audit_report/2023/Report-of-the-Comptroller-and-Auditor-General-of-India-on-Social,-Economic,-Revenue-Sectors-and-Local-Government-for-the-year-ended-31-March-2023,-Government-of-Mizoram--068ac2e9f20dca4.58869311.pdf",,2026-07-22T13:07:11Z,1/2025
Mizoram,"Report of the C&AG of India on Social, General, Economic and Revenue Sectors for the year ended 31 March 2022 (Report No.2 of 2023)",,,"Education, Health & Family Welfare",2021-22,https://cag.gov.in/en/audit-report/details/119220,/webroot/uploads/download_audit_report/2023/Audit-Report-2020-22-064e87663188203.09238343.pdf,,2026-07-22T13:07:35Z,2/2023
Mizoram,State Finance Audit Report of the Comptroller and Auditor General of India for the year ended 31 March 2022 (Report No. 1 of 2023),,Financial,Finance,2021-22,https://cag.gov.in/en/audit-report/details/119208,/webroot/uploads/download_audit_report/2023/SFAR-2021-22-064e8665449d118.81634564.pdf,,2026-07-22T13:07:35Z,1/2023
Mizoram,"Report of the Comptroller and Auditor General of India on Social, Economic and Revenue Sectors for the year ended 31 March 2020 (Report No. 2 of 2022)",,,Industry and Commerce,2019-20,https://cag.gov.in/en/audit-report/details/118283,/webroot/uploads/download_audit_report/2022/Audit-report-2019-20-064116565c31330.98880289.pdf,,2026-07-22T13:08:33Z,2/2022
Mizoram,State Finances Audit Report for the year ended 31 March 2021 Government of Mizoram (Report No. 1 of 2022),,Financial,Finance,2020-21,https://cag.gov.in/en/audit-report/details/117580,/webroot/uploads/download_audit_report/2022/SFR-2020-21-06364e5a613bf59.62238039.pdf,,2026-07-22T13:08:46Z,1/2022
Mizoram,"Report No.2 of 2021 Report of the Comptroller and Auditor General of India on Social, General, Economic and Revenue Sectors for the year ended 31 March 2019",,,Environment and Sustainable Development,2018-19,https://cag.gov.in/en/audit-report/details/116185,/webroot/uploads/download_audit_report/2021/Civil Report PSU-2019 04-9-2021-0627a39a0a15ea1.97310427.pdf,,2026-07-22T13:09:35Z,2/2021
Mizoram,Report No. 1 of 2021-Performance Audit of Select District Hospitals in Mizoram for the year ended 31 March 2019,,Performance,"Education, Health & Family Welfare",2018-19,https://cag.gov.in/en/audit-report/details/116174,/webroot/uploads/download_audit_report/2021/performance Audit District Hospital-15-07-2021 with signature-0627a359fc8d309.54684039.pdf,,2026-07-22T13:09:35Z,1/2021
Mizoram,"Report No.3 of 2021 State Finances, Government of Mizoram for the year ended 31 March 2020",,Financial,Finance,2019-20,https://cag.gov.in/en/audit-report/details/116163,/webroot/uploads/download_audit_report/2020/SFR -State Finance Report 2019-20 (04-December-2021) FINAL FOR OFFICE USE-0627a2e6515ac69.40284252.pdf,,2026-07-22T13:09:35Z,3/2021
Mizoram,Report of the CAG on Mara Autonomous District Council for the year 2019-20.,,,,2019-20,https://cag.gov.in/en/audit-report/details/123887,/webroot/uploads/download_audit_report/2020/MADC-Report-2019-20-0697b4af395f583.22314458.pdf,,2026-07-22T13:10:21Z,
Mizoram,Report No.1 of 2020 State Finances Audit Report of the Comptroller and Auditor General of India for the year ended 31 March 2019,,Financial,Finance,2018-19,https://cag.gov.in/en/audit-report/details/113331,/webroot/uploads/download_audit_report/2020/SFR 2018-19 for net uploding-0604f3250e2d498.93499775.pdf,,2026-07-22T13:10:46Z,1/2020
Mizoram,Report of the CAG on Mara Autonomous District Council for the year 2018-19.,,,,2018-19,https://cag.gov.in/en/audit-report/details/123886,/webroot/uploads/download_audit_report/2019/MADC-Report-2018-19-0697b4a114acba2.56936822.pdf,,2026-07-22T13:11:06Z,
Mizoram,Report of the CAG on Lai Autonomous District Council for the year 2018-19.,,,,2018-19,https://cag.gov.in/en/audit-report/details/123881,/webroot/uploads/download_audit_report/2019/LADC-2018-19-0697b3c0547e8e5.72585700.pdf,,2026-07-22T13:11:06Z,
Mizoram,"Report no. 2 of 2019 - Social, General, Economic and Revenue Sector Government of Mizoram",,Financial,Taxes and Duties,2018-19,https://cag.gov.in/en/audit-report/details/55560,/webroot/uploads/download_audit_report/2019/Report_no_2_of_2019_Social_General_Economic_and_Revenue_Sector_Government_of_Mizoram.pdf,,2026-07-22T13:11:45Z,2/2019
Mizoram,"Report No.1 of 2019 - State Finances, Government of Mizoram",,Financial,Finance,2018-19,https://cag.gov.in/en/audit-report/details/55552,/webroot/uploads/download_audit_report/2019/Report_No_1_of_2019_State_Finances_Government_of_Mizoram.pdf,,2026-07-22T13:11:45Z,1/2019
Mizoram,Report of the CAG on Mara Autonomous District Council for the year 2017-18.,,,,2017-18,https://cag.gov.in/en/audit-report/details/123885,/webroot/uploads/download_audit_report/2018/MADC-Report-2017-18-0697b4904dfa3d5.34683604.pdf,,2026-07-22T13:11:54Z,
Mizoram,Report of the CAG on Lai Autonomous District Council for the year 2017-18.,,,,2017-18,https://cag.gov.in/en/audit-report/details/123880,/webroot/uploads/download_audit_report/2018/LADC-2017-18-0697b3b150e6893.79182792.pdf,,2026-07-22T13:11:54Z,
Mizoram,"Report of the Comptroller and Auditor General of India on Social, General, Economic and Revenue Sectors For the year ended 31 March 2017 (Report No. 2 of 2018)",,,Science and Technology,2016-17,https://cag.gov.in/en/audit-report/details/117616,/webroot/uploads/download_audit_report/2018/Audit-Report-2016-17-06368dc764ebaa3.23120930.pdf,,2026-07-22T13:11:57Z,2/2018
Mizoram,Report of the CAG of India on Chakma Autonomous District Council for the year 2016-17.,,,,2016-17,https://cag.gov.in/en/audit-report/details/123890,/webroot/uploads/download_audit_report/2017/CADC-2016-17-0697c83b020f8d0.02322597.pdf,,2026-07-22T13:12:45Z,
Mizoram,Report of the CAG on Mara Autonomous District Council for the year 2016-17.,,,,2016-17,https://cag.gov.in/en/audit-report/details/123884,/webroot/uploads/download_audit_report/2017/MADC-Report-2016-17-0697b47fe4d6907.11886388.pdf,,2026-07-22T13:12:45Z,
Mizoram,Report of the CAG on Lai Autonomous District Council for the year 2016-17,,,,2016-17,https://cag.gov.in/en/audit-report/details/123879,/webroot/uploads/download_audit_report/2017/LADC-2016-17-0697b39f60f52b2.56097394.pdf,,2026-07-22T13:12:45Z,
Mizoram,"Report of the Comptroller and Auditor General of India on General, Economic, Social, Revenue and Economic (PSUs) Sectors For the year ended 31 March 2016 (Report No. 2 of 2017)",,,Science and Technology,2015-16,https://cag.gov.in/en/audit-report/details/117603,/webroot/uploads/download_audit_report/2017/Audit-Report-2015-16-06368d9a68f4cd1.93471800.pdf,,2026-07-22T13:12:49Z,2/2017
Mizoram,Report of the CAG of India on Chakma Autonomous District Council for the year 2015-16.,,,,2015-16,https://cag.gov.in/en/audit-report/details/123889,/webroot/uploads/download_audit_report/2016/CADC-2015-16-0697c828c87e100.41981844.pdf,,2026-07-22T13:13:52Z,
Mizoram,Report of the CAG on Mara Autonomous District Council for the year 2015-16.,,,,2015-16,https://cag.gov.in/en/audit-report/details/123883,/webroot/uploads/download_audit_report/2016/MADC-2015-16-0697b46ce741f85.54191326.pdf,,2026-07-22T13:13:52Z,
Mizoram,Report of the CAG on Lai Autonomous District Council for the years 2009-10 to 2015-16,,,,2009-10,https://cag.gov.in/en/audit-report/details/123878,/webroot/uploads/download_audit_report/2016/LADC-2009-16-0697b36d8e02802.73162588.pdf,,2026-07-22T13:13:52Z,
Mizoram,"Report of the Comptroller and Auditor General of India on General, Social, Economic, Revenue and Economic (PSUs) Sectors For the year ended 31 March 2015",,,Science and Technology,2014-15,https://cag.gov.in/en/audit-report/details/117592,/webroot/uploads/download_audit_report/2016/Audit-Report-2014-15-06368d310205721.96814902.pdf,,2026-07-22T13:13:55Z,
Mizoram,Report No 2 of 2016 - Performance Audit Mizoram,,Performance,Taxes and Duties,2015-16,https://cag.gov.in/en/audit-report/details/26339,/webroot/uploads/download_audit_report/2016/Mizoram_Report_2_of_2016_PA.pdf,,2026-07-22T13:14:11Z,2/2016
Mizoram,Report of the CAG of India on Chakma Autonomous District Council for the years 2009-10 to 2014-15.,,,,2009-10,https://cag.gov.in/en/audit-report/details/123906,/webroot/uploads/download_audit_report/2015/CADC-2009-15-(signed-copy)-069830c92d12674.08335812.pdf,,2026-07-22T13:14:53Z,
Mizoram,Report of the CAG on Mara Autonomous District Council for the years 2011-12 to 2014-15,,,,2011-12,https://cag.gov.in/en/audit-report/details/123882,/webroot/uploads/download_audit_report/2015/MADC-2011-15-0697b43825cbc77.20217508.pdf,,2026-07-22T13:14:53Z,
Mizoram,Report of 2015 - Financial Audit on State Finance of Government of Mizoram,,Financial,,2014-15,https://cag.gov.in/en/audit-report/details/12584,/webroot/uploads/download_audit_report/2015/Mizoram_State_Finance_Report_2015.pdf,,2026-07-22T13:15:18Z,
Mizoram,Report No. 2 of 2015 - Performance and Compliance Audit on Social and Economic Sector of Government of Mizoram,,Compliance,,2014-15,https://cag.gov.in/en/audit-report/details/12574,/webroot/uploads/download_audit_report/2015/Mizoram_Civil_Report_2_2015.pdf,,2026-07-22T13:15:18Z,2/2015
Mizoram,"Report of 2014 - Compliance, Financial and Performance Audit on State Finances of Government of Mizoram",,Performance,Finance,2013-14,https://cag.gov.in/en/audit-report/details/7633,/webroot/uploads/download_audit_report/2014/Mizoram_SF_2014.pdf,,2026-07-22T13:16:13Z,
Mizoram,"Report No. 2 of 2014 - Compliance and Performance Audit on General, Social, Revenue and Economic Sectors of Government of Mizoram",,Performance,Taxes and Duties,2013-14,https://cag.gov.in/en/audit-report/details/7598,/webroot/uploads/download_audit_report/2014/Mizoram_Report_2_2014.pdf,,2026-07-22T13:16:17Z,2/2014
Mizoram,"Report of 2012 - Performance Audit on  Social, Economics,General Revenue and Economic Sectors of Government of Mizoram",,Performance,Taxes and Duties,2011-12,https://cag.gov.in/en/audit-report/details/7521,/webroot/uploads/download_audit_report/2012/Mizoram_PSU_2012.pdf,,2026-07-22T13:42:04Z,
Mizoram,Report of 2012 - Compliance and Financial Audit on State Finances of Government of Mizoram,,Financial,Finance,2011-12,https://cag.gov.in/en/audit-report/details/7464,/webroot/uploads/download_audit_report/2012/Mizoram_SF_2012.pdf,,2026-07-22T13:42:04Z,
Mizoram,Report of 2011 - Compliance and Financial Audit on State Finance of Government of Mizoram,,Financial,Finance,2010-11,https://cag.gov.in/en/audit-report/details/7404,/webroot/uploads/download_audit_report/2011/Mizoram_SF_2011.pdf,,2026-07-22T13:42:43Z,
Mizoram,"Report of 2011 - Financial and Performance Audit on Civil, Commercial and Revenue of Government of Mizoram",,Performance,Taxes and Duties,2010-11,https://cag.gov.in/en/audit-report/details/7251,/webroot/uploads/download_audit_report/2011/Mizoram_Civil_2011.pdf,,2026-07-22T13:42:43Z,
Mizoram,"Report of 2010 - Compliance, Financial and Performance Audit on State Finances of Government of Mizoram",,Performance,Taxes and Duties,2009-10,https://cag.gov.in/en/audit-report/details/7099,/webroot/uploads/download_audit_report/2010/Mizoram_SF_2010.pdf,,2026-07-22T13:43:35Z,
Mizoram,Report No. 2 of 2010 - Performance and Financial Audit on Civil of Government of Mizoram,,Financial,Finance,2009-10,https://cag.gov.in/en/audit-report/details/639,/webroot/uploads/download_audit_report/2010/Mizoram_civil_sector_2_2010.pdf,,2026-07-22T13:44:06Z,2/2010
Mizoram,"Report of 2009 - Compliance, Financial and Performance Audit on State Finance of Government of Mizoram",,Performance,Finance,2008-09,https://cag.gov.in/en/audit-report/details/7017,/webroot/uploads/download_audit_report/2009/Mizoram_SF_2009.pdf,,2026-07-22T13:44:20Z,
Mizoram,Report of 2009 - Performance Audit on Civil of Government of Mizoram,,Performance,Taxes and Duties,2008-09,https://cag.gov.in/en/audit-report/details/6943,/webroot/uploads/download_audit_report/2009/Mizoram_Civil_2009.pdf,,2026-07-22T13:44:25Z,
Nagaland,"Report No. 2 of 2025 - Report of the CAG on Social (including LGA) Economic, General and Revenue Sectors",,,Local Bodies,2024-25,https://cag.gov.in/en/audit-report/details/125048,/webroot/uploads/download_audit_report/2025/Report-No.-2-of-2025_Nagaland-069caa39fc9d042.61310161.pdf,,2026-07-22T13:04:48Z,2/2025
Nagaland,Government of Nagaland Report No. 1 of 2025 - State Finances Audit Report of the Comptroller and Auditor General of India for the year ended 31 March 2024,,Financial,Finance,2023-24,https://cag.gov.in/en/audit-report/details/123199,/webroot/uploads/download_audit_report/2025/SFAR-2023-24_Report-No.-1-of-2025_Nagaland-(23-04-2025)-068c3f9bed4ef97.70012887.pdf,,2026-07-22T13:05:21Z,1/2025
Nagaland,Government of Nagaland Report No. 1 of 2024 - State Finances Audit Report of the Comptroller and Auditor General of India for the year ended 31 March 2023,,Financial,Finance,2022-23,https://cag.gov.in/en/audit-report/details/121732,/webroot/uploads/download_audit_report/2024/SFAR-2022-23_Report-No.-1-of-2024_Nagaland-067d853b4c90088.79033404.pdf,,2026-07-22T13:06:19Z,1/2024
Nagaland,Government of Nagaland Report No. 1 of 2023 - State Finances Audit Report of the Comptroller and Auditor General of India for the year ended 31 March 2022,,Financial,,2021-22,https://cag.gov.in/en/audit-report/details/118652,/webroot/uploads/download_audit_report/2023/SFAR-2021-22-Report-No.-1-of-2023_Nagaland-06425c5998ab437.23115216.pdf,,2026-07-22T13:07:46Z,1/2023
Nagaland,"Government of Nagaland Report No. 2 of 2023 - Social, Economic, General and Revenue Sectors, Report of the Comptroller and Auditor General of India for the year ended 31 March 2022",,,,2021-22,https://cag.gov.in/en/audit-report/details/119313,/webroot/uploads/download_audit_report/2022/Audit-Report-for-Year-ended-31-March-2022-0650306d6543ea4.63809181.pdf,,2026-07-22T13:08:19Z,2/2023
Nagaland,"Government of Nagaland Report No. 2 of 2022 - Social, Economic, General and Revenue Sectors, Report of the Comptroller and Auditor General of India for the year ended 31 March 2020",,,,2019-20,https://cag.gov.in/en/audit-report/details/118640,/webroot/uploads/download_audit_report/2022/Report-No.-2-of-2022_2019-20_Nagaland-06425beb9d662a4.67178868.pdf,,2026-07-22T13:08:28Z,2/2022
Nagaland,Report No. 1 of 2022 - State Finances Audit Report of the Comptroller and Auditor General of India for the year ended 31 March 2021,,Financial,Finance,2020-21,https://cag.gov.in/en/audit-report/details/117562,/webroot/uploads/download_audit_report/2022/SFAR 2020-21_Report No. 1 of 2022_(06-07-2022)-063382d7b6c0725.98973622.pdf,,2026-07-22T13:08:46Z,1/2022
Nagaland,Report No. 1 of 2021 - State Finances Audit Report of the Comptroller and Auditor General of India for the year ended 31 March 2020,,Financial,Finance,2019-20,https://cag.gov.in/en/audit-report/details/115658,/webroot/uploads/download_audit_report/2021/SFAR 2019-20_Report No_ 1 of 2021_Nagaland-0623c602f832d70.19701506.pdf,,2026-07-22T13:09:39Z,1/2021
Nagaland,Report No. 3 of 2020 - Performance Audit of Select District Hospitals in Nagaland for the year ended 31 March 2019,,Performance,"Education, Health & Family Welfare",2018-19,https://cag.gov.in/en/audit-report/details/114545,/webroot/uploads/download_audit_report/2021/Report No. 3 of 2020_District Hospital 2018-19-061a2437f9ba758.59258688.pdf,,2026-07-22T13:09:52Z,3/2020
Nagaland,"Government of Nagaland Report No. 2 of 2020 - General, Economic and Revenue Sectors, Report of the Comptroller and Auditor General of India for the year ended 31 March 2019",,,Local Bodies,2018-19,https://cag.gov.in/en/audit-report/details/114439,/webroot/uploads/download_audit_report/2020/Report No. 2 of 2020_GE & Revenue 2018-19-061433efd8993b7.78575310.pdf,,2026-07-22T13:10:37Z,2/2020
Nagaland,Report No. 1 of 2020 - State Finances Audit Report of the Comptroller and Auditor General of India for the year ended 31 March 2019,,Financial,Finance,2018-19,https://cag.gov.in/en/audit-report/details/113995,/webroot/uploads/download_audit_report/2020/SFAR_Report No. 1 of 2020_2018-19-060ddad0e4a9222.45319105.pdf,,2026-07-22T13:10:37Z,1/2020
Nagaland,"Report No. 2 of 2019 - Social, Economic, Revenue and General Sectors, Government of Nagaland",,,Taxes and Duties,2018-19,https://cag.gov.in/en/audit-report/details/57731,/webroot/uploads/download_audit_report/2019/Report_No_2_of_2019_Social_Economic_Revenue_and_General_Sectors_Government_of_Nagaland.pdf,,2026-07-22T13:11:30Z,2/2019
Nagaland,"Report No.1 of 2019 - State Finances, Government of Nagaland",,Financial,Finance,2018-19,https://cag.gov.in/en/audit-report/details/57722,/webroot/uploads/download_audit_report/2019/Report_No_1_of_2019_State_Finances_Government_of_Nagaland.pdf,,2026-07-22T13:11:34Z,1/2019
Nagaland,"Report no.2 of 2018 - Social, Economic, Revenue & General Sectors, Government of Nagaland",,,Taxes and Duties,2017-18,https://cag.gov.in/en/audit-report/details/55516,/webroot/uploads/download_audit_report/2018/Report_No_2_of_2018_Social_Economic_Revenue_&_General_Sectors_Government_of_Nagaland.pdf,,2026-07-22T13:12:03Z,2/2018
Nagaland,"Report No.1 of 2018 - State Finance, Government of Nagaland",,Financial,Finance,2017-18,https://cag.gov.in/en/audit-report/details/55340,/webroot/uploads/download_audit_report/2018/Report_No_1_of_2018_State_Finance_Government_of_Nagaland.pdf,,2026-07-22T13:12:03Z,1/2018
Nagaland,"Report no.1 of 2017 - Social, Economic, Revenue & General Sectors, Government of Nagaland",,,Taxes and Duties,2016-17,https://cag.gov.in/en/audit-report/details/55505,/webroot/uploads/download_audit_report/2017/Report_No_1_of_2017_Social_Economic_Revenue_&_General_Sectors_Government_of_Nagaland.pdf,,2026-07-22T13:12:49Z,1/2017
Nagaland,"Report No. 2 of 2016 - State Finance, Government of Nagaland",,Financial,Finance,2016-17,https://cag.gov.in/en/audit-report/details/55331,/webroot/uploads/download_audit_report/2017/Report_No_2_of_2016_State_Finance_Government_of_Nagaland.pdf,,2026-07-22T13:12:55Z,2/2016
Nagaland,"Report no.1 of 2016 - Social, Economic, Revenue & General Sectors, Government of Nagaland",,,Taxes and Duties,2015-16,https://cag.gov.in/en/audit-report/details/55491,/webroot/uploads/download_audit_report/2016/Report_No_1_of_2016_Social_Economic_Revenue_&_General_Sectors_Government_of_Nagaland.pdf,,2026-07-22T13:13:55Z,1/2016
Nagaland,"Report ending March 2015 - State Finances, Government of Nagaland",,Financial,Finance,2015-16,https://cag.gov.in/en/audit-report/details/55321,/webroot/uploads/download_audit_report/2016/Report_ending_March_2015_State_Finances_Government_of_Nagaland.pdf,,2026-07-22T13:13:55Z,
Nagaland,"Report No. 1 of 2015 - Compliance and Performance Audit on Social, Economic, Revenue and General Sectors of Government of Nagaland",,Performance,Industry and Commerce,2014-15,https://cag.gov.in/en/audit-report/details/8178,/webroot/uploads/download_audit_report/2015/Nagaland_Report_1_2015.pdf,,2026-07-22T13:15:33Z,1/2015
Nagaland,"Report of 2014 - Compliance, Financial and Performance Audit on State Finances of Government of Nagaland",,Performance,Finance,2013-14,https://cag.gov.in/en/audit-report/details/9061,/webroot/uploads/download_audit_report/2014/Nagaland_SF_2014.pdf,,2026-07-22T13:16:02Z,
Nagaland,"Report No. 2 of 2014 - Financial and Performance Audit on Forests, Ecology, Environment and Wildlife Department of Government of Nagaland",,Performance,Environment and Sustainable Development,2013-14,https://cag.gov.in/en/audit-report/details/9031,/webroot/uploads/download_audit_report/2014/Nagaland_Report_2_2014.pdf,,2026-07-22T13:16:02Z,2/2014
Nagaland,"Report No. 1 of 2014 - Compliance and Performance Audit on Social, Economic, Revenue and General Sectors of Government of Nagaland",,Performance,Finance,2013-14,https://cag.gov.in/en/audit-report/details/7982,/webroot/uploads/download_audit_report/2014/Nagaland_Report_1_2014.pdf,,2026-07-22T13:16:13Z,1/2014
Nagaland,Report No. 1 of 2013 - Performance Audit of Government of Nagaland,,Performance,Industry and Commerce,2012-13,https://cag.gov.in/en/audit-report/details/7879,/webroot/uploads/download_audit_report/2013/Nagaland_Report_1_2013.pdf,,2026-07-22T13:31:05Z,1/2013
Nagaland,"Report of 2012 - Compliance, Financial and Performance Audit on State Finances of Government of Nagaland",,Performance,Finance,2012-13,https://cag.gov.in/en/audit-report/details/7838,/webroot/uploads/download_audit_report/2013/Nagaland_SF_2012.pdf,,2026-07-22T13:31:05Z,
Nagaland,Report of 2011 - Performance Audit on Public Distribution System of Government of Nagaland,,Performance,Social Welfare,2011-12,https://cag.gov.in/en/audit-report/details/7753,/webroot/uploads/download_audit_report/2012/Nagaland_PDS_2011.pdf,,2026-07-22T13:41:58Z,
Nagaland,Report of 2011 - Performance Audit on Civil of Government of Nagaland,,Performance,Agriculture and Rural Development,2011-12,https://cag.gov.in/en/audit-report/details/7668,/webroot/uploads/download_audit_report/2012/Nagaland_Civil_2011.pdf,,2026-07-22T13:41:58Z,
Nagaland,"Report of 2011 - Compliance, Financial and Performance Audit on State Finance of Government of Nagaland",,Performance,Finance,2011-12,https://cag.gov.in/en/audit-report/details/7571,/webroot/uploads/download_audit_report/2012/Nagaland_SF_2011.pdf,,2026-07-22T13:42:04Z,
Nagaland,"Report of 2010 - Compliance, Financial and Performance Audit on State Finances of Government of Nagaland",,Performance,Finance,2010-11,https://cag.gov.in/en/audit-report/details/7508,/webroot/uploads/download_audit_report/2011/Nagaland_SF_2010.pdf,,2026-07-22T13:42:43Z,
Nagaland,Report of 2010 - Performance Audit on Civil of Government of Nagaland,,Performance,Agriculture and Rural Development,2010-11,https://cag.gov.in/en/audit-report/details/7457,/webroot/uploads/download_audit_report/2011/Nagaland_Civil_2010.pdf,,2026-07-22T13:42:43Z,
Nagaland,"Report of 2009 - Compliance, Financial and Performance Audit on State Finance of Government of Nagaland",,Performance,Finance,2009-10,https://cag.gov.in/en/audit-report/details/7415,/webroot/uploads/download_audit_report/2010/Nagaland_SF_2009.pdf,,2026-07-22T13:43:35Z,
Nagaland,Report of 2009 - Performance Audit on Civil of Government of Nagaland,,Performance,Agriculture and Rural Development,2008-09,https://cag.gov.in/en/audit-report/details/7370,/webroot/uploads/download_audit_report/2009/Nagaland_Civil_2009.pdf,,2026-07-22T13:44:20Z,
Odisha,"Report of the Comptroller and Auditor General of India on State Finances for the year 2024-25, Government of Odisha Report No. 3 of 2026",,Financial,Finance,2024-25,https://cag.gov.in/en/audit-report/details/125084,/webroot/uploads/download_audit_report/2025/SFAR-2024-25-Report-No.-3-of-2026-069cbae94884dd2.54030841.pdf,,2026-07-22T13:04:41Z,3/2026
Odisha,"Report of the Comptroller and Auditor General of India on Functioning of Micro Project Agencies for development of Particularly Vulnerable Tribal Groups in the State and Implementation of Mahatma Gandhi National Rural Employment Guarantee Scheme in the State, Government of Odisha Report No.8 of 2025",,,Social Welfare,2024-25,https://cag.gov.in/en/audit-report/details/125076,/webroot/uploads/download_audit_report/2025/Report-8-of-2025-English-version-069cbab30942897.72780755.pdf,,2026-07-22T13:04:45Z,8/2025
Odisha,Report of the Comptroller and Auditor General of India on Performance Audit of Implementation of POSHAN including Integrated Child Development Services and Mid-Day Meal for the year ended March 2023 (Report no. 9 of the 2025),,Performance,,2022-23,https://cag.gov.in/en/audit-report/details/125073,/webroot/uploads/download_audit_report/2023/Audit-Report-No.-9_POSHAN_English-069cb9223a82218.76400442.pdf,,2026-07-22T13:04:45Z,
Odisha,Report of the Comptroller and Auditor General of India (Performance and Compliance Audit) for the year ended 31 March 2023 (Report of The CAG no. 7 of the year2025 (Performance and Compliance Audit),,Compliance,,2022-23,https://cag.gov.in/en/audit-report/details/123566,/webroot/uploads/download_audit_report/2023/Audit-Report-No.-7_-English-Version-069cb91a1c0bea0.69963780.pdf,,2026-07-22T13:05:13Z,
Odisha,Report of the C&amp;amp;AG of India on Compliance and Performance Audit of State Public Sector Enterprises for the period ended March 2023 (Report No.6 of 2025),,Performance,,2022-23,https://cag.gov.in/en/audit-report/details/123513,/webroot/uploads/download_audit_report/2025/Audit-Report_No.-6-of-2025_PSU_English-069cb90f7c66626.08739142.pdf,,2026-07-22T13:05:13Z,6/2025
Odisha,"Report of the Comptroller and Auditor General of India on School Education in the State, Government of Odisha School and Mass Education Department Report No.5 of 2025",,,"Education, Health & Family Welfare",2024-25,https://cag.gov.in/en/audit-report/details/123477,/webroot/uploads/download_audit_report/2025/Report_No_05_2025_PA_School_Education_English-069381708a8ee97.79293039.pdf,,2026-07-22T13:05:16Z,5/2025
Odisha,Information Technology Audit of Crime and Criminal Tracking Network System in Government of Odisha for the year ended March 2023(Report No.4 of the Year 2025),,,,2022-23,https://cag.gov.in/en/audit-report/details/122023,"/webroot/uploads/download_audit_report/2025/Report-of-the-CAG_IT-Audit-on-CCTNS,-Government-of-Odisha-068d4e4da587676.89055269.pdf",,2026-07-22T13:05:34Z,
Odisha,Information Technology Audit of e-Procurement System in Government of Odisha for the year ended March 2022 (Report No.1 of the year 2025),,,,2021-22,https://cag.gov.in/en/audit-report/details/121379,/webroot/uploads/download_audit_report/2025/Report-of-the-CAG_e-Procurement_Government-of-Odisha-068d4e08b303b21.95073538.pdf,,2026-07-22T13:05:42Z,
Odisha,Report of the Comptroller and Auditor General of India on State Finances for the year 2023-24 Report No. 3 of 2025 (State Finances Audit Report),,Financial,Finance,2023-24,https://cag.gov.in/en/audit-report/details/121956,/webroot/uploads/download_audit_report/2024/SFAR-2023-24-English-Web-Hoisting-067ee25803a3bc4.75854574.pdf,,2026-07-22T13:06:16Z,3/2025
Odisha,Performance Audit of  Management of Odisha Mineral Bearing Areas Development Corporation Funds for the year ended March 2022 (Report No. 11 of the year 2024),,Performance,,2021-22,https://cag.gov.in/en/audit-report/details/121942,/webroot/uploads/download_audit_report/2024/OMBADC-English_Report-No.11-of-2024-067ed54fc8b62f6.66693299.pdf,,2026-07-22T13:06:16Z,
Odisha,Performance Audit of Systems and Controls in Assessment and Collection of Revenue from Minor Minerals for the year ended March 2022 (Report No. 12 of the year 2024),,Performance,,2021-22,https://cag.gov.in/en/audit-report/details/121930,/webroot/uploads/download_audit_report/2024/Minor-Mineral-English_Report-No.-12-of-2024-067ed536b17e6c5.24617546.pdf,,2026-07-22T13:06:16Z,
Odisha,Report of the Comptroller and Auditor General of India on Local Bodies for the period ended March 2022 (Report No.10 of 2024),,,Local Bodies,2021-22,https://cag.gov.in/en/audit-report/details/121001,/webroot/uploads/download_audit_report/2024/LB-English-Complete-067568da5b721e8.92342145.pdf,,2026-07-22T13:06:29Z,10/2024
Odisha,Performance and Compliance Report of the Comptroller and Auditor General of India for the period ended March 2022(Report No. 9 of 2024),,Compliance,Social Welfare,2021-22,https://cag.gov.in/en/audit-report/details/120983,/webroot/uploads/download_audit_report/2024/Consolidated-PACA-Report-PDF-067568bd8420ee1.87706158.pdf,,2026-07-22T13:06:29Z,9/2024
Odisha,Report of the Comptroller and Auditor General of India on Public Health Infrastructure and Management of Health Services in the State (Report No. 7 of 2024),,,"Education, Health & Family Welfare",2023-24,https://cag.gov.in/en/audit-report/details/120945,/webroot/uploads/download_audit_report/2024/PHIMS_consolidated-pdf_Print-067567e0a28f367.98104073.pdf,,2026-07-22T13:06:33Z,7/2024
Odisha,Audit Report of the Comptroller and Auditor General of India Performance Audit on Storm Water Drainage and Sewerage Management Systems in Municipal Corporations for the year ended March 2022 (Report No. 8 of the year 2024),,Performance,Local Bodies,2021-22,https://cag.gov.in/en/audit-report/details/120933,/webroot/uploads/download_audit_report/2024/English_PA_SWD-&-SMS-06754649d967c42.35261715.pdf,,2026-07-22T13:06:33Z,
Odisha,"Report of the Comptroller and Auditor General of India Compliance Audit for the year ended March 2022 (Government of Odisha, Report No. 3 of the year 2024)",,Compliance,Agriculture and Rural Development,2021-22,https://cag.gov.in/en/audit-report/details/120733,/webroot/uploads/download_audit_report/2024/CAR_English_PDF_consolidated-066e27fff4d52f6.00044117.pdf,,2026-07-22T13:06:41Z,
Odisha,Report of the Comptroller and Auditor General of India on Performance Audit of Land Management in Scheduled Areas of the State (Government of Odisha Report No. 4 of the year 2024),,Performance,General Sector Ministries and Constitutional Bodies,2023-24,https://cag.gov.in/en/audit-report/details/120719,/webroot/uploads/download_audit_report/2024/PA_Land-Management_English_-Consolidated-066e27b7bd4d854.13659288.pdf,,2026-07-22T13:06:41Z,
Odisha,Report of the  Comptroller and Auditor General of India on Compliance Audit of Public Sector Undertakings for the year ended March 2022 (Report No. 1 of the year 2024),,Compliance,,2021-22,https://cag.gov.in/en/audit-report/details/120711,/webroot/uploads/download_audit_report/2024/Approved-Bond-Copy-2021-22-(PSUs)-Odisha-for-printing-066e1a825ac3aa5.18184723.pdf,,2026-07-22T13:06:41Z,
Odisha,Report of the Comptroller and Auditor General of India (Compliance Audit) for the year ended March 2022 (Report No. 2 of the year 2024),,Compliance,Environment and Sustainable Development,2021-22,https://cag.gov.in/en/audit-report/details/120700,/webroot/uploads/download_audit_report/2024/AR-(CA)_Odisha_2020-22_English_20.04.2024_Final-print-066e1a4ae0aa120.32196875.pdf,,2026-07-22T13:06:41Z,
Odisha,Performance Audit of Systems and Controls in Assessment  and Collection of Revenue from Major Minerals for the year ended March 2022 (Report No. 6 of the year 2024),,Performance,,2021-22,https://cag.gov.in/en/audit-report/details/120690,/webroot/uploads/download_audit_report/2022/English_AR_PA_Mining-(Major)-066e1a12e4086b3.42066429.pdf,,2026-07-22T13:06:41Z,
Odisha,Report of the Comptroller and Auditor General of India State Finances Audit Report for the year ended March 2023 Report No. 5 of the year 2024,,Financial,Finance,2022-23,https://cag.gov.in/en/audit-report/details/120740,/webroot/uploads/download_audit_report/2023/SFAR-2022-23--066e28058d54300.54213625.pdf,,2026-07-22T13:07:15Z,
Odisha,Report of the Comptroller and Auditor General of India on Local Bodies for the year ended March 2021 Government of Odisha,,,Local Bodies,2020-21,https://cag.gov.in/en/audit-report/details/119437,"/webroot/uploads/download_audit_report/2023/Report-No-3-of-2023-(English),-Local-Body-Audit-Report-0651c206273c003.18266522.pdf",,2026-07-22T13:07:31Z,
Odisha,Report of the Comptroller and Auditor General of India on Performance Audit of Implementation of Direct Benefit Transfer in payment of Post Matric Scholarship to eligible students in the State,,Performance,Finance,2022-23,https://cag.gov.in/en/audit-report/details/119419,/webroot/uploads/download_audit_report/2023/Consolidated-Audit-Report_DBT-0651c1cabe41487.56534472.pdf,,2026-07-22T13:07:31Z,
Odisha,Report of the Comptroller and Auditor General of India State Finances Audit Report for the year ended March 2022,,Financial,Finance,2021-22,https://cag.gov.in/en/audit-report/details/119399,/webroot/uploads/download_audit_report/2023/Odisha-SFAR_2021-22-06523d9727d10f5.90874572.pdf,,2026-07-22T13:07:35Z,
Odisha,Report of the Comptroller and Auditor General of India for the period ended March 2023 Report No. 2 of 2025,,,Agriculture and Rural Development,2022-23,https://cag.gov.in/en/audit-report/details/123321,/webroot/uploads/download_audit_report/2022/Compliance_Audit_Report_2022_23_Report_No_02_2025_English-068d3e706345999.98140292.pdf,,2026-07-22T13:07:53Z,2/2025
Odisha,Government of Odisha Report No. 3 of the year 2022 - Audit Report of the Comptroller and Auditor General of India (Performance and Compliance Audit) for the year ended March 2020.,,Compliance,Environment and Sustainable Development,2019-20,https://cag.gov.in/en/audit-report/details/116569,/webroot/uploads/download_audit_report/2020/Eng_Audit Report (P&CA) 2019-20_compressed-062e78118d6a603.39117079.pdf,,2026-07-22T13:08:58Z,
Odisha,"Report No.2 of 2022- State Finances, Government of Odisha",,Financial,Finance,2021-22,https://cag.gov.in/en/audit-report/details/115953,/webroot/uploads/download_audit_report/2022/English_SFAR_Odisha_2020_21-062483126d90035.14417740.pdf,,2026-07-22T13:09:06Z,2/2022
Odisha,"Report No.5 of the year 2022 - Compliance Audit Report for the year ended March 2021 (Departments of Excise, Finance and Revenue & Disaster Management), Government of Odisha",,Compliance,Finance,2020-21,https://cag.gov.in/en/audit-report/details/117697,/webroot/uploads/download_audit_report/2021/Combined-AR_5-of-2022_English-0638a0766b758e8.15322581.pdf,,2026-07-22T13:09:21Z,
Odisha,Report No.4 of the year 2022 of Government of Odisha - Report of the Comptroller and Auditor General of India - Compliance Audit for the year ended March 2022,,Compliance,Agriculture and Rural Development,2021-22,https://cag.gov.in/en/audit-report/details/117679,/webroot/uploads/download_audit_report/2021/Combined-AR_-4-of-2022_English-0638a03f940b961.86647224.pdf,,2026-07-22T13:09:21Z,
Odisha,Government of Odisha Report No. 6 of the year 2022 - Audit Report of the Comptroller and Auditor General of India Performance Audit on Waste Management in Urban Areas for the year ended March 2021,,Performance,Environment and Sustainable Development,2020-21,https://cag.gov.in/en/audit-report/details/117649,/webroot/uploads/download_audit_report/2021/AR_PA_WMUA_3822_Press_ENGLISH-06389b99513da66.36402405.pdf,,2026-07-22T13:09:21Z,
Odisha,"Report No. 3 of the year 2021 - Performance Audit on Outcomes in Higher Education in the State for the period 2014-2019, Government of Odisha",,Performance,"Education, Health & Family Welfare",2014-20,https://cag.gov.in/en/audit-report/details/116567,/webroot/uploads/download_audit_report/2021/Report No. 3 of 2021 Govt. of Odisha_HE-062e77db18c9710.27555192.pdf,,2026-07-22T13:09:26Z,
Odisha,"Report No. 6 of the year 2021- Report of the CAG of India on Revenue and Economic Sector,  Government of Odisha for the year ended 31March 2020",,,Finance,2020-21,https://cag.gov.in/en/audit-report/details/114735,/webroot/uploads/download_audit_report/2021/6_2021_Odisha_RS-0625024b3bb2fe6.74704151.pdf,,2026-07-22T13:09:52Z,
Odisha,Government of Odisha Report No. 4 of the year 2021 - State Finance Audit Report of the Comptroller and Auditor General of India for the year ended March 2020,,Financial,Finance,2019-20,https://cag.gov.in/en/audit-report/details/114309,/webroot/uploads/download_audit_report/2021/ENGLISH-SFAR-2019-20-06139f727c9be18.79199953.pdf,,2026-07-22T13:10:13Z,
Odisha,"Report No. 2 of the year 2021- Public Sector Undertakings, Government of Odisha",,Compliance,Power & Energy,2020-21,https://cag.gov.in/en/audit-report/details/113805,/webroot/uploads/download_audit_report/2021/C&AG's AR (Public Sector Undertakings) 2018-19 (English)-0606844c6763381.51715343.pdf,,2026-07-22T13:10:21Z,
Odisha,"Report No. 1 of the year 2021-  Revenue and Economic Sector,  Government of Odisha.",,,Finance,2020-21,https://cag.gov.in/en/audit-report/details/113757,/webroot/uploads/download_audit_report/2021/C&AG's AR (Rev Sect & Eco Sect) 2018-19 (English)-060685826bd5df5.93547855.pdf,,2026-07-22T13:10:21Z,
Odisha,"Report No.1 of the year 2022 - Audit Report on Performance Audit of Surface Irrigation for the year ended March 2020, Government of Odisha",,Performance,Agriculture and Rural Development,2019-20,https://cag.gov.in/en/audit-report/details/115906,/webroot/uploads/download_audit_report/2020/ENGLISH_PA_SI_Final-06246aa7859c0a1.73087979.pdf,,2026-07-22T13:10:33Z,
Odisha,Report  No.5 of  2021 - CAG's Audit Report (General and Social Sector) for the year ended March 2020,,,Local Bodies,2019-20,https://cag.gov.in/en/audit-report/details/114759,/webroot/uploads/download_audit_report/2020/Audit Report_2019-20_English-061b358b97eaaa3.18718505.pdf,,2026-07-22T13:10:33Z,5/2021
Odisha,Report No.3 of 2020 - General and Social Sector Audit - Government of Odisha,,,Local Bodies,2017-18,https://cag.gov.in/en/audit-report/details/112395,/webroot/uploads/download_audit_report/2018/Audit Report (G&SS)_English_3 of 2020-05fa1498da0c463.13552466.pdf,,2026-07-22T13:10:50Z,3/2020
Odisha,Report No.4 of 2020 - State Finances Government of Odisha,,Financial,Finance,2018-19,https://cag.gov.in/en/audit-report/details/112394,/webroot/uploads/download_audit_report/2019/Final_Odisha-SFAR_2018-19_English-05fa148263d1c08.13625857.pdf,,2026-07-22T13:10:50Z,4/2020
Odisha,Report No. 2 of 2020- Economic Sector and Public Sector Undertakings Government of Odisha,,Compliance,Agriculture and Rural Development,2017-18,https://cag.gov.in/en/audit-report/details/111869,/webroot/uploads/download_audit_report/2018/ENGLISH REPORT(Economic)-05f7cb90466dca5.69606577.pdf,,2026-07-22T13:10:53Z,2/2020
Odisha,Report No. 1 of 2020- Revenue Sector Government of Odisha,,Financial,Finance,2017-18,https://cag.gov.in/en/audit-report/details/111868,/webroot/uploads/download_audit_report/2018/ENGLISH REPORT(Revenue)-05f7cb7a85e0af5.27550934.pdf,,2026-07-22T13:10:53Z,1/2020
Odisha,Report No.5 of 2020 General & Social Sector Audit of Government of Odisha,,,Local Bodies,2018-19,https://cag.gov.in/en/audit-report/details/113758,/webroot/uploads/download_audit_report/2019/Consolidated Audit Report-2018-19_English-060683945914622.84143444.pdf,,2026-07-22T13:11:18Z,5/2020
Odisha,"Report No. 1 of 2019 - State Finances, Government of Odisha",,Financial,Finance,2018-19,https://cag.gov.in/en/audit-report/details/56004,/webroot/uploads/download_audit_report/2019/Report_No_1_of_2019_State_Finance_Government_of_Odisha.pdf,,2026-07-22T13:11:42Z,1/2019
Odisha,Report No.2 of 2018 - General and Social Sector Government of Odisha,,,General Sector Ministries and Constitutional Bodies,2017-18,https://cag.gov.in/en/audit-report/details/47136,/webroot/uploads/download_audit_report/2018/Report_No_2_of_2018_-_General_and_Social_Sector_Government_of_Odisha.pdf,,2026-07-22T13:12:23Z,2/2018
Odisha,Local Bodies Report of Odisha (Report No. 1 of 2018),,Compliance,,2017-18,https://cag.gov.in/en/audit-report/details/44715,/webroot/uploads/download_audit_report/2018/English_Report No1 of 2018(LBs).pdf,,2026-07-22T13:12:40Z,1/2018
Odisha,Report No.3 of 2017 - State Finances Government of Odisha,,Financial,Finance,2016-17,https://cag.gov.in/en/audit-report/details/47144,/webroot/uploads/download_audit_report/2017/Report_No_3_of_2018_-_State_Finances_Government_of_Odisha.pdf,,2026-07-22T13:12:55Z,3/2017
Odisha,Report No.4 of 2017 - Revenue Sector Government of Odisha,,Financial,Taxes and Duties,2016-17,https://cag.gov.in/en/audit-report/details/44937,/webroot/uploads/download_audit_report/2017/Report_No_4_of_2017_-_Revenue_Sector_Government_of_Odisha.pdf,,2026-07-22T13:12:59Z,4/2017
Odisha,Report No.2 of 2017 - Economic Sector Government of Odisha,,,,2016-17,https://cag.gov.in/en/audit-report/details/44206,/webroot/uploads/download_audit_report/2017/FULL REPORT.pdf,,2026-07-22T13:13:03Z,2/2017
Odisha,Report No.5 of 2017 - Public Sector Undertakings Government of Odisha,,Compliance,Industry and Commerce,2016-17,https://cag.gov.in/en/audit-report/details/44188,/webroot/uploads/download_audit_report/2017/Report_No_5_of_2017_Public_Sector_Undertakings_Government_of_Odisha.pdf,,2026-07-22T13:13:03Z,5/2017
Odisha,Report No.1 of 2017 - General and Social Sector Government of Odisha,,,General Sector Ministries and Constitutional Bodies,2016-17,https://cag.gov.in/en/audit-report/details/33679,/webroot/uploads/download_audit_report/2017/Report_No.1_of_2017_-_General_and_Social_Sector_Government_of_Odisha.pdf,,2026-07-22T13:13:07Z,1/2017
Odisha,Report No.6 of 2016 - State Finances Government of Odisha,,Financial,Finance,2015-16,https://cag.gov.in/en/audit-report/details/33609,/webroot/uploads/download_audit_report/2016/Report_No.6_of_2016_-_State_Finances_Government_of_Odisha.pdf,,2026-07-22T13:14:00Z,6/2016
Odisha,Report No 4 of 2016 - General and Social Sector Odisha,,,Social Welfare,2015-16,https://cag.gov.in/en/audit-report/details/25922,/webroot/uploads/download_audit_report/2016/Odisha _ Report _4 _of _2016_General _and _Social _Sector.pdf,,2026-07-22T13:14:11Z,4/2016
Odisha,Report No 3 of 2016 - General and Social Sector Government of Odisha,,,Finance,2015-16,https://cag.gov.in/en/audit-report/details/25174,/webroot/uploads/download_audit_report/2016/Odisha_General_and_Social_Sector_Report_3_of_2016.pdf,,2026-07-22T13:14:16Z,3/2016
Odisha,Report No 1 of 2016 - Revenue Sector Government of Odisha,,Financial,Taxes and Duties,2015-16,https://cag.gov.in/en/audit-report/details/25162,/webroot/uploads/download_audit_report/2016/Odisha_Revenue_Sector_Report_1_2016.pdf,,2026-07-22T13:14:16Z,1/2016
Odisha,Report 2015 - State Finances Government of Odisha,,Financial,Finance,2014-15,https://cag.gov.in/en/audit-report/details/21693,/webroot/uploads/download_audit_report/2015/Report_2015_State_Finances_Government_of_Odisha.pdf,,2026-07-22T13:15:10Z,
Odisha,Report No 5 of 2015 - Economic Sector Government of Odisha,,,Finance,2014-15,https://cag.gov.in/en/audit-report/details/20390,/webroot/uploads/download_audit_report/2015/Odisha_Economic_Sector_Report_5_2015.pdf,,2026-07-22T13:15:14Z,5/2015
Odisha,Report No. 3 of 2015 - Performance and Compliance Audit on PSU of Government of Odisha,,Compliance,,2014-15,https://cag.gov.in/en/audit-report/details/12609,/webroot/uploads/download_audit_report/2015/Odisha_Report_3_2015.pdf,,2026-07-22T13:15:18Z,3/2015
Odisha,Report No. 2 of 2015 - Report of the Comptroller and Auditor General of India on General and Social Sector for the year ended March 2014 Government of Odisha,,,Information and Communication,2013-14,https://cag.gov.in/en/audit-report/details/8150,/webroot/uploads/download_audit_report/2015/Odisha_Report_2_2015.pdf,,2026-07-22T13:15:33Z,2/2015
Odisha,Report No. 1 of 2015 - Compliance and Performance Audit on Revenue Sector of Government of Odisha,,Performance,Taxes and Duties,2014-15,https://cag.gov.in/en/audit-report/details/8114,/webroot/uploads/download_audit_report/2015/Odisha_Report_1_2015.pdf,,2026-07-22T13:15:33Z,1/2015
Odisha,"Report of 2014 - Compliance, Financial and Performance Audit on State Finances of Government of Odisha",,Performance,,2013-14,https://cag.gov.in/en/audit-report/details/8104,/webroot/uploads/download_audit_report/2014/Odisha_SF_2014.pdf,,2026-07-22T13:16:09Z,
Odisha,Report No. 7 of 2014 - Report of the Comptroller and Auditor General of India on General and Social Sector for the year ended March 2014 Government of Odisha,,,Information and Communication,2013-14,https://cag.gov.in/en/audit-report/details/8088,/webroot/uploads/download_audit_report/2014/Odisha_Report_7_2014.pdf,,2026-07-22T13:16:09Z,7/2014
Odisha,Report No. 6 of 2014 - Compliance and Performance Audit on Economic Sector of Government of Odisha,,Performance,,2013-14,https://cag.gov.in/en/audit-report/details/8062,/webroot/uploads/download_audit_report/2014/Odisha_Report_6_2014.pdf,,2026-07-22T13:16:09Z,6/2014
Odisha,Report No. 5 of 2014 - Report of the Comptroller and Auditor General of India on General and Social Sector Volume 2 for the year ended March 2013 Government of Odisha,,,Finance,2012-13,https://cag.gov.in/en/audit-report/details/8041,/webroot/uploads/download_audit_report/2014/Odisha_Report_5_2014.pdf,,2026-07-22T13:16:13Z,5/2014
Odisha,Report No. 4 of 2014 - Audit Report on Revenue Sector of Government of Odisha,,Financial,Taxes and Duties,2013-14,https://cag.gov.in/en/audit-report/details/8029,/webroot/uploads/download_audit_report/2014/Odisha_Report_4_2014.pdf,,2026-07-22T13:16:13Z,4/2014
Odisha,Report No. 3 of 2014 - Compliance and Performance Audit on Economic Sector of Government of Odisha,,Performance,,2013-14,https://cag.gov.in/en/audit-report/details/8001,/webroot/uploads/download_audit_report/2014/Odisha_Report_3_2014.pdf,,2026-07-22T13:16:13Z,3/2014
Odisha,Report No. 2 of 2014 - Report of the Comptroller and Auditor General of India on General and Social Sector for the year ended March 2013 Government of Odisha,,,Agriculture and Rural Development,2012-13,https://cag.gov.in/en/audit-report/details/7990,/webroot/uploads/download_audit_report/2014/Odisha_Report_2_2014.pdf,,2026-07-22T13:16:13Z,2/2014
Odisha,Report No. 1 of 2014 - Performance Audit on Public Sector Undertakings of Government of Odisha,,Performance,,2013-14,https://cag.gov.in/en/audit-report/details/7970,/webroot/uploads/download_audit_report/2014/Odisha_Report_1_2014.pdf,,2026-07-22T13:16:13Z,1/2014
Odisha,"Report of 2013 - Compliance, Financial and Performance Audit on State Finances of Government of Odisha",,Performance,,2012-13,https://cag.gov.in/en/audit-report/details/7960,/webroot/uploads/download_audit_report/2013/Odisha_SF_2013.pdf,,2026-07-22T13:30:56Z,
Odisha,Report No. 5 of 2013 - Performance Audit on General and Social Sector Volume 3 of Government of Odisha,,Performance,,2012-13,https://cag.gov.in/en/audit-report/details/7905,/webroot/uploads/download_audit_report/2013/Odisha_Report_5_2013.pdf,,2026-07-22T13:31:05Z,5/2013
Odisha,Report No. 4 of 2013 - Performance Audit on General and Social Sector Volume 2 of Government of Odisha,,Performance,,2012-13,https://cag.gov.in/en/audit-report/details/7873,/webroot/uploads/download_audit_report/2013/Odisha_Report_4_2013.pdf,,2026-07-22T13:31:05Z,4/2013
Odisha,"Report No. 3 of 2013 - Report of the Comptroller and Auditor General of India, Economic Sector for the year ended March 2012, Government of Odisha",,,Industry and Commerce,2011-12,https://cag.gov.in/en/audit-report/details/7860,/webroot/uploads/download_audit_report/2013/Odisha_Report_3_2013.pdf,,2026-07-22T13:31:05Z,3/2013
Odisha,"Report No. 2 of 2013 - Report of the Comptroller and Auditor General of India on Public Sector Undertakings for the year ended March 2012, Government of Odisha",,Compliance,Power & Energy,2011-12,https://cag.gov.in/en/audit-report/details/7826,/webroot/uploads/download_audit_report/2013/Odisha_Report_2_2013.pdf,,2026-07-22T13:31:05Z,2/2013
Odisha,Report No. 1 of 2013 - Performance and Compliance Audit on Revenue Sector of Government of Odisha,,Financial,Taxes and Duties,2012-13,https://cag.gov.in/en/audit-report/details/7798,/webroot/uploads/download_audit_report/2013/Odisha_Report_1_2013.pdf,,2026-07-22T13:31:05Z,1/2013
Odisha,"Report of 2012 - Compliance, Financial and Performance Audit on State Finances of Government of Odisha",,Performance,,2011-12,https://cag.gov.in/en/audit-report/details/7778,/webroot/uploads/download_audit_report/2012/Odisha_SF_2012.pdf,,2026-07-22T13:41:58Z,
Odisha,Report of 2012 - Performance Audit on District Boudh of Government of Odisha,,Performance,,2011-12,https://cag.gov.in/en/audit-report/details/7756,/webroot/uploads/download_audit_report/2012/Odisha_District_2012.pdf,,2026-07-22T13:41:58Z,
Odisha,Report of 2012 - Compliance and Performance Audit on Civil of Government of Odisha,,Performance,,2011-12,https://cag.gov.in/en/audit-report/details/7732,/webroot/uploads/download_audit_report/2012/Odisha_Civil_2012.pdf,,2026-07-22T13:41:58Z,
Odisha,Report of 2011 - Performance Audit on Agriculture Department of Government of Odisha,,Performance,,2010-11,https://cag.gov.in/en/audit-report/details/7705,/webroot/uploads/download_audit_report/2011/Odisha_Agri_2011.pdf,,2026-07-22T13:42:38Z,
Odisha,"Report of 2011 - Compliance, Financial and Performance Audit on State Finance of Government of Odisha",,Performance,,2010-11,https://cag.gov.in/en/audit-report/details/7677,/webroot/uploads/download_audit_report/2011/Odisha_SF_2011.pdf,,2026-07-22T13:42:38Z,
Odisha,Report of 2011 - Performance Audit on Revenue of Government of Odisha,,Performance,,2010-11,https://cag.gov.in/en/audit-report/details/7664,/webroot/uploads/download_audit_report/2011/Odisha_Revenue_2011.pdf,,2026-07-22T13:42:43Z,
Odisha,"Report of 2011 - Report of the Comptroller & Auditor General of India, Commercial, Government of Odisha",,,Power & Energy,2010-11,https://cag.gov.in/en/audit-report/details/7646,/webroot/uploads/download_audit_report/2011/Odisha_Commercial_2011.pdf,,2026-07-22T13:42:43Z,
Odisha,Report of 2011 - Compliance and Performance Audit on Civil of Government of Odisha,,Performance,,2010-11,https://cag.gov.in/en/audit-report/details/7642,/webroot/uploads/download_audit_report/2011/Odisha_Civil_2011.pdf,,2026-07-22T13:42:43Z,
Odisha,"Report of 2010 - Compliance, Financial and Performance Audit on State Finances of Government of Odisha",,Performance,,2009-10,https://cag.gov.in/en/audit-report/details/7543,/webroot/uploads/download_audit_report/2010/Odisha_SF_2010.pdf,,2026-07-22T13:43:31Z,
Odisha,Report of 2010 - Financial Audit on Revenue of Government of Odisha,,Financial,,2009-10,https://cag.gov.in/en/audit-report/details/7530,/webroot/uploads/download_audit_report/2010/Odisha_Revenue_2010.pdf,,2026-07-22T13:43:35Z,
Odisha,"Report of 2010 - Report of the Comptroller and Auditor General of India, Commercial, Government of Orissa",,,Finance,2009-10,https://cag.gov.in/en/audit-report/details/7517,/webroot/uploads/download_audit_report/2010/Odisha_Commercial_2010.pdf,,2026-07-22T13:43:35Z,
Odisha,Report of 2010 - Compliance and Performance Audit on Civil of Government of Odisha,,Performance,,2009-10,https://cag.gov.in/en/audit-report/details/7490,/webroot/uploads/download_audit_report/2010/Odisha_Civil_2010.pdf,,2026-07-22T13:43:35Z,
Odisha,"Report of 2009 - Compliance, Financial and Performance Audit on State Finance of Government of Odisha",,Performance,,2008-09,https://cag.gov.in/en/audit-report/details/7440,/webroot/uploads/download_audit_report/2009/Odisha_SF_2009.pdf,,2026-07-22T13:44:20Z,
Odisha,Report of 2009 - Financial Audit on Revenue of Government of Odisha,,Financial,,2008-09,https://cag.gov.in/en/audit-report/details/7416,/webroot/uploads/download_audit_report/2009/Odisha_Revenue_2009.pdf,,2026-07-22T13:44:20Z,
Odisha,"Report of 2009 - Report of the Comptroller and Auditor General of India, Commercial, Government of Orissa",,,Finance,2008-09,https://cag.gov.in/en/audit-report/details/7408,/webroot/uploads/download_audit_report/2009/Odisha_Commercial_2009.pdf,,2026-07-22T13:44:20Z,
Odisha,Report of 2009 - Compliance and Performance Audit on Civil of Government of Odisha,,Performance,,2008-09,https://cag.gov.in/en/audit-report/details/7398,/webroot/uploads/download_audit_report/2009/Odisha_Civil_2009.pdf,,2026-07-22T13:44:20Z,
Pondicherry,Government of the Union Territory of Puducherry Report No. 1 of 2025 AR 2023-24,,,Finance,2023-24,https://cag.gov.in/en/audit-report/details/123295,/webroot/uploads/download_audit_report/2023/Government-of-the-Union-Territory-of-Puducherry-Report-No.-1-of-2025-AR-2023-24-English-068d23d5a5be912.39005177.pdf,,2026-07-22T13:05:21Z,1/2025
Pondicherry,Report of the Comptroller and Auditor General of India - Union Territory Finances  for the year 2022 - 23 - Govt UT of Puducherry  Report No. 4 of 2024(UT Finances Audit Report),,Financial,Finance,2022-23,https://cag.gov.in/en/audit-report/details/121383,/webroot/uploads/download_audit_report/2023/Report-of-the-Comptroller-and-Auditor-General-of-India---Union-Territory-Finances--for-the-year-2022---23---Govt-UT-of-Puducherry--Report-No.-4-of-2024(UT-Finances-Audit-Report)-067adf3c64f7d66.10839676.pdf,,2026-07-22T13:07:11Z,4/2024
Pondicherry,Report of the Comptroller and Auditor General of India - Public Health Infrastructure for the year ended March 2022 - Govt UT of PDY  Report No. 3 of 2024(Performance Audit - Civil),,Performance,"Education, Health & Family Welfare",2021-22,https://cag.gov.in/en/audit-report/details/121382,/webroot/uploads/download_audit_report/2022/Report-of-the-Comptroller-and-Auditor-General-of-India---Public-Health-Infrastructure-for-the-year-ended-March-2022---Govt-UT-of-PDY--Report-No.-3-of-2024(Performance-Audit---Civil)-067adf1b6594e28.80908873.pdf,,2026-07-22T13:07:57Z,3/2024
Pondicherry,Report of the Comptroller and Auditor General of India - Compliance Audit Report for the year ended March 2022 - Government of the Union Territory of Puducherry  Report No. 2 of 2024,,Compliance,General Sector Ministries and Constitutional Bodies,2021-22,https://cag.gov.in/en/audit-report/details/121381,/webroot/uploads/download_audit_report/2022/Report-of-the-Comptroller-and-Auditor-General-of-India---Compliance-Audit-Report-for-the-year-ended-March-2022---Government-of-the-Union-Territory-of-Puducherry--Report-No.-2-of-2024-067adee52ec5159.63037843.pdf,,2026-07-22T13:07:57Z,2/2024
Pondicherry,Report of the Comptroller and Auditor General of India - Performance Audit on Solid Waste Mgt in Urban areas of UT of PDY for the year ended March 2022 - Govt UT of PDY Report No. 1 of  2024,,Performance,Environment and Sustainable Development,2021-22,https://cag.gov.in/en/audit-report/details/121380,/webroot/uploads/download_audit_report/2022/Report-of-the-Comptroller-and-Auditor-General-of-India---Performance-Audit-on-Solid-Waste-Mgt-in-Urban-areas-of-UT-of-PDY-for-the-year-ended-March-2022---Govt-UT-of-PDY-Report-No.-1-of--2024-067adeb98e4e954.05901637.pdf,,2026-07-22T13:07:57Z,1/2024
Pondicherry,"Report No. 1 of 2023 - Union Territory Finances Audit Report(Tamil), Government of the Union Territory of Puducherry",,Financial,Finance,2021-22,https://cag.gov.in/en/audit-report/details/119483,/webroot/uploads/download_audit_report/2022/Government-of-the-Union-Territory-of-Puducherry-Report-No.-1-of-2023---Union-Territory-Finances-Audit-Report-2021-22-Tamil-06520066d3989f3.11695506.pdf,,2026-07-22T13:08:19Z,1/2023
Pondicherry,"Report No. 1 of 2023 - Union Territory Finances Audit Report, Government of the Union Territory of Puducherry",,Financial,Finance,2021-22,https://cag.gov.in/en/audit-report/details/119364,/webroot/uploads/download_audit_report/2022/Government-of-the-Union-Territory-of-Puducherry-Report-No.-1-of-2023---Union-Territory-Finances-Audit-Report-2021-22-ENGLISH-0650d94e0ce7d68.26451943.pdf,,2026-07-22T13:08:19Z,1/2023
Pondicherry,Report No. 2 of 2022 - Government of the Union Territory of Puducherry,,,,2020-21,https://cag.gov.in/en/audit-report/details/118540,/webroot/uploads/download_audit_report/2021/Report-2-of-2022--GoUTP-0642291fb3d56f2.67065601.pdf,,2026-07-22T13:09:15Z,2/2022
Pondicherry,Union Territory Finances Audit Report No.1 of 2022- Government of UT of Puducherry,,Financial,Finance,2020-21,https://cag.gov.in/en/audit-report/details/117139,/webroot/uploads/download_audit_report/2021/UTFAR 2020-21 ENGLISH-0630dd97d9144e6.60412673.pdf,,2026-07-22T13:09:26Z,1/2022
Pondicherry,Report No.1 of 2021 - Government of Union Territory of Puducherry,,,Finance,2019-20,https://cag.gov.in/en/audit-report/details/114273,/webroot/uploads/download_audit_report/2020/UT-Finances-Audit-Report-2019-20-English-06130bdf8278474.51773008.pdf,,2026-07-22T13:10:13Z,1/2021
Pondicherry,Report No.2 of 2021- Government of Union Territory of Puducherry,,,,2019-20,https://cag.gov.in/en/audit-report/details/117140,/webroot/uploads/download_audit_report/2020/Audit Report 2019-20 English-0630ddafa3e4aa8.68951799.pdf,,2026-07-22T13:10:30Z,2/2021
Pondicherry,Report No.2 of 2020 - Government of Union Territory of Puducherry,,,General Sector Ministries and Constitutional Bodies,2018-19,https://cag.gov.in/en/audit-report/details/114272,/webroot/uploads/download_audit_report/2019/Audit-Report-2018-19-(English)-PY-06130bd5b325fb8.51086039.pdf,,2026-07-22T13:10:37Z,2/2020
Pondicherry,Report No.1 of 2020 - Government of Union Territory of Puducherry,,,Finance,2018-19,https://cag.gov.in/en/audit-report/details/114271,/webroot/uploads/download_audit_report/2019/UT Finances Audit Report 2018-19 (English)-06130bcd98f0650.90147166.pdf,,2026-07-22T13:10:37Z,1/2020
Pondicherry,Report No.1 of 2019 - Government of Union Territory of Puducherry,,,Finance,2017-18,https://cag.gov.in/en/audit-report/details/115363,/webroot/uploads/download_audit_report/2018/UT Finance Report - English - 2017-18-061cda0b1f33032.09822377.pdf,,2026-07-22T13:11:14Z,1/2019
Pondicherry,Report No.2 of 2019 - Government of Union Territory of Puducherry,,,,2017-18,https://cag.gov.in/en/audit-report/details/115355,/webroot/uploads/download_audit_report/2018/Civil Audit Report - English - 2017-18-061cc50971fa688.44182754.pdf,,2026-07-22T13:11:14Z,2/2019
Pondicherry,Report No.2 of 2018 - Government of the Union Territory of Puducherry,,,General Sector Ministries and Constitutional Bodies,2017-18,https://cag.gov.in/en/audit-report/details/45963,/webroot/uploads/download_audit_report/2018/Report_No_2_of_2018_Government_of_the_Union_Territory_of_Puducherry_0.pdf,,2026-07-22T13:12:27Z,2/2018
Pondicherry,Report No.1 of 2018 - Union Territory Finances Government of the Union Territory of Puducherry,,,Finance,2017-18,https://cag.gov.in/en/audit-report/details/45936,/webroot/uploads/download_audit_report/2018/Report_No_1_of_2018_Union_Territory_Finances_Government_of_the_Union_Territory_of_Puducherry.pdf,,2026-07-22T13:12:27Z,1/2018
Pondicherry,Report No.2 of 2017 - Union Territory Finances Government of Puducherry,,,Finance,2016-17,https://cag.gov.in/en/audit-report/details/30912,/webroot/uploads/download_audit_report/2017/Report_No.2_of_2017_-_Union_Territory_Finances_Government_of_Puducherry.pdf,,2026-07-22T13:13:19Z,2/2017
Pondicherry,Report No.1 of 2017 - Union Territory Government of Puducherry,,,Social Welfare,2016-17,https://cag.gov.in/en/audit-report/details/30903,/webroot/uploads/download_audit_report/2017/Report_No.1_of_2017_-_Union_Territory_Government_of_Puducherry.pdf,,2026-07-22T13:13:19Z,1/2017
Pondicherry,Puducherry UT Finance Report 2014_15,,,Finance,2015-16,https://cag.gov.in/en/audit-report/details/26988,/webroot/uploads/download_audit_report/2016/Puducherry_UT_Finance_2014_15.pdf,,2026-07-22T13:14:08Z,
Pondicherry,Puducherry Union Territory Report No 1 of 2016,,,Social Welfare,2015-16,https://cag.gov.in/en/audit-report/details/26979,/webroot/uploads/download_audit_report/2016/Puducherry_UT_Report_No_1_of_2016.pdf,,2026-07-22T13:14:08Z,1/2016
Pondicherry,"Report of 2015 - Compliance, Financial and Performance Audit on State Finances of Government of Pondicherry",,Performance,Finance,2014-15,https://cag.gov.in/en/audit-report/details/8681,/webroot/uploads/download_audit_report/2015/Pondicherry_SF_2015.pdf,,2026-07-22T13:15:28Z,
Pondicherry,Report No. 1 of 2015 - Compliance and Performance Audit of Government of Pondicherry,,Performance,,2014-15,https://cag.gov.in/en/audit-report/details/8566,/webroot/uploads/download_audit_report/2015/Pondicherry_Report_1_2015.pdf,,2026-07-22T13:15:33Z,1/2015
Pondicherry,"Report of 2014 - Compliance, Financial and Performance Audit on State Finances of Government of Pondicherry",,Performance,,2013-14,https://cag.gov.in/en/audit-report/details/8465,/webroot/uploads/download_audit_report/2014/Pondicherry_SF_2014.pdf,,2026-07-22T13:16:09Z,
Pondicherry,Report No. 1 of 2014 - Compliance and Performance Audit of Government of Pondicherry,,Performance,,2013-14,https://cag.gov.in/en/audit-report/details/8377,/webroot/uploads/download_audit_report/2014/Pondicherry_Report_1_2014.pdf,,2026-07-22T13:16:09Z,1/2014
Pondicherry,Report No. 1 of 2013 - Compliance and Performance Audit of Government of Pondicherry,,Performance,,2012-13,https://cag.gov.in/en/audit-report/details/8246,/webroot/uploads/download_audit_report/2013/Pondicherry_Report_1_2013.pdf,,2026-07-22T13:30:56Z,1/2013
Pondicherry,Report of 2012 - Compliance and Financial Audit on State Finances of Government of Pondicherry,,Financial,,2011-12,https://cag.gov.in/en/audit-report/details/8151,/webroot/uploads/download_audit_report/2012/Pondicherry_SF_2012.pdf,,2026-07-22T13:41:58Z,
Pondicherry,Report of 2011 - Compliance and Financial Audit on Union Territory Finance of Government of Pondicherry,,Financial,,2010-11,https://cag.gov.in/en/audit-report/details/8086,/webroot/uploads/download_audit_report/2011/Pondicherry_SF_2011.pdf,,2026-07-22T13:42:38Z,
Pondicherry,Report of 2011 - Performance Audit on Civil of Government of Pondicherry,,Performance,,2010-11,https://cag.gov.in/en/audit-report/details/8008,/webroot/uploads/download_audit_report/2011/Pondicherry_Civil_2011.pdf,,2026-07-22T13:42:38Z,
Pondicherry,Report of 2010 - Compliance and Financial Audit on Union Territory Finances of Government of Pondicherry,,Financial,,2009-10,https://cag.gov.in/en/audit-report/details/7919,/webroot/uploads/download_audit_report/2010/Pondicherry_UT_Finances_2010.pdf,,2026-07-22T13:43:31Z,
Pondicherry,"Report of 2010 - Compliance, Financial and Performance Audit on State Finances of Government of Pondicherry",,Performance,,2009-10,https://cag.gov.in/en/audit-report/details/7859,/webroot/uploads/download_audit_report/2010/Pondicherry_SF_2010.pdf,,2026-07-22T13:43:31Z,
Pondicherry,Report of 2010 - Financial Audit on Revenue of Government of Pondicherry,,Financial,,2009-10,https://cag.gov.in/en/audit-report/details/7765,/webroot/uploads/download_audit_report/2010/Pondicherry_Revenue_2010.pdf,,2026-07-22T13:43:31Z,
Pondicherry,Report of 2010 - Financial Audit on Commercial of Government of Pondicherry,,Financial,,2009-10,https://cag.gov.in/en/audit-report/details/7693,/webroot/uploads/download_audit_report/2010/Pondicherry_Commercial_2010.pdf,,2026-07-22T13:43:31Z,
Pondicherry,Report of 2010 - Performance Audit on Civil of Government of Pondicherry,,Performance,,2009-10,https://cag.gov.in/en/audit-report/details/7624,/webroot/uploads/download_audit_report/2010/Pondicherry_Civil_2010.pdf,,2026-07-22T13:43:31Z,
Pondicherry,Report of 2009 - Compliance and Financial Audit on State Finance of Government of Pondicherry,,Financial,,2008-09,https://cag.gov.in/en/audit-report/details/7560,/webroot/uploads/download_audit_report/2009/Pondicherry_UT_Finances_2009.pdf,,2026-07-22T13:44:20Z,
Pondicherry,Report of 2009 - Performance Audit on Civil of Government of Pondicherry,,Performance,,2008-09,https://cag.gov.in/en/audit-report/details/7448,/webroot/uploads/download_audit_report/2009/Pondicherry_Civil_2009.pdf,,2026-07-22T13:44:20Z,
Punjab,Report of the  Comptroller and Auditor General of India  on   State Revenues  for the period ended March 2024 (Report No. 6 of 2025),,Financial,Finance,2023-24,https://cag.gov.in/en/audit-report/details/124593,/webroot/uploads/download_audit_report/2024/Revenue-Report-6-of-2025-English-069b80b9fbeaf87.22849838.pdf,,2026-07-22T13:05:42Z,6/2025
Punjab,Compliance Audit Report (Civil) of the Comptroller and Auditor General of India for the period ended March 2024 (Report No. 7 of 2025),,Compliance,,2023-24,https://cag.gov.in/en/audit-report/details/124583,/webroot/uploads/download_audit_report/2024/Report-No.-7-of-2025-(English)-069b80931716528.36504892.pdf,,2026-07-22T13:05:42Z,7/2025
Punjab,Report of the Comptroller and Auditor General of India  on State Finances for the year 2023-24 (Report No. 1 of 2025),,Financial,Finance,2023-24,https://cag.gov.in/en/audit-report/details/124572,/webroot/uploads/download_audit_report/2024/Report-No.-1-of-2025-(English)-069b80076a56220.73144506.pdf,,2026-07-22T13:05:42Z,1/2025
Punjab,(Report No. 4 of 2024) Performance Audit of  Public Health Infrastructure and Management of Health Services – Government of Punjab,,Performance,"Education, Health & Family Welfare",2023-24,https://cag.gov.in/en/audit-report/details/121818,/webroot/uploads/download_audit_report/2024/PA-Report-on-PHIMHS-(Report-No.-4-of-2024)-067e28cda491020.60257581.pdf,,2026-07-22T13:06:16Z,4/2024
Punjab,Local Bodies Report of the Comptroller and Auditor General of India for the period ended March 2023 (Report No. 1 of 2026),,Compliance,Local Bodies,2022-23,https://cag.gov.in/en/audit-report/details/124559,/webroot/uploads/download_audit_report/2023/Local-Bodies-Report-2022-23_Report-No.1-of-2026-(English)-069b7febb6c80f2.63929734.pdf,,2026-07-22T13:07:07Z,1/2026
Punjab,Composite Audit Report (Civil) of the Comptroller and Auditor General of India for the period ended March 2023 (Report No. 4 of 2025),,Compliance,,2022-23,https://cag.gov.in/en/audit-report/details/124547,/webroot/uploads/download_audit_report/2023/Report-no.-4-of-2025-(English)-069b7fc7885b9c7.82304696.pdf,,2026-07-22T13:07:07Z,4/2025
Punjab,Report of the  Comptroller and Auditor General of India on State Revenues  for the period ended March 2023 (Report No. 3 of 2025),,Financial,,2022-23,https://cag.gov.in/en/audit-report/details/124536,/webroot/uploads/download_audit_report/2026/Revenue-Report-3of2025-English-069b7f9ea3b6970.29786894.pdf,,2026-07-22T13:07:11Z,3/2025
Punjab,Report No. 2 of 2025 Compliance Audit Report on State Public Sector Enterprises for the year ended March 2023- Government of Punjab,,Compliance,,2022-23,https://cag.gov.in/en/audit-report/details/124524,/webroot/uploads/download_audit_report/2023/Report-No.2-of-2025--State-Public-Sector-Enterprises---Government-of-Punjab-(English)-069b7f6caa566c0.97619237.pdf,,2026-07-22T13:07:11Z,2/2025
Punjab,(Report No. 2 of 2024) State Finances Audit Report for the year ended 31 March 2023 – Government of Punjab,,Financial,Finance,2022-23,https://cag.gov.in/en/audit-report/details/120565,/webroot/uploads/download_audit_report/2023/STATE-FINANCE-AUDIT-REPORT-ENGLISH-final-Version-3.6.2024-066d85035115c02.99920146.pdf,,2026-07-22T13:07:15Z,2/2024
Punjab,Report No 2 of 2023 - State Finances Audit Report of the Comptroller and Auditor General of India for the year ended 31 March 2022,,Financial,Finance,2021-22,https://cag.gov.in/en/audit-report/details/118193,/webroot/uploads/download_audit_report/2022/SFAR-2021-22_Report-No.-2-of-2023_English-GoP-064072244c03603.74271054.pdf,,2026-07-22T13:07:50Z,2/2023
Punjab,Report No 1 of 2023 - Report of the Comptroller and Auditor General of India on Performance Audit on Implementation of Mahatma Gandhi National Rural Employment Guarantee Scheme in Punjab,,Performance,Agriculture and Rural Development,2021-22,https://cag.gov.in/en/audit-report/details/118182,/webroot/uploads/download_audit_report/2022/REPORT~1-064071f344dfbf4.83585179.pdf,,2026-07-22T13:07:50Z,1/2023
Punjab,Report of the Comptroller and Auditor General of India  on Performance Audits of Punjab Agricultural University and Solid Waste Management by Urban Local Bodies in Punjab for the year 2017-22 (Report No. 5 of 2025),,Performance,Local Bodies,2017-22,https://cag.gov.in/en/audit-report/details/124517,/webroot/uploads/download_audit_report/2022/REPORT-NO.-5-_PAU_SWM-_English-069b7f589571ed5.58982746.pdf,,2026-07-22T13:07:53Z,5/2025
Punjab,(Report No. 1 of 2024) Compliance Audit Report-I for the year ended 31 March 2022,,Compliance,,2021-22,https://cag.gov.in/en/audit-report/details/120552,/webroot/uploads/download_audit_report/2022/Report-No.-1-of-2024-(Compliance-Audit-I_-2021-22)-_GoP-(English)-066d847e382e4a8.83864913.pdf,,2026-07-22T13:08:06Z,1/2024
Punjab,(Report No. 3 of 2024) Compliance Audit Report-II for the year ended 31 March 2022,,Compliance,,2021-22,https://cag.gov.in/en/audit-report/details/120529,/webroot/uploads/download_audit_report/2022/Report-No.-3-of-2024-066d833442a9290.00434272.pdf,,2026-07-22T13:08:06Z,3/2024
Punjab,Report No 3 of 2022-Report of the Comptroller and Auditor General of India on Compliance Audit for the year ended 31 March 2021,,Compliance,Local Bodies,2020-21,https://cag.gov.in/en/audit-report/details/118204,/webroot/uploads/download_audit_report/2021/REPORT~1-064072f81596b47.66840194.pdf,,2026-07-22T13:08:33Z,3/2022
Punjab,Report No. 6 of 2021 - Performance Audit Report  on ‘Pre and Post Ujwal Discom Assurance Yojna in Punjab State Power Corporation Limited’ for the year ended 31 March 2020 - Government of Punjab,,Performance,Power & Energy,2019-20,https://cag.gov.in/en/audit-report/details/116355,/webroot/uploads/download_audit_report/2022/Report No. 6 of 2021_UDAY 2019-20_English-062bd6ef6366a82.99991410.pdf,,2026-07-22T13:09:02Z,6/2021
Punjab,"Report No. 2 of 2022 - Performance Audit Report on Outcomes of Higher Education in Punjab, Government of Punjab",,Performance,"Education, Health & Family Welfare",2021-22,https://cag.gov.in/en/audit-report/details/116334,/webroot/uploads/download_audit_report/2022/Report No. 2 of 2022_Higher Education_English_GoP-062bd69d05e2eb6.14183298.pdf,,2026-07-22T13:09:02Z,2/2022
Punjab,"Report No. 1 of 2022 -Performance Audit Report on Direct Benefit Transfer, Government of Punjab.",,Performance,Social Welfare,2021-22,https://cag.gov.in/en/audit-report/details/116304,/webroot/uploads/download_audit_report/2022/Report No. 1 of 2022_PA on DBT_English_GoP-062bd528e6530b5.83866648.pdf,,2026-07-22T13:09:02Z,1/2022
Punjab,"Report No. 4 of 2021 - Compliance Audit of Social, General and Economic Sectors, Government of Punjab",,Compliance,Industry and Commerce,2020-21,https://cag.gov.in/en/audit-report/details/116568,/webroot/uploads/download_audit_report/2021/Report No. 4 of 2021 Govt. of Punjab_CA-062e77ee6b95750.20819070.pdf,,2026-07-22T13:09:26Z,4/2021
Punjab,"Report No. 3 of the year 2021 - Audit Report on Revenue Sector for the year ended 31 March 2020, Government of Punjab.",,Financial,Taxes and Duties,2019-20,https://cag.gov.in/en/audit-report/details/116563,/webroot/uploads/download_audit_report/2021/Report No. 3 of 2021 Govt. of Punjab_RS-062e24e042b7c91.64232930.pdf,,2026-07-22T13:09:26Z,
Punjab,"Report No. 7 of 2021- Performance Audit on 74th Constitutional Amendment Act, 1992, Government of Punjab",,Performance,Local Bodies,2020-21,https://cag.gov.in/en/audit-report/details/116554,/webroot/uploads/download_audit_report/2021/Report No. 7 of 2021 Govt. of Punjab_PA-062e0dc92d20019.93581063.pdf,,2026-07-22T13:09:26Z,7/2021
Punjab,"Report No. 8 of 2021- State Finances Audit Report 2020-21, Government of Punjab",,Financial,Finance,2020-21,https://cag.gov.in/en/audit-report/details/116345,/webroot/uploads/download_audit_report/2021/SFAR 2020-21_Report No. 8 of 2021_English_GoP-062bd69db64fce1.23154342.pdf,,2026-07-22T13:09:30Z,8/2021
Punjab,Report No. 5 of 2021 Report on General Purpose Financial Report of the State Public Sector Enterprises for the year ended 31 March 2020 - Government of Punjab,,Financial,Power & Energy,2019-20,https://cag.gov.in/en/audit-report/details/116364,/webroot/uploads/download_audit_report/2020/Report No. 5 of 2021_GPFR 2019-20_English (single file)-062bd70ed543722.47589621.pdf,,2026-07-22T13:10:30Z,5/2021
Punjab,"Report No. 2 of 2021 - State Finances, Government of Punjab",,Financial,Finance,2019-20,https://cag.gov.in/en/audit-report/details/116294,/webroot/uploads/download_audit_report/2020/SFAR 2019-20_Report No. 2 of 2021_English-062bd436598c824.74192833.pdf,,2026-07-22T13:10:30Z,2/2021
Punjab,"Report No. 2 of 2020 - PSUs (Social, General and Economic Sectors) Government of Punjab",,Compliance,Industry and Commerce,2019-20,https://cag.gov.in/en/audit-report/details/113272,/webroot/uploads/download_audit_report/2020/Report_No_2_of_2020_PSUs_Social_General_and_Economic_Sectors_Government_of_Punjab-060422409c47c31.61109984.pdf,,2026-07-22T13:10:46Z,2/2020
Punjab,"Report No. 1 of 2020 - State Finances, Government of Punjab",,Financial,Finance,2019-20,https://cag.gov.in/en/audit-report/details/113263,/webroot/uploads/download_audit_report/2020/Report_No_1_of_2020_State_Finances_Government_of_Punjab-060421c396cbde7.41535789.pdf,,2026-07-22T13:10:46Z,1/2020
Punjab,"Report No. 1 of 2021 - Audit Report on Social, General, Revenue and Economic Sectors (Non-Public Sector Undertakings) for the year ended  31 March 2019 – Government of Punjab",,Compliance,Local Bodies,2018-19,https://cag.gov.in/en/audit-report/details/116278,/webroot/uploads/download_audit_report/2019/Report No. 1 of 2021 (N-PSUs & Revenue 2018-19)_English-062bd40b90df757.51859911.pdf,,2026-07-22T13:11:14Z,1/2021
Punjab,"Report No. 3 of 2019 - Revenue Sector, Government of Punjab",,Financial,Taxes and Duties,2018-19,https://cag.gov.in/en/audit-report/details/58037,/webroot/uploads/download_audit_report/2019/Report_No_3_of_2019_Revenue_Sector_Government_of_Punjab.pdf,,2026-07-22T13:11:30Z,3/2019
Punjab,"Report No. 4 of 2019 - Social, General and Economic Sectors (Non-PSUs), Government of Punjab",,Compliance,Taxes and Duties,2018-19,https://cag.gov.in/en/audit-report/details/57978,/webroot/uploads/download_audit_report/2019/Report_No_4_of_2019_Social_General_and_Economic_Sectors_Non_PSUs_Government_of_Punjab.pdf,,2026-07-22T13:11:30Z,4/2019
Punjab,"Report No. 1 of 2019 - State Finances, Government of Punjab",,Financial,Finance,2018-19,https://cag.gov.in/en/audit-report/details/57968,/webroot/uploads/download_audit_report/2019/Report_No_1_of_2019_State_Finances_Government_of_Punjab.pdf,,2026-07-22T13:11:30Z,1/2019
Punjab,"Report No. 2 of 2019 - PSUs (Social, General and Economic Sectors) Government of Punjab",,Compliance,Taxes and Duties,2018-19,https://cag.gov.in/en/audit-report/details/57952,/webroot/uploads/download_audit_report/2019/Report_No_2_of_2019_PSUs_Social_General_and_Economic_Sectors_Government_of_Punjab.pdf,,2026-07-22T13:11:30Z,2/2019
Punjab,"Report No.4 of 2017 - Public Sector Undertakings (Social, General and Economic Sectors) Government of Punjab",,Compliance,,2016-17,https://cag.gov.in/en/audit-report/details/45557,"/webroot/uploads/download_audit_report/2017/Report_No_4_of_2017_-_Public_Sector_Undertakings_(Social,_General_and_Economic_Sectors)_Government_of_Punjab.pdf",,2026-07-22T13:12:59Z,4/2017
Punjab,Report No.2 of 2017 – Revenue Sector Government of Punjab,,Financial,Taxes and Duties,2016-17,https://cag.gov.in/en/audit-report/details/44327,/webroot/uploads/download_audit_report/2017/Report_No_2_of_2017_-_ Revenue_Sector_Government_of_Punjab.pdf,,2026-07-22T13:13:03Z,2/2017
Punjab,Report No.3 of 2017 - State Finances Government of Punjab,,Financial,Finance,2016-17,https://cag.gov.in/en/audit-report/details/44311,/webroot/uploads/download_audit_report/2017/Report_No_3_of_2017_-_State_Finances_Government_of_ Punjab.pdf,,2026-07-22T13:13:03Z,3/2017
Punjab,"Report No.5 of 2017-Social, General and Economic Sectors Government of Punjab",,,Information and Communication,2016-17,https://cag.gov.in/en/audit-report/details/44298,/webroot/uploads/download_audit_report/2017/Report_No_5_of_2017_-_Social_General_and_Economic_Sector_Government_of_Punjab.pdf,,2026-07-22T13:13:03Z,5/2017
Punjab,Report No 3 of 2016 - Punjab Public Sector Undertakings,,Compliance,General Sector Ministries and Constitutional Bodies,2016-17,https://cag.gov.in/en/audit-report/details/28557,/webroot/uploads/download_audit_report/2017/Report_No_3_of_2016_Punjab_PSUs.pdf,,2026-07-22T13:13:40Z,3/2016
Punjab,Report No 4 of 2016 - Punjab Revenue Sector,,Financial,Taxes and Duties,2016-17,https://cag.gov.in/en/audit-report/details/28340,/webroot/uploads/download_audit_report/2017/Report_No_4_of_2016_Punjab_Revenue_Sector.pdf,,2026-07-22T13:13:44Z,4/2016
Punjab,Report No 1 of 2017 - Non PSUs Punjab,,Compliance,Information and Communication,2016-17,https://cag.gov.in/en/audit-report/details/28322,/webroot/uploads/download_audit_report/2017/Report_No_1_of_2017_Non-PSUs_2015-16.pdf,,2026-07-22T13:13:44Z,1/2017
Punjab,Report No 3 of 2016 - PSUs Punjab,,,Social Welfare,2015-16,https://cag.gov.in/en/audit-report/details/28483,/webroot/uploads/download_audit_report/2016/Punjab_Report_No_3_of_2016_of_PSUs.pdf,,2026-07-22T13:14:04Z,3/2016
Punjab,Report No 2 of 2016 - State Finances Punjab,,Financial,Finance,2015-16,https://cag.gov.in/en/audit-report/details/28330,/webroot/uploads/download_audit_report/2016/Report-No_2_of_2016_SFR_2015-16_punjab.pdf,,2026-07-22T13:14:08Z,2/2016
Punjab,Report No 1 of 2016 - Non PSUs  Punjab,,Compliance,General Sector Ministries and Constitutional Bodies,2015-16,https://cag.gov.in/en/audit-report/details/24647,/webroot/uploads/download_audit_report/2016/Punjab_Report_No_1_of_2016_Non_PSUs.pdf,,2026-07-22T13:14:16Z,1/2016
Punjab,Punjab Annual Technical Inspection Report on PRI and ULB 2016,,,Local Bodies,2015-16,https://cag.gov.in/en/audit-report/details/24636,/webroot/uploads/download_audit_report/2016/Punjab_Annual_Technical_Inspection_Report_on_PRI_and_ULB_2016.pdf,,2026-07-22T13:14:16Z,
Punjab,Report 2014_15  -  State Finances Government of Punjab,,Financial,Finance,2015-16,https://cag.gov.in/en/audit-report/details/20052,/webroot/uploads/download_audit_report/2016/Report 2014-15 - State Finances Government of Punjab.pdf,,2026-07-22T13:14:49Z,
Punjab,Report No 3 of 2015 - Revenue Sector Government of Punjab,,Financial,Taxes and Duties,2014-15,https://cag.gov.in/en/audit-report/details/20001,/webroot/uploads/download_audit_report/2015/Report No 3 of 2015 - Revenue Sector Government of Punjab.pdf,,2026-07-22T13:15:14Z,3/2015
Punjab,Report No 2 of 2015 - Social General and Economic Sectors PSUs Government of Punjab,,,Transport & Infrastructure,2014-15,https://cag.gov.in/en/audit-report/details/19954,/webroot/uploads/download_audit_report/2015/Report No 2 of 2015 - Social General and Economic Sectors PSUs Government of Punjab.pdf,,2026-07-22T13:15:14Z,2/2015
Punjab,Report of 2013-14 Government of Punjab - Report of the Comptroller and Auditor General of India on State Finances,,Financial,Finance,2013-14,https://cag.gov.in/en/audit-report/details/8769,/webroot/uploads/download_audit_report/2015/Punjab_SF_2015.pdf,,2026-07-22T13:15:28Z,
Punjab,"Report No. -5 of 2014 Government of Punjab - Report of the Comptroller and Auditor General of India on Social, General and Economic Sectors (Public Sector Undertakings)",,Compliance,Transport & Infrastructure,2014-15,https://cag.gov.in/en/audit-report/details/8672,/webroot/uploads/download_audit_report/2015/Punjab_Report_5_2015.pdf,,2026-07-22T13:15:28Z,
Punjab,Report No. -4 of 2014 Government of Punjab - Report of the Comptroller and Auditor General of India on Revenue Sector,,Financial,Taxes and Duties,2014-15,https://cag.gov.in/en/audit-report/details/8638,/webroot/uploads/download_audit_report/2015/Punjab_Report_4_2015.pdf,,2026-07-22T13:15:28Z,
Punjab,"Report No. -1 of 2015 Government of Punjab - Report of the Comptroller and Auditor General of India on Social, General and Economic Sectors (Non- Public Sector Undertakings)",,Compliance,Social Welfare,2014-15,https://cag.gov.in/en/audit-report/details/8613,/webroot/uploads/download_audit_report/2015/Punjab_Report_1_2015.pdf,,2026-07-22T13:15:33Z,
Punjab,Report of 2012-13 Government of Punjab - Report of the Comptroller and Auditor General of India on State Finances,,Financial,Finance,2012-13,https://cag.gov.in/en/audit-report/details/8602,/webroot/uploads/download_audit_report/2014/Punjab_SF_2014.pdf,,2026-07-22T13:16:09Z,
Punjab,"Report No. -3 of 2014 Government of Punjab - Report of the Comptroller and Auditor General of India on Social, General and Economic Sectors (Non- Public Sector Undertakings)",,Compliance,Social Welfare,2013-14,https://cag.gov.in/en/audit-report/details/8576,/webroot/uploads/download_audit_report/2014/Punjab_Report_3_2014.pdf,,2026-07-22T13:16:09Z,
Punjab,"Report No. -2 of 2014 Government of Punjab - Report of the Comptroller and Auditor General of India on Public Sector Undertakings (Social, General and Economic Sectors)",,Compliance,Transport & Infrastructure,2013-14,https://cag.gov.in/en/audit-report/details/8537,/webroot/uploads/download_audit_report/2014/Punjab_Report_2_2014.pdf,,2026-07-22T13:16:09Z,
Punjab,Report No. -1 of 2014 Government of Punjab - Report of the Comptroller and Auditor General of India on Revenue Sector,,Financial,Taxes and Duties,2013-14,https://cag.gov.in/en/audit-report/details/8509,/webroot/uploads/download_audit_report/2014/Punjab_Report_1_2014.pdf,,2026-07-22T13:16:09Z,
Punjab,Report No. - 4 of 2013 Government of Punjab - Report of the Comptroller and Auditor General of India on District Ludhiana,,,Social Welfare,2012-13,https://cag.gov.in/en/audit-report/details/8473,/webroot/uploads/download_audit_report/2013/Punjab_Report_4_2013.pdf,,2026-07-22T13:30:56Z,
Punjab,"Report No. - 3 of 2013 Government of Punjab - Report of the Comptroller and Auditor General of India on Social,General and Economic Sectors (Non-Public Sector Undertakings)",,Compliance,Social Welfare,2012-13,https://cag.gov.in/en/audit-report/details/8427,/webroot/uploads/download_audit_report/2013/Punjab_Report_3_2013.pdf,,2026-07-22T13:30:56Z,
Punjab,Report No. - 2 of 2013 Government of Punjab - Report of the Comptroller and Auditor General of India on Revenue Sector,,Financial,Taxes and Duties,2012-13,https://cag.gov.in/en/audit-report/details/8383,/webroot/uploads/download_audit_report/2013/Punjab_Report_2_2013.pdf,,2026-07-22T13:30:56Z,
Punjab,"Report No. -1 of 2013 Government of Punjab - Report of the Comptroller and Auditor General of India on Public Sector Undertakings (Social, General and Economic Sectors)",,Compliance,Transport & Infrastructure,2012-13,https://cag.gov.in/en/audit-report/details/8289,/webroot/uploads/download_audit_report/2013/Punjab_Report_1_2013.pdf,,2026-07-22T13:30:56Z,
Punjab,Report No. -1 of 2011-12 Government of Punjab - Report of the Comptroller and Auditor General of India on State Finances,,Financial,Finance,2011-12,https://cag.gov.in/en/audit-report/details/8230,/webroot/uploads/download_audit_report/2012/Punjab_Report_1_2012.pdf,,2026-07-22T13:41:58Z,
Punjab,"Audit Report (Stand Alone), Punjab for the Year 2010-11",,,Taxes and Duties,2010-11,https://cag.gov.in/en/audit-report/details/8186,/webroot/uploads/download_audit_report/2011/Punjab_Stand_Alone_2011.pdf,,2026-07-22T13:42:38Z,
Punjab,"Audit Report (State Finance), Punjab for the Year 2010-11",,Financial,Finance,2010-11,https://cag.gov.in/en/audit-report/details/8126,/webroot/uploads/download_audit_report/2011/Punjab_SF_2011.pdf,,2026-07-22T13:42:38Z,
Punjab,"Audit Report (Revenue), Punjab for the Year 2010-11",,,Taxes and Duties,2010-11,https://cag.gov.in/en/audit-report/details/8064,/webroot/uploads/download_audit_report/2011/Punjab_Revenue_2011.pdf,,2026-07-22T13:42:38Z,
Punjab,"Audit Report (Commercial), Punjab for the Year 2010-11",,,Transport & Infrastructure,2010-11,https://cag.gov.in/en/audit-report/details/8016,/webroot/uploads/download_audit_report/2011/Punjab_Commercial_2011.pdf,,2026-07-22T13:42:38Z,
Punjab,"Audit Report (Civil), Punjab for the Year 2010-11",,,"Art, Culture and Sports",2010-11,https://cag.gov.in/en/audit-report/details/7971,/webroot/uploads/download_audit_report/2011/Punjab_Civil_2011.pdf,,2026-07-22T13:42:38Z,
Punjab,"Audit Report (State Finance), Punjab for the Year 2009-10",,Financial,Finance,2009-10,https://cag.gov.in/en/audit-report/details/7924,/webroot/uploads/download_audit_report/2010/Punjab_SF_2010.pdf,,2026-07-22T13:43:31Z,
Punjab,"Audit Report (Revenue), Punjab for the Year 2009-10",,,Taxes and Duties,2009-10,https://cag.gov.in/en/audit-report/details/7868,/webroot/uploads/download_audit_report/2010/Punjab_Revenue_2010.pdf,,2026-07-22T13:43:31Z,
Punjab,"Audit Report (Commercial), Punjab for the Year 2009-10",,,Power & Energy,2009-10,https://cag.gov.in/en/audit-report/details/7814,/webroot/uploads/download_audit_report/2010/Punjab_Commercial_2010.pdf,,2026-07-22T13:43:31Z,
Punjab,"Audit Report (Civil), Punjab for the Year 2009-10",,,"Art, Culture and Sports",2009-10,https://cag.gov.in/en/audit-report/details/7761,/webroot/uploads/download_audit_report/2010/Punjab_Civil_2010.pdf,,2026-07-22T13:43:31Z,
Punjab,"Audit Report (State Finance), Punjab for the Year 2008-09",,Financial,Finance,2008-09,https://cag.gov.in/en/audit-report/details/7708,/webroot/uploads/download_audit_report/2009/Punjab_SF_2009.pdf,,2026-07-22T13:44:15Z,
Punjab,"Audit Report (Revenue), Punjab For the Year 2008-09",,,Taxes and Duties,2008-09,https://cag.gov.in/en/audit-report/details/7656,/webroot/uploads/download_audit_report/2009/Punjab_Revenue_2009.pdf,,2026-07-22T13:44:15Z,
Punjab,"Audit Report (Commercial), Punjab For the Year 2008-09",,,Transport & Infrastructure,2008-09,https://cag.gov.in/en/audit-report/details/7639,/webroot/uploads/download_audit_report/2009/Punjab_Commercial_2009.pdf,,2026-07-22T13:44:15Z,
Punjab,"Audit Report (Civil), Punjab For the Year 2008-09",,,Transport & Infrastructure,2008-09,https://cag.gov.in/en/audit-report/details/7608,/webroot/uploads/download_audit_report/2009/Punjab_Civil_2009.pdf,,2026-07-22T13:44:20Z,
Rajasthan,Report of the Comptroller and Auditor General of India (Compliance Audit-Civil) for the year ended 31 March 2023 (Report No. 6 of the year 2025),,Compliance,"Education, Health & Family Welfare",2022-23,https://cag.gov.in/en/audit-report/details/124181,/webroot/uploads/download_audit_report/2025/AR-CA-2022-23-GoR-English-0699fed3e608d90.07783215.pdf,,2026-07-22T13:05:00Z,
Rajasthan,Report of the Comptroller and Auditor General of India for the year ended 31 March 2023- Government of Rajasthan (Compliance and Performance Audit-Civil) (Report No. 5 of the year 2025),,Performance,Industry and Commerce,2022-23,https://cag.gov.in/en/audit-report/details/124042,/webroot/uploads/download_audit_report/2025/Report-No.-5-of-2025-(English)-upl-06996ea48c57101.25020223.pdf,,2026-07-22T13:05:03Z,
Rajasthan,Report of the Comptroller and Auditor General of India on Solid Waste Management in ULBs (Report No. 4 of the year 2025),,,Local Bodies,2024-25,https://cag.gov.in/en/audit-report/details/124004,/webroot/uploads/download_audit_report/2025/Solid-Waste-Management-english-searcheable-06995ab77ac3bc9.63293181.pdf,,2026-07-22T13:05:03Z,
Rajasthan,Report of the Comptroller and Auditor General of India on Welfare of Building and Other Construction Workers (Report No. 3 of the year 2025),,,Social Welfare,2024-25,https://cag.gov.in/en/audit-report/details/123983,/webroot/uploads/download_audit_report/2025/AR-BOCW-GoR-English-0699591721b9cc5.05195640.pdf,,2026-07-22T13:05:03Z,
Rajasthan,"COMPLIANCE AUDIT -CIVIL, REPORT OF THE CAG OF INDIA FOR THE PERIOD ENDED 31st MARCH 2022 (GOVERNMENT OF RAJASTHAN)",,Compliance,"Art, Culture and Sports",2024-25,https://cag.gov.in/en/audit-report/details/123161,/webroot/uploads/download_audit_report/2025/Full-English-AR-CA-2021-22-068b80adf026575.35183507.pdf,,2026-07-22T13:05:26Z,
Rajasthan,Report of the Comptroller and Auditor General of India on State Finances for the year 2023-2024 (Government of Rajasthan),,Financial,Finance,2023-20,https://cag.gov.in/en/audit-report/details/123143,/webroot/uploads/download_audit_report/2025/SFAR-2023-24-English-searcheable-068b691594ff225.07059711.pdf,,2026-07-22T13:05:26Z,
Rajasthan,Report of the Comptroller and Auditor General of India for the year ended 31 March 2022 - Government of Rajasthan (Compliance Audit-Civil & Commercial) (Report No.  5 of the year 2024),,Compliance,Industry and Commerce,2021-22,https://cag.gov.in/en/audit-report/details/121706,/webroot/uploads/download_audit_report/2024/Report-of-the-Comptroller-and-Auditor-General-of-India-for-the-year-ended-31-March-2022---Government-of-Rajasthan-(Compliance-Audit-Civil-and-Commercial)(Report-No.-5-of-the-year-2024)-067d01d579c2d36.85305345.pdf,,2026-07-22T13:06:19Z,
Rajasthan,Report No. 4 - Performance audit of Public Health Infrastructure and Management of health Services in Rajasthan,,Performance,Social Welfare,2023-24,https://cag.gov.in/en/audit-report/details/121644,/webroot/uploads/download_audit_report/2024/Report-4_Public-Health_English_Inner_curve-compressed-final-067ceb879705ab7.12104600.pdf,,2026-07-22T13:06:19Z,
Rajasthan,"Report No. 3 of the Year 2024 - State Finances Audit Report for the year ended 31 March 2023, Government of Rajasthan .",,Financial,Finance,2022-23,https://cag.gov.in/en/audit-report/details/119929,/webroot/uploads/download_audit_report/2024/SFAR-2022-23-English-Searchable-066a1dcd4abcd15.51713275.pdf,,2026-07-22T13:06:53Z,
Rajasthan,Report of the Comptroller and Auditor General of India for the year ended 31 March 2021 - Government of Rajasthan (Compliance Audit)(Report No. 2 of the year 2024),,Compliance,Industry and Commerce,2020-21,https://cag.gov.in/en/audit-report/details/119921,/webroot/uploads/download_audit_report/2024/Report-of-the-Comptroller-and-Auditor-General-of-India-for-the-year-ended-31-March-2021---Government-of-Rajasthan-(Compliance-Audit)-(Report-No.-2-of-the-year-2024-066a1014eb55814.71614879.pdf,,2026-07-22T13:06:53Z,
Rajasthan,Report No.1 of the year 2024 Standalone Performance Audit Report on Implementation of Ujwal Discom Assurance Yojana in Rajasthan,,Performance,Power & Energy,2023-24,https://cag.gov.in/en/audit-report/details/119901,/webroot/uploads/download_audit_report/2024/Report-No.-1-of-the-year-2024-Performance-Audit-on-Implementation-of-Ujwal-DISCOM-Assuraance-Yojana-in-Rajasthan-for-the-year-ended-31-March-2021-066a0f2cf213657.27582322.pdf,,2026-07-22T13:06:53Z,
Rajasthan,"Report No. 2 of the Year 2023 - State Finances Audit Report for the year ended 31 March 2022, Government of Rajasthan .",,Financial,Finance,2021-22,https://cag.gov.in/en/audit-report/details/118886,/webroot/uploads/download_audit_report/2023/SFAR-2021-22-(English)-Searchable-064b7d3fc4cf287.95075935.pdf,,2026-07-22T13:07:46Z,
Rajasthan,"Report No. 1 of the year 2023 - Performance audit of Implementation of Rights of Persons with Disabilities Act, 2016, Government of Rajasthan",,Performance,Social Welfare,2022-23,https://cag.gov.in/en/audit-report/details/118866,/webroot/uploads/download_audit_report/2023/PAG-(Au-I)-Raj-Rights-of-Persons_Report_Eng-1_OCR-064b7cfee846c19.93032773.pdf,,2026-07-22T13:07:46Z,
Rajasthan,Report of the Comptroller and Auditor General of India on Panchayati Raj Institutions for the year ended 31 March 2021 Government of Rajasthan (Report No. 6 of the year 2022),,Compliance,Local Bodies,2020-21,https://cag.gov.in/en/audit-report/details/118142,/webroot/uploads/download_audit_report/2022/Full-AR-PRI-2020-21-(English)-GOR-Searchable-063ff2100ce2b26.02722946.pdf,,2026-07-22T13:08:33Z,
Rajasthan,Report of the Comptroller and Auditor General of India for the year ended 31 March 2020 Performance Audit on ‘Illegal Mining in Rajasthan’ - Government of Rajasthan  (Report No. 8 of the year 2022),,Performance,Taxes and Duties,2019-20,https://cag.gov.in/en/audit-report/details/118114,/webroot/uploads/download_audit_report/2022/Report-8_English-063fdee3f433ec4.34264753.pdf,,2026-07-22T13:08:33Z,
Rajasthan,Report of the Comptroller and Auditor General of India on Urban Local Bodies and Urban Development and Housing for the year ended 31 March 2021-Government of Rajassthan-Report No. 10 of the year 2022,,,Local Bodies,2020-21,https://cag.gov.in/en/audit-report/details/118100,/webroot/uploads/download_audit_report/2022/Report-No.-10-of-the-year-2022-English-GoR-063fdd8a69b0f23.19051155.pdf,,2026-07-22T13:08:43Z,
Rajasthan,Report No. 9 of the year 2022 General Purpose Financial Reports of State Public Sector Enterprises for the year ended 31 March 2021,,Financial,Finance,2020-21,https://cag.gov.in/en/audit-report/details/118082,/webroot/uploads/download_audit_report/2022/Report-No.-9-of-the-year-2022-General-Purpose-Financial-Reports-of-State-Public-Sector-Enterprises-for-the-year-ended-31-March-2021-063fdc9dcee5d89.56914295.pdf,,2026-07-22T13:08:43Z,
Rajasthan,Report No. 7 of the year 2022 Performance Audit on Implementation of Deendayal Upadhyaya Gram Jyoti Yojana in Rajasthan for the year ended 31 March 2020,,Performance,Power & Energy,2019-20,https://cag.gov.in/en/audit-report/details/118060,/webroot/uploads/download_audit_report/2022/Report-No.-7-of-the-year-2022-Performance-Audit-on--Implementation-of-Deendayal-Upadhayaya-Gram-Jyoti-Yojana-in-Rajasthan-for-the-year-ended-31-March-2020-063fdc442597375.20524306.pdf,,2026-07-22T13:08:43Z,
Rajasthan,"Report No. 4 of the year 2022 - Performance audit of Prevention, Protection and Redressal of Crime against Women in Rajasthan, Government of Rajasthan.",,Performance,Social Welfare,2021-22,https://cag.gov.in/en/audit-report/details/117454,/webroot/uploads/download_audit_report/2022/1. Standalone Report Crime Against Women-English Complete Report-0632c3337056ae5.56767076.pdf,,2026-07-22T13:08:46Z,
Rajasthan,"Report No. 3 of the Year 2022 - State Finances Audit Report for the year ended 31 March 2021, Government of Rajasthan .",,Financial,Finance,2020-21,https://cag.gov.in/en/audit-report/details/117436,/webroot/uploads/download_audit_report/2022/SFAR_English-0632c28582e6c10.06929775.pdf,,2026-07-22T13:08:50Z,
Rajasthan,"Report No. 2 of the year 2022 - Audit of Local Bodies in Rajasthan for the year ended 31 March 2020, Government of Rajasthan.",,,Local Bodies,2019-20,https://cag.gov.in/en/audit-report/details/117397,/webroot/uploads/download_audit_report/2022/AR REPORT LB ENGLISH Combined-0632c0c6ba362e0.34289980.pdf,,2026-07-22T13:08:50Z,
Rajasthan,"Report No. 1 of the year 2022 - Compliance Audit of selected Departments of Government of Rajasthan for the year ended 31 March 2021, Government of Rajasthan.",,Compliance,Finance,2020-21,https://cag.gov.in/en/audit-report/details/117363,/webroot/uploads/download_audit_report/2022/AR (CA) ENGLISH Combined-0632c082db435d6.55567562.pdf,,2026-07-22T13:08:50Z,
Rajasthan,Report No. 5 of the year 2022 -Performance Audit of Direct Benefit Transfer,,Performance,Finance,2021-22,https://cag.gov.in/en/audit-report/details/117237,/webroot/uploads/download_audit_report/2022/1. English Report on PA fo DBT Pdf-0632abb50b3dbe9.00350272.pdf,,2026-07-22T13:08:50Z,
Rajasthan,Report of the Comptroller and Auditor General of India for the year ended  31 March 2020 - Government of Rajasthan (Compliance Audit) (Report No. 7 of the year 2021),,Compliance,Environment and Sustainable Development,2019-20,https://cag.gov.in/en/audit-report/details/115484,/webroot/uploads/download_audit_report/2021/Report No. 7 of the year 2021 (Compliance Audit) for the year ended 31 March 2020-0622b37bca85b43.42459240.pdf,,2026-07-22T13:09:44Z,
Rajasthan,Report of the Comptroller and Auditor General of India on ‘Performance Audit of Outcomes in Surface Irrigation in Rajasthan’ (Report No. 6 of the year 2021),,Performance,Agriculture and Rural Development,2020-21,https://cag.gov.in/en/audit-report/details/115462,/webroot/uploads/download_audit_report/2021/Full Report-English-Surface-0622b290db380f3.44452033.pdf,,2026-07-22T13:09:44Z,
Rajasthan,Report of the Comptroller and Auditor General of India on ‘Performance Audit of Efficacy of implementation of 74th Constitutional Amendment Act’ (Report No. 5 of the year 2021),,Performance,Local Bodies,2020-21,https://cag.gov.in/en/audit-report/details/115436,/webroot/uploads/download_audit_report/2021/Full Report-English-74th CAA-0622b24e8505c47.07308141.pdf,,2026-07-22T13:09:44Z,
Rajasthan,Report No. 4 of the year 2021 General Purpose Financial Reports of State Public Sector Enterprises for the year ended 31 March 2020,,Financial,Finance,2019-20,https://cag.gov.in/en/audit-report/details/115416,/webroot/uploads/download_audit_report/2021/GPFR Report 2019-20 (English)-0622b16e0edf3c0.56825054.pdf,,2026-07-22T13:09:44Z,
Rajasthan,Government of Rajasthan Report No. 3 of 2021- State Finances Audit Report of the Comptroller and Auditor General of India for the year ended March 2020,,Financial,Finance,2019-20,https://cag.gov.in/en/audit-report/details/114381,/webroot/uploads/download_audit_report/2021/SFAR ENGLISH-06142d7dde112c7.74690491.pdf,,2026-07-22T13:10:04Z,3/2021
Rajasthan,"Government of Rajasthan Report No. 1 of 2021- Performance Audit of Outcomes of Higher Education, Report of the Comptroller and Auditor General of India for the period 2014-2019",,Performance,"Education, Health & Family Welfare",2014-20,https://cag.gov.in/en/audit-report/details/114378,/webroot/uploads/download_audit_report/2021/HEO-English-1-2021-06142e8ee14b740.07508496.pdf,,2026-07-22T13:10:04Z,1/2021
Rajasthan,Government of Rajasthan Report No. 2 of 2021- Compliance Audit Report of the Comptroller and Auditor General of India for the year ended March 2020,,Compliance,Industry and Commerce,2019-20,https://cag.gov.in/en/audit-report/details/114354,/webroot/uploads/download_audit_report/2021/Audit Report (Compliance Audit)-2019-20 GoR- English-061419a74f2cc56.33049958.pdf,,2026-07-22T13:10:04Z,2/2021
Rajasthan,"Report No. 1 of 2020 - General and Social Sector, Government of Rajasthan",,,Social Infrastructure,2019-20,https://cag.gov.in/en/audit-report/details/109650,/webroot/uploads/download_audit_report/2020/Report_No_1_of_2020_General_and_Social_Sector_Government_of_Rajasthan.pdf,,2026-07-22T13:11:03Z,1/2020
Rajasthan,"Report No.2 of 2020 - Economic and Revenue Sector, Government of Rajasthan",,Financial,Taxes and Duties,2019-20,https://cag.gov.in/en/audit-report/details/109554,/webroot/uploads/download_audit_report/2020/Report_No_2_of_2020_Economic_and_Revenue_Sector_Government_of_Rajasthan.pdf,,2026-07-22T13:11:03Z,2/2020
Rajasthan,"Report No.3 of 2020 - State Finances, Government of Rajasthan",,Financial,Finance,2019-20,https://cag.gov.in/en/audit-report/details/109042,/webroot/uploads/download_audit_report/2020/Report_No_3_of_2020_State_Finances_Government_of_Rajasthan.pdf,,2026-07-22T13:11:03Z,3/2020
Rajasthan,"Report No.4 of 2020 - Public Sector Undertakings, Government of Rajasthan",,Compliance,Industry and Commerce,2019-20,https://cag.gov.in/en/audit-report/details/109010,/webroot/uploads/download_audit_report/2020/Report_No_4_of_2020_Public_Sector_Undertakings_Government_of_Rajasthan.pdf,,2026-07-22T13:11:06Z,4/2020
Rajasthan,"Report No. 4 of 2019 - General and Social Sector, Government of Rajasthan",,,Social Infrastructure,2018-19,https://cag.gov.in/en/audit-report/details/58315,/webroot/uploads/download_audit_report/2019/Report_No_4_of_2019_General_and_Social_Sector_Government_of_Rajasthan.pdf,,2026-07-22T13:11:26Z,4/2019
Rajasthan,"Report no. 5 of 2019 - Economic Sector, Government of Rajasthan",,,Taxes and Duties,2018-19,https://cag.gov.in/en/audit-report/details/58164,/webroot/uploads/download_audit_report/2019/Report_no_5_of_2019_Economic_Sector_Government_of_Rajasthan.pdf,,2026-07-22T13:11:30Z,5/2019
Rajasthan,"Report No.3 of 2019 - Public Sector Undertakings, Government of Rajasthan",,Compliance,Transport & Infrastructure,2018-19,https://cag.gov.in/en/audit-report/details/52281,/webroot/uploads/download_audit_report/2019/Report_No_3_of_2019_Public_Sector_Undertakings_Government_of_Rajasthan.pdf,,2026-07-22T13:11:50Z,3/2019
Rajasthan,"Report No.2 of 2019 - State Finances, Government of Rajasthan",,Financial,Taxes and Duties,2018-19,https://cag.gov.in/en/audit-report/details/52205,/webroot/uploads/download_audit_report/2019/Report_No_2_of_2019_State_Finances_Government_of_Rajasthan.pdf,,2026-07-22T13:11:50Z,2/2019
Rajasthan,"Report No.1 of 2019 - Revenue Sector, Government of Rajasthan",,Financial,Taxes and Duties,2018-19,https://cag.gov.in/en/audit-report/details/52121,/webroot/uploads/download_audit_report/2019/Report_No_1_of_2019_Revenue_Sector_Government_of_Rajasthan.pdf,,2026-07-22T13:11:50Z,1/2019
Rajasthan,Report No.1 of 2018 - General and Social Sector Government of Rajasthan,,,General Sector Ministries and Constitutional Bodies,2017-18,https://cag.gov.in/en/audit-report/details/46728,/webroot/uploads/download_audit_report/2018/Report_No_1_of_2018_-_General_and_Social_Sector_Government_of_Rajasthan.pdf,,2026-07-22T13:12:23Z,1/2018
Rajasthan,Report No.2 of 2018 - Local Bodies Government of Rajasthan,,,Local Bodies,2017-18,https://cag.gov.in/en/audit-report/details/46715,/webroot/uploads/download_audit_report/2018/Report_No_2_of_2018_-_Local_Bodies_Government_of_Rajasthan.pdf,,2026-07-22T13:12:23Z,2/2018
Rajasthan,Report No.6 of 2017 - Revenue Sector Government of Rajasthan,,Financial,Taxes and Duties,2016-17,https://cag.gov.in/en/audit-report/details/44603,/webroot/uploads/download_audit_report/2017/Report_No6_of_2017_-_Revenue_Sector_Government_of_Rajasthan.pdf,,2026-07-22T13:12:59Z,6/2017
Rajasthan,Report No.7 of 2017 - State Finances Government of Rajasthan,,Financial,Finance,2016-17,https://cag.gov.in/en/audit-report/details/44531,/webroot/uploads/download_audit_report/2017/Report_No7_of_2017_-_State_Finances_Government_of_Rajasthan.pdf,,2026-07-22T13:12:59Z,7/2017
Rajasthan,Report No.4 of 2017 - Public Sector Undertakings Government of Rajasthan,,Compliance,Industry and Commerce,2016-17,https://cag.gov.in/en/audit-report/details/44515,/webroot/uploads/download_audit_report/2017/Report_No4_of_2017_-_Public_Sector_Undertakings_Government_of_Rajasthan.pdf,,2026-07-22T13:12:59Z,4/2017
Rajasthan,Report No.5 of 2017 - Economic Sector Government of Rajasthan,,,Environment and Sustainable Development,2016-17,https://cag.gov.in/en/audit-report/details/44508,/webroot/uploads/download_audit_report/2017/Report_No5_of_2017_-_Economic_Sector_Government_of_Rajasthan.pdf,,2026-07-22T13:12:59Z,5/2017
Rajasthan,Report No.3 of 2017 - Local Bodies Government of Rajasthan,,,Local Bodies,2016-17,https://cag.gov.in/en/audit-report/details/34004,/webroot/uploads/download_audit_report/2017/Report_No.3_of_2017_-_Local_Bodies_Government_of_Rajasthan.pdf,,2026-07-22T13:13:07Z,3/2017
Rajasthan,Report No 7 of 2016 - Revenue Sector Rajasthan,,Financial,Taxes and Duties,2016-17,https://cag.gov.in/en/audit-report/details/28719,/webroot/uploads/download_audit_report/2017/Rajasthan_Report_No_7_of_2016_on_Revenue_Sector.pdf,,2026-07-22T13:13:32Z,7/2016
Rajasthan,Report No 1 of 2017 - Economic Sector Rajasthan,,,Power & Energy,2016-17,https://cag.gov.in/en/audit-report/details/28550,/webroot/uploads/download_audit_report/2017/Rajasthan_Report_No_1_of_2017_on_Economic_Sector.pdf,,2026-07-22T13:13:40Z,1/2017
Rajasthan,Report No 2 of 2017 - General and Social Sector Rajasthan,,,Social Welfare,2016-17,https://cag.gov.in/en/audit-report/details/28511,/webroot/uploads/download_audit_report/2017/Rajasthan_Report_No_2_of_2017_on_General_and_Social_Sector.pdf,,2026-07-22T13:13:40Z,2/2017
Rajasthan,Report No 6 of 2016 - State Finances Rajasthan,,Financial,Finance,2016-17,https://cag.gov.in/en/audit-report/details/28381,/webroot/uploads/download_audit_report/2017/Rajasthan_Report_No_6_of_year_2016_State_Finances.pdf,,2026-07-22T13:13:44Z,6/2016
Rajasthan,Report no 5 of 2016 - PSUs Rajasthan,,,Finance,2015-16,https://cag.gov.in/en/audit-report/details/28536,/webroot/uploads/download_audit_report/2016/Rajasthan_Report_no_5_of_2016_on_PSUs_0.pdf,,2026-07-22T13:14:04Z,5/2016
Rajasthan,Report 3 of  2016 - Performance Compliance  Rajasthan,,,General Sector Ministries and Constitutional Bodies,2015-16,https://cag.gov.in/en/audit-report/details/24620,/webroot/uploads/download_audit_report/2016/Rajasthan_Report_No_3_of_the_year_2016.pdf,,2026-07-22T13:14:16Z,
Rajasthan,Report No 4 of 2016 - Local Bodies Rajasthan,,,Local Bodies,2015-16,https://cag.gov.in/en/audit-report/details/24605,/webroot/uploads/download_audit_report/2016/Report_No_4_of_2016_Local_Bodies_Government_of_Rajasthan.pdf,,2026-07-22T13:14:19Z,4/2016
Rajasthan,Report No 1 of 2016 - Revenue Sector of Government of Rajasthan,,Financial,Taxes and Duties,2015-16,https://cag.gov.in/en/audit-report/details/20832,/webroot/uploads/download_audit_report/2016/Rajasthan_Revenue_Sector_Report_1_2016.PDF,,2026-07-22T13:14:41Z,1/2016
Rajasthan,Report No 5 of 2015 - Public Sector Undertakings Government of Rajasthan,,Compliance,Power & Energy,2014-15,https://cag.gov.in/en/audit-report/details/20783,/webroot/uploads/download_audit_report/2015/Rajasthan_PSU_Report_ 5_ 2015.pdf,,2026-07-22T13:15:10Z,5/2015
Rajasthan,Report 2016 - State Finances Government of Rajasthan,,Financial,Finance,2014-15,https://cag.gov.in/en/audit-report/details/20693,/webroot/uploads/download_audit_report/2015/Rajasthan_State_Finances_Report_2016_1.pdf,,2026-07-22T13:15:14Z,
Rajasthan,Report of 2015 - Financial Audit on State Finances of Government of Rajasthan,,Financial,Finance,2014-15,https://cag.gov.in/en/audit-report/details/8770,/webroot/uploads/download_audit_report/2015/Rajasthan_State_Finance_2015.pdf,,2026-07-22T13:15:28Z,
Rajasthan,Report No. 2 of 2015 - Financial Audit on Revenue Sector of Government of Rajasthan,,Financial,Taxes and Duties,2014-15,https://cag.gov.in/en/audit-report/details/8743,/webroot/uploads/download_audit_report/2015/Rajasthan_Revenue_Sector_2_2015.pdf,,2026-07-22T13:15:28Z,2/2015
Rajasthan,Report No. 1 of 2015 - Compliance and Performance Audit on General and Social Sector of Government of Rajasthan,,Performance,Social Infrastructure,2014-15,https://cag.gov.in/en/audit-report/details/8719,/webroot/uploads/download_audit_report/2015/Rajasthan_General_Social_1_2015.pdf,,2026-07-22T13:15:28Z,1/2015
Rajasthan,Report No. 6 of 2014 -Performance and Compliance Audit on Public Sector Undertakings of Government of Rajasthan,,Compliance,Finance,2013-14,https://cag.gov.in/en/audit-report/details/8757,/webroot/uploads/download_audit_report/2014/Rajasthan_Public_Sector_Undertakings_6_2014.pdf,,2026-07-22T13:16:02Z,6/2014
Rajasthan,Report of 2014 - Financial Audit on State Finances of Government of Rajasthan,,Financial,Finance,2013-14,https://cag.gov.in/en/audit-report/details/8701,/webroot/uploads/download_audit_report/2014/Rajasthan_State_Finance_2014.pdf,,2026-07-22T13:16:02Z,
Rajasthan,Report No. 4 of 2014 - Financial Audit on Revenue Sector of Government of Rajasthan,,Financial,Taxes and Duties,2013-14,https://cag.gov.in/en/audit-report/details/8671,/webroot/uploads/download_audit_report/2014/Rajasthan_Revenue_Sector_4_2014.pdf,,2026-07-22T13:16:02Z,4/2014
Rajasthan,Report No. 3 of 2014 - Performance and Compliance Audit on Economic Sector of Government of Rajasthan,,Compliance,Transport & Infrastructure,2013-14,https://cag.gov.in/en/audit-report/details/8653,/webroot/uploads/download_audit_report/2014/Rajasthan_Economic_Sector_3_2014.pdf,,2026-07-22T13:16:02Z,3/2014
Rajasthan,Report No. 2 of 2014 - Compliance Audit on General and Social Sector of Government of Rajasthan,,Compliance,Social Infrastructure,2013-14,https://cag.gov.in/en/audit-report/details/8636,/webroot/uploads/download_audit_report/2014/Rajasthan_General_Social_Sector_2_2014.pdf,,2026-07-22T13:16:02Z,2/2014
Rajasthan,Report No. 1 of 2014 - Performance Audit on Public Sector Undertakings of Government of Rajasthan,,Performance,Finance,2013-14,https://cag.gov.in/en/audit-report/details/8624,/webroot/uploads/download_audit_report/2014/Rajasthan_Public_Sector_Undertakings_1_2014.pdf,,2026-07-22T13:16:09Z,1/2014
Rajasthan,Report No. 3 of 2013 - Performance and Compliance Audit on Economic Sector of Government of Rajasthan,,Compliance,Transport & Infrastructure,2012-13,https://cag.gov.in/en/audit-report/details/8578,/webroot/uploads/download_audit_report/2013/Rajasthan_Economic_Sector_3_2013.pdf,,2026-07-22T13:30:56Z,3/2013
Rajasthan,Report No.2 of 2013 - Financial Audit on Revenue Sector of Government of Rajasthan,,Financial,Taxes and Duties,2012-13,https://cag.gov.in/en/audit-report/details/8565,/webroot/uploads/download_audit_report/2013/Rajasthan_Revenue_Sector_2_2013.pdf,,2026-07-22T13:30:56Z,2/2013
Rajasthan,Report No.1 of 2013 - Performance and Compliance Audit on General and Social Sector of Government of Rajasthan,,Compliance,Social Infrastructure,2012-13,https://cag.gov.in/en/audit-report/details/8549,/webroot/uploads/download_audit_report/2013/Rajasthan_General_Social_Sector_1_2013.pdf,,2026-07-22T13:30:56Z,1/2013
Rajasthan,Report No. 2 of 2012 - Performance Audit on Public Sector Undertakings of Government of Rajasthan,,Performance,Finance,2011-12,https://cag.gov.in/en/audit-report/details/8525,/webroot/uploads/download_audit_report/2012/Rajasthan_Public_Sector_Undertakings_2012.pdf,,2026-07-22T13:41:58Z,2/2012
Rajasthan,Report No. 1 of 2012 - Financial Audit on State Finances of Government of Rajasthan,,Financial,Finance,2011-12,https://cag.gov.in/en/audit-report/details/8495,/webroot/uploads/download_audit_report/2012/Rajasthan_State_Finance_1_2012.pdf,,2026-07-22T13:41:58Z,1/2012
Rajasthan,Report of 2011 – Financial Audit on State Finance of Government of Rajasthan,,Financial,Finance,2010-11,https://cag.gov.in/en/audit-report/details/8484,/webroot/uploads/download_audit_report/2011/Rajasthan_State_Finance_2011.pdf,,2026-07-22T13:42:32Z,
Rajasthan,Report No. 6 of 2011 - Performance Audit on Revenue Receipts of Government of Rajasthan,,Performance,Taxes and Duties,2010-11,https://cag.gov.in/en/audit-report/details/8435,/webroot/uploads/download_audit_report/2011/Rajasthan_Stamp_Duty_Registration_Fees_6_2011-12.pdf,,2026-07-22T13:42:32Z,6/2011
Rajasthan,Report No. 3 of 2011 - Financial Audit on Revenue Receipts of Government of Rajasthan,,Financial,Taxes and Duties,2010-11,https://cag.gov.in/en/audit-report/details/8419,/webroot/uploads/download_audit_report/2011/Rajasthan_Revenue_Receipts_2011.pdf,,2026-07-22T13:42:32Z,3/2011
Rajasthan,Report of 2011 - Performance Audit on Commercial of Government of Rajasthan,,Performance,Finance,2010-11,https://cag.gov.in/en/audit-report/details/8400,/webroot/uploads/download_audit_report/2011/Rajasthan_Commercial_2011.pdf,,2026-07-22T13:42:32Z,
Rajasthan,Report of 2011 - Compliance and Performance Audit on Civil of Government of Rajasthan,,Performance,Social Welfare,2010-11,https://cag.gov.in/en/audit-report/details/8389,/webroot/uploads/download_audit_report/2011/Rajasthan_Civil_2011.pdf,,2026-07-22T13:42:32Z,
Rajasthan,Report of 2010 - Financial Audit on Mining Receipts of Government of Rajasthan,,Financial,Taxes and Duties,2009-10,https://cag.gov.in/en/audit-report/details/8372,/webroot/uploads/download_audit_report/2010/Rajasthan_mining_2010.pdf,,2026-07-22T13:43:25Z,
Rajasthan,Report of 2010 - Financial Audit on Revenue of Government of Rajasthan,,Financial,Taxes and Duties,2009-10,https://cag.gov.in/en/audit-report/details/8345,/webroot/uploads/download_audit_report/2010/Rajasthan_Revenue_2010.pdf,,2026-07-22T13:43:25Z,
Rajasthan,Report of 2010 - Performance Audit on Commercial of Government of Rajasthan,,Performance,Finance,2009-10,https://cag.gov.in/en/audit-report/details/8341,/webroot/uploads/download_audit_report/2010/Rajasthan_Commercial_2010.pdf,,2026-07-22T13:43:25Z,
Rajasthan,Report of 2010 - Performance and Compliance Audit on Civil of Government of Rajasthan,,Compliance,Science and Technology,2009-10,https://cag.gov.in/en/audit-report/details/8290,/webroot/uploads/download_audit_report/2010/Rajasthan_Civil_2010.pdf,,2026-07-22T13:43:25Z,
Rajasthan,Report of 2009 - Financial Audit on State Finance of Government of Rajasthan,,Financial,,2008-09,https://cag.gov.in/en/audit-report/details/8267,/webroot/uploads/download_audit_report/2009/Rajasthan_State_Finance_2009.pdf,,2026-07-22T13:44:10Z,
Rajasthan,Report of 2009 - Financial Audit on Reveue of Government of Rajasthan,,Financial,,2008-09,https://cag.gov.in/en/audit-report/details/8250,/webroot/uploads/download_audit_report/2009/Rajasthan_Revenue_2009.pdf,,2026-07-22T13:44:10Z,
Rajasthan,Report of 2009 - Performance Audit on Commercial of Government of Rajasthan,,Performance,,2008-09,https://cag.gov.in/en/audit-report/details/8227,/webroot/uploads/download_audit_report/2009/Rajasthan_Commercial_2009.pdf,,2026-07-22T13:44:15Z,
Rajasthan,Report of 2009 - Performance and Compliance Audit on Civil of Government of Rajasthan,,Compliance,Agriculture and Rural Development,2008-09,https://cag.gov.in/en/audit-report/details/8221,/webroot/uploads/download_audit_report/2009/Rajasthan_Civil_2009.pdf,,2026-07-22T13:44:15Z,
Sikkim,"Report of the Comptroller and Auditor General of India on Social, Economic, Revenue, General Sectors and Local Bodies for the year ended March 2023 (Report No. 3 of 2025)",,,Local Bodies,2022-23,https://cag.gov.in/en/audit-report/details/123516,"/webroot/uploads/download_audit_report/2025/Report-of-the-Comptroller-and-Auditor-General-of-India-on-Social,-Economic,-Revenue,-General-Sectors-and-Local-Bodies-for-the-year-ended-March-2023-(Report-No.-3-of-2025)-0693c04b885ca95.29034188.pdf",,2026-07-22T13:05:13Z,3/2025
Sikkim,Report of the Comptroller and Auditor General of India on State Finances for the year 2023-24 (Report No. 1 of 2025),,Financial,Finance,2023-24,https://cag.gov.in/en/audit-report/details/123515,/webroot/uploads/download_audit_report/2025/Report-of-the-Comptroller-and-Auditor-General-of-India-on-State-Finances-for-the-year-2023-24-(Report-No.-1-of-2025)-0693c00c4d95897.55539137.pdf,,2026-07-22T13:05:13Z,1/2025
Sikkim,Report of the Comptroller and Auditor General of India on Performance Audit on Functioning of State Bank of Sikkim for the year ended March 2023 (Report No. 2 of 2025),,Performance,Finance,2022-23,https://cag.gov.in/en/audit-report/details/123514,/webroot/uploads/download_audit_report/2025/Report-of-the-Comptroller-and-Auditor-General-of-India-on-Performance-Audit-on-Functioning-of-State-Bank-of-Sikkim-for-the-year-ended-March-2023-(Report-No.-2-of-2025)-0693bfa19bde711.02339401.pdf,,2026-07-22T13:05:13Z,2/2025
Sikkim,Report of the Comptroller and Auditor General of India on Performance Audit on Financial and Energy Management by Power Department of Government of Sikkim for the year ended March 2022.,,Performance,Power & Energy,2021-22,https://cag.gov.in/en/audit-report/details/121505,/webroot/uploads/download_audit_report/2017/Performance-Report-on-Financial-and-Energy-department-of-Sikkim-for-the-year-ended-March-2022---ENGLISH-(1)-067b8367cb55317.51236846.pdf,,2026-07-22T13:05:42Z,
Sikkim,State Finances Audit Report of the Comptroller and Auditor General of India for the year ended 31 March 2023.,,Financial,Finance,2022-23,https://cag.gov.in/en/audit-report/details/120398,/webroot/uploads/download_audit_report/2024/SFAR_ENGLISH_Sikkim-for-the-year-ended-March-2023-066b9a597d0fc45.02181555.pdf,,2026-07-22T13:06:45Z,
Sikkim,State Finances Audit Report of the Comptroller and Auditor General of India for the year ended 31 March 2022,,Financial,Finance,2021-22,https://cag.gov.in/en/audit-report/details/120382,/webroot/uploads/download_audit_report/2023/SFAR_ENGLISH_Sikkim-for-the-year-ended-March-2022-066b60935969a74.95083587.pdf,,2026-07-22T13:07:15Z,
Sikkim,"Report of the Comptroller and Auditor General of India on Social, Economic, Revenue and General Sectors for the year ended March 2022",,,Finance,2021-22,https://cag.gov.in/en/audit-report/details/120370,/webroot/uploads/download_audit_report/2023/AR_ENGLISH_Sikkim-for-the-year-ended-March-2022-066b60248909790.35377021.pdf,,2026-07-22T13:07:15Z,
Sikkim,Annual Technical Inspection Report on Panchayati Raj Institutions,,Compliance,Local Bodies,2021-22,https://cag.gov.in/en/audit-report/details/125156,/webroot/uploads/download_audit_report/2022/Annual-Technical-Inspection-Report-on-Panchayati-Raj-Institutions-and-Urban-Local-Bodies-for-the-year-ended-31-March-2022-English-069d33f4eb5e975.71683870.pdf,,2026-07-22T13:07:53Z,
Sikkim,"Report 1 of 2022, State Finances Audit Report 2020-21, Government of Sikkim",,Financial,Finance,2020-21,https://cag.gov.in/en/audit-report/details/118615,/webroot/uploads/download_audit_report/2021/State-Finances-Audit-Report-2020-21-Sikkim-(Full-Report)-064250a04f1bd51.01455506.pdf,,2026-07-22T13:08:28Z,
Sikkim,"Audit Report on Social, Economic, Revenue and General Sectors 2019-20 Sikkim",,Compliance,Finance,2019-20,https://cag.gov.in/en/audit-report/details/118606,"/webroot/uploads/download_audit_report/2020/Audit-Report-on-Social,-Economic,-Revenue-and-General-Sectors-2019-20-(Full-Report)-0642507a0d3ec42.02182492.pdf",,2026-07-22T13:08:28Z,
Sikkim,"Report 3 of 2021, State Finances Audit Report 2019-20 Sikkim",,Financial,Finance,2019-20,https://cag.gov.in/en/audit-report/details/114727,/webroot/uploads/download_audit_report/2020/SFAR 2019-20_Report No. 3 of 2021_English-061b1d564cfac52.38838307.pdf,,2026-07-22T13:10:33Z,
Sikkim,"Report No. 2 of 2021, Audit Report on Economic, Revenue & General Sectors 2018-19 Sikkim",,Compliance,,2018-19,https://cag.gov.in/en/audit-report/details/114718,/webroot/uploads/download_audit_report/2019/Report No. 2 of 2021_(2018-19)_English-061b1d35666e721.31897237.pdf,,2026-07-22T13:11:14Z,2/2021
Sikkim,Performance Audit Report on Select District Hospitals in Sikkim 2018-19 Sikkim,,Performance,"Education, Health & Family Welfare",2018-19,https://cag.gov.in/en/audit-report/details/113840,/webroot/uploads/download_audit_report/2019/Report No. 1 of 2021_DH_2018-19_English-0606c1d5dd57409.90990992.pdf,,2026-07-22T13:11:18Z,
Sikkim,State Finances Audit Report 2018-19 Sikkim,,Financial,Finance,2018-19,https://cag.gov.in/en/audit-report/details/113831,/webroot/uploads/download_audit_report/2019/SFAR 2018-19_Report No. 1_English-0606c0652e0ce66.75435100.pdf,,2026-07-22T13:11:18Z,
Sikkim,"Audit Report on Economic, Revenue & General Sectors 2017-18 Sikkim",,Compliance,Finance,2017-18,https://cag.gov.in/en/audit-report/details/52723,/webroot/uploads/download_audit_report/2019/Report_No_2_of_2019_Economic_Revenue_&_General_Sector_Government_of_Sikkim.pdf,,2026-07-22T13:11:45Z,
Sikkim,State Finances Audit Report 2017-18 Sikkim,,Financial,Finance,2017-18,https://cag.gov.in/en/audit-report/details/52644,/webroot/uploads/download_audit_report/2019/Report_No_1_of_2019_State_Finances_Government_of_Sikkim.pdf,,2026-07-22T13:11:50Z,
Sikkim,"Audit Report on Social, Economic, Revenue & General Sectors 2016-17 Sikkim",,Compliance,General Sector Ministries and Constitutional Bodies,2016-17,https://cag.gov.in/en/audit-report/details/46069,/webroot/uploads/download_audit_report/2018/Report_No_1_of_2018_-_Social__Economic__Revenue_and_General_Sectors_Government_of_Sikkim.pdf,,2026-07-22T13:12:27Z,
Sikkim,State Finances Audit Report 2016-17 Sikkim,,Financial,Finance,2016-17,https://cag.gov.in/en/audit-report/details/45123,/webroot/uploads/download_audit_report/2017/Report_No_2_of_2017_-_State_Finances_Government_of_Sikkim.pdf,,2026-07-22T13:12:59Z,
Sikkim,Performance Audit Report on Sikkim State Lotteries 2015-16 Sikkim,,Performance,Finance,2015-16,https://cag.gov.in/en/audit-report/details/42646,/webroot/uploads/download_audit_report/2017/Report_No.1_of_2017_-_Performance_Audit_on_Sikkim_State_Lotteries_Government_of_Sikkim.pdf,,2026-07-22T13:13:07Z,
Sikkim,"Audit Report on Social, Economic & Revenue Sectors 2015-16 Sikkim",,Compliance,General Sector Ministries and Constitutional Bodies,2015-16,https://cag.gov.in/en/audit-report/details/28838,/webroot/uploads/download_audit_report/2017/Sikkim_Report_No_3_of_2016_SER_Sectors.pdf,,2026-07-22T13:13:28Z,
Sikkim,State Finances Audit Report 2015-16 Sikkim,,Financial,Finance,2015-16,https://cag.gov.in/en/audit-report/details/28830,/webroot/uploads/download_audit_report/2017/Report_No_2_of_2016_Sikkim_State_Finances.pdf,,2026-07-22T13:13:28Z,
Sikkim,"Audit Report on Social, Economic, Revenue & General Sectors 2014-15 Sikkim",,Compliance,Social Welfare,2014-15,https://cag.gov.in/en/audit-report/details/21250,/webroot/uploads/download_audit_report/2016/Sikkim_Social_Economic_Revenue_and_General_Sectors_Report_1_2016_0.pdf,,2026-07-22T13:14:37Z,
Sikkim,State Finances Audit Report 2014-15 Sikkim,,Financial,Finance,2014-15,https://cag.gov.in/en/audit-report/details/21240,/webroot/uploads/download_audit_report/2016/Sikkim_State_Finances_Report_2015_0.pdf,,2026-07-22T13:14:37Z,
Sikkim,State Finances Audit Report 2013-14 Sikkim,,Financial,Finance,2013-14,https://cag.gov.in/en/audit-report/details/8973,/webroot/uploads/download_audit_report/2015/Sikkim_State_Finance_2014.pdf,,2026-07-22T13:15:28Z,
Sikkim,"Audit Report on Social, Economic, Revenue & General Sectors 2013-14 Sikkim",,Compliance,"Art, Culture and Sports",2013-14,https://cag.gov.in/en/audit-report/details/8882,/webroot/uploads/download_audit_report/2015/Sikkim_Social_Economic_Revenue_General_1_2015.pdf,,2026-07-22T13:15:28Z,
Sikkim,State Finances Audit Report 2012-13 Sikkim,,Financial,Finance,2012-13,https://cag.gov.in/en/audit-report/details/8820,/webroot/uploads/download_audit_report/2014/Sikkim_State_Finance_2012_13.pdf,,2026-07-22T13:16:02Z,
Sikkim,"Audit Report on Social, Economic, Revenue & General Sectors 2012-13 Sikkim",,Compliance,Finance,2012-13,https://cag.gov.in/en/audit-report/details/8728,/webroot/uploads/download_audit_report/2014/Sikkim_Social_Economic_Revenue_General_1_2014.pdf,,2026-07-22T13:16:02Z,
Sikkim,"Audit Report on Social, Economic, Revenue & General Sectors 2011-12 Sikkim",,Compliance,Environment and Sustainable Development,2011-12,https://cag.gov.in/en/audit-report/details/8571,/webroot/uploads/download_audit_report/2013/Sikkim_Autonomous_Commercial_1_2013.pdf,,2026-07-22T13:30:56Z,
Sikkim,State Finances Audit Report 2011-12 Sikkim,,Financial,Finance,2011-12,https://cag.gov.in/en/audit-report/details/8406,/webroot/uploads/download_audit_report/2012/Sikkim_State_Finance_2012.pdf,,2026-07-22T13:41:58Z,
Sikkim,State Finances Audit Report 2010-11 Sikkim,,Financial,Finance,2010-11,https://cag.gov.in/en/audit-report/details/8331,/webroot/uploads/download_audit_report/2011/Sikkim_State_Finance_2011.pdf,,2026-07-22T13:42:32Z,
Sikkim,Audit Report on Impact of Implementation of Developmental Schemes in South District 2010-11 Sikkim,,Compliance,Local Bodies,2010-11,https://cag.gov.in/en/audit-report/details/8233,/webroot/uploads/download_audit_report/2011/Sikkim_Development_Schemes_3_2010-11dist.pdf,,2026-07-22T13:42:32Z,
Sikkim,Audit Report 2010-11 Sikkim,,,Local Bodies,2010-11,https://cag.gov.in/en/audit-report/details/8109,/webroot/uploads/download_audit_report/2011/Sikkim_Civil_2011.pdf,,2026-07-22T13:42:38Z,
Sikkim,State Finances Audit Report 2009-10 Sikkim,,Financial,Finance,2009-10,https://cag.gov.in/en/audit-report/details/7996,/webroot/uploads/download_audit_report/2010/SFAR 2009-10 Sikkim-062c7b6ae4ac711.24641726.pdf,,2026-07-22T13:43:25Z,
Sikkim,Audit Report 2009-10 Sikkim,,,Finance,2009-10,https://cag.gov.in/en/audit-report/details/7951,/webroot/uploads/download_audit_report/2010/Sikkim_Civil_2010.pdf,,2026-07-22T13:43:25Z,
Sikkim,State Finances Audit Report 2008-09 Sikkim,,Financial,Finance,2008-09,https://cag.gov.in/en/audit-report/details/7942,/webroot/uploads/download_audit_report/2009/Sikkim_State_Finance_2009.pdf,,2026-07-22T13:44:15Z,
Sikkim,Audit Report 2008-09 Sikkim,,,Environment and Sustainable Development,2008-09,https://cag.gov.in/en/audit-report/details/7884,/webroot/uploads/download_audit_report/2009/Sikkim_Civil_2009.pdf,,2026-07-22T13:44:15Z,
Tamil Nadu,Report of the Comptroller and Auditor General of India on State Revenues for the period ended March 2023 (Tamil),,Financial,Finance,2022-23,https://cag.gov.in/en/audit-report/details/123412,/webroot/uploads/download_audit_report/2025/Report-7-of-2025-Bond-copy-of-CA-Report-2022-23-Tamil-069984bbf50d468.76002592.pdf,,2026-07-22T13:05:21Z,
Tamil Nadu,Report of the Comptroller and Auditor General of India on State Revenues for the period ended March 2023,,Financial,Finance,2022-23,https://cag.gov.in/en/audit-report/details/123411,/webroot/uploads/download_audit_report/2025/Report-7-of-2025-Bond-copy-of-CA-Report-2022-23-English-069984b84e27418.73235828.pdf,,2026-07-22T13:05:21Z,
Tamil Nadu,Report No. 2 of 2025 - Report of the Comptroller and Auditor General of India on State Finances for the year 2023-24 (Tamil),,Financial,Finance,2023-24,https://cag.gov.in/en/audit-report/details/122037,/webroot/uploads/download_audit_report/2025/Tamil-SFAR-2023-24-068f7066f339602.10032583.pdf,,2026-07-22T13:05:34Z,2/2025
Tamil Nadu,Report No. 2 of the Year 2025 - Report of the Comptroller and Auditor General of India on State Finances for the year 2023-24,,Financial,Finance,2023-24,https://cag.gov.in/en/audit-report/details/122036,/webroot/uploads/download_audit_report/2025/English-SFAR-2023-24-068f705991fcd54.32361460.pdf,,2026-07-22T13:05:34Z,
Tamil Nadu,Report No 1 of 2025 - Compliance Audit (Civil) Report for the year ended March 2023 - Tamil,,Compliance,Finance,2022-23,https://cag.gov.in/en/audit-report/details/121537,/webroot/uploads/download_audit_report/2025/CAG's-Report-Compliance-Audit-1-of-2025-Tamil-06810bbb3b6a887.88265101.pdf,,2026-07-22T13:05:37Z,1/2025
Tamil Nadu,Report No 1 of 2025 - Compliance Audit (Civil) Report for the year ended March 2023,,Compliance,Finance,2022-23,https://cag.gov.in/en/audit-report/details/121536,/webroot/uploads/download_audit_report/2025/CAG's-Report-Compliance-Audit-1-of-2025-English-06810bb45d162d4.01775677.pdf,,2026-07-22T13:05:37Z,1/2025
Tamil Nadu,Report of the Comptroller and Auditor General of India - Compliance Audit (Revenue) - Tamil - Report No. 4 of 2024,,Compliance,Taxes and Duties,2023-24,https://cag.gov.in/en/audit-report/details/119774,/webroot/uploads/download_audit_report/2024/Reports-Revenue-Tamil-4-2024-06683da018bfe13.65569400.pdf,,2026-07-22T13:07:04Z,4/2024
Tamil Nadu,Report of the Comptroller and Auditor General of India  - Compliance Audit (Revenue) - Report No. 4 of 2024,,Compliance,Taxes and Duties,2023-24,https://cag.gov.in/en/audit-report/details/119773,/webroot/uploads/download_audit_report/2024/Revenue-report-4-2024-06683d9af5f16a2.59212214.pdf,,2026-07-22T13:07:04Z,4/2024
Tamil Nadu,Report of the Comptroller & Auditor General of India - Performance Audit on Welfare of Building and Other Construction workers - Report No. 3 of the year 2024 (Tamil),,Performance,Social Welfare,2023-24,https://cag.gov.in/en/audit-report/details/119771,/webroot/uploads/download_audit_report/2024/Report-No-3-of-2024-Welfare-of-Building-Tamil-0668286d671de57.93583562.pdf,,2026-07-22T13:07:04Z,
Tamil Nadu,Report of the Comptroller and Auditor General of India - Performance Audit on Welfare of Building and Other Construction Workers - Report No.3 of the year 2024,,Performance,Social Welfare,2023-24,https://cag.gov.in/en/audit-report/details/119757,/webroot/uploads/download_audit_report/2024/Report-No-3-of-2024-Labour-Cess-English-066826f742ed780.59836690.pdf,,2026-07-22T13:07:04Z,
Tamil Nadu,State Finances Audit Report of the Comptroller and Auditor General of India for the year ended March 2023 (Tamil) - Report No. 02 of 2024,,Financial,,2022-23,https://cag.gov.in/en/audit-report/details/121054,/webroot/uploads/download_audit_report/2023/Report-No-2-of-2024-SFAR-Tamil-0675956d56c5f56.42736176.pdf,,2026-07-22T13:07:15Z,02/2024
Tamil Nadu,State Finances Audit Report of the Comptroller and Auditor General of India for the year ended March 2023 - Report No. 02 of 2024,,Financial,,2022-23,https://cag.gov.in/en/audit-report/details/121041,/webroot/uploads/download_audit_report/2023/Report-No-2-of-2024-SFAR-English-0675955f21ba460.87039330.pdf,,2026-07-22T13:07:15Z,02/2024
Tamil Nadu,Report of the Comptroller and Auditor General of India - Performance Auditon Implementation of eProcurement system in Tamil Nadu - Report No. 4 of 2023 (Tamil),,,Science and Technology,2022-23,https://cag.gov.in/en/audit-report/details/119772,/webroot/uploads/download_audit_report/2023/Report-No-4-of-2023-eProcurement-Tamil-0668287ad692933.33855092.pdf,,2026-07-22T13:07:28Z,4/2023
Tamil Nadu,Report of the Comptroller and Auditor General of India - Performance Audit on Implementation of eProcurement system in Tamil Nadu - Report No. 4 of the year 2023,,Performance,Science and Technology,2022-23,https://cag.gov.in/en/audit-report/details/119744,/webroot/uploads/download_audit_report/2023/Report-No-4-of-2023-eProcurement-English-0668269bb4dda56.82968764.pdf,,2026-07-22T13:07:28Z,
Tamil Nadu,Report of the Comptroller and Auditor General of India - Performance Audit on Public Health Infrastructure and Management of Health Services (Tamil) - Report No. 05 of 2024,,Performance,Social Infrastructure,2021-22,https://cag.gov.in/en/audit-report/details/121084,/webroot/uploads/download_audit_report/2022/Report-No-5-of-2024-Health-Tamil-0675959bc0733d1.16422723.pdf,,2026-07-22T13:08:06Z,05/2024
Tamil Nadu,Report of the Comptroller and Auditor General of India - Performance Audit on Public Health Infrastructure and Management of Health Services - Report No. 05 of 2024,,Performance,Social Infrastructure,2021-22,https://cag.gov.in/en/audit-report/details/121067,/webroot/uploads/download_audit_report/2022/Report-No.-5-of-2024-069d631d023d5f4.89539046.pdf,,2026-07-22T13:08:06Z,05/2024
Tamil Nadu,Report of the Comptroller and Auditor General of India Compliance Audit (Local Government) for the year ended March 2022 (Tamil) - Report No. 01 of 2024,,Compliance,Local Bodies,2021-22,https://cag.gov.in/en/audit-report/details/121029,/webroot/uploads/download_audit_report/2022/Report-No-1-of-2024-LG-Tamil-0675954c52dea23.30166401.pdf,,2026-07-22T13:08:06Z,01/2024
Tamil Nadu,Report of the Comptroller and Auditor General of India Compliance Audit (Local Government) for the year ended March 2022 - Report No. 01 of 2024,,Compliance,Local Bodies,2021-22,https://cag.gov.in/en/audit-report/details/121017,/webroot/uploads/download_audit_report/2024/Report-No-1-of-2024-LG-English-067595323450879.78224641.pdf,,2026-07-22T13:08:06Z,01/2024
Tamil Nadu,Report of Comptroller and Auditor General of India - General Purpose Financial Report for the year ended 31 March 2022(Public Sector Undertakings) - Report No. 6 of 2024,,Financial,Finance,2021-22,https://cag.gov.in/en/audit-report/details/121016,/webroot/uploads/download_audit_report/2022/Report-of-Comptroller-and-Auditor-General-of-India---General-Purpose-Financial-Report-for-the-year-ended-31-March-2022(Public-Sector-Undertakings)---Report-No.-6-of-2024-0675854c5321468.20779840.pdf,,2026-07-22T13:08:06Z,6/2024
Tamil Nadu,Report of Comptroller and Auditor General of India - Compliance Audit for the period ended March 2022 - Report No. 7 of 2024(Compliance Audit - Civil & Commercial),,Compliance,Power & Energy,2021-22,https://cag.gov.in/en/audit-report/details/121015,/webroot/uploads/download_audit_report/2022/Report-of-Comptroller-and-Auditor-General-of-India---Compliance-Audit-for-the-period-ended-March-2022---Report-No.-7-of-2024(Compliance-Audit---Civil-&-Commercial)-067585345919745.32497038.pdf,,2026-07-22T13:08:06Z,7/2024
Tamil Nadu,Compliance Audit Report (Expenditure) - Government of Tamil Nadu Report No. 5 of 2023 (Tamil),,Compliance,Finance,2021-22,https://cag.gov.in/en/audit-report/details/119492,/webroot/uploads/download_audit_report/2022/Report-No.-5-of-2023-Compliance-Audit-2021-22-Tamil-06527867fb51b85.76042530.pdf,,2026-07-22T13:08:15Z,5/2023
Tamil Nadu,Compliance Audit Report (Expenditure) - Government of Tamil Nadu Report No. 5 of 2023 (English),,Compliance,Finance,2021-22,https://cag.gov.in/en/audit-report/details/119491,/webroot/uploads/download_audit_report/2022/Report-No.-5-of-2023-Compliance-Audit-2021-22-English-06527860590ae46.74723095.pdf,,2026-07-22T13:08:15Z,5/2023
Tamil Nadu,Performance Audit Report on Integrated Financial and Human Resource Management System - Report No.3 of 2023 (Tamil),,Performance,Finance,2021-22,https://cag.gov.in/en/audit-report/details/119490,/webroot/uploads/download_audit_report/2022/Report-No.-3-of-2023-Performance-Audit-on-IFHRMS-Tamil-065278522d89142.41991638.pdf,,2026-07-22T13:08:19Z,3/2023
Tamil Nadu,Performance Audit Report on Integrated Financial and Human Resource Management System - Report No.3 of 2023 (English),,Performance,Finance,2021-22,https://cag.gov.in/en/audit-report/details/119489,/webroot/uploads/download_audit_report/2022/Report-No.-3-of-2023-Performance-Audit-on-IFHRMS-English-065278487b58286.08147117.pdf,,2026-07-22T13:08:19Z,3/2023
Tamil Nadu,Report No. 10 of 2022- Report of the Comptroller and Auditor General of India- Performance Audit on Functioning of Government Secondary and Higher Secondary Educational Institutions (Tamil),,Performance,"Education, Health & Family Welfare",2021-22,https://cag.gov.in/en/audit-report/details/118803,/webroot/uploads/download_audit_report/2022/Report-No-10-of-2022-School-Education-2020-21-Tamil-06448f55f479fb1.38653463.pdf,,2026-07-22T13:08:24Z,10/2022
Tamil Nadu,Report No.1 of 2023- State Finances Audit Report of the Comptroller and Auditor General of India for the year ended March 2022 (Tamil),,Financial,Finance,2021-22,https://cag.gov.in/en/audit-report/details/118802,/webroot/uploads/download_audit_report/2022/Report-No-1-of-2023-SFAR-2021-22-Tamil-06448f425c02372.01528003.pdf,,2026-07-22T13:08:24Z,1/2023
Tamil Nadu,Report No.6 of 2022- Report of the Comptroller and Auditor General of India Performance Audit on implementation of Pradhan Mantri Awaas Yojana-Gramin,,Performance,Social Welfare,2020-21,https://cag.gov.in/en/audit-report/details/118797,/webroot/uploads/download_audit_report/2021/Report-No-6-of-2022-PMAY-G-2020-21-English-064427d5a33aa49.69300243.pdf,,2026-07-22T13:08:24Z,6/2022
Tamil Nadu,Report No. 10 of 2022- Report of the Comptroller and Auditor General of India- Performance Audit on Functioning of Government Secondary and Higher Secondary Educational Institutions,,Performance,"Education, Health & Family Welfare",2021-22,https://cag.gov.in/en/audit-report/details/118795,/webroot/uploads/download_audit_report/2022/Report-No-10-of-2022-School-Education-2020-21-English-064427c54a43990.22472310.pdf,,2026-07-22T13:08:24Z,10/2022
Tamil Nadu,Report No.1 of 2023- State Finances Audit Report of the Comptroller and Auditor General of India for the year ended March 2022,,Financial,Finance,2021-22,https://cag.gov.in/en/audit-report/details/118794,/webroot/uploads/download_audit_report/2022/Report-No-1-of-2023-SFAR-2021-22-English-064427b15354d25.22521160.pdf,,2026-07-22T13:08:24Z,1/2023
Tamil Nadu,"Report No.2 of the year 2023 - Performance Audit on Housing for Urban Poor(Tamil), Government of Tamil Nadu",,Performance,Local Bodies,2020-21,https://cag.gov.in/en/audit-report/details/119488,/webroot/uploads/download_audit_report/2021/Government-of-Tamil-Nadu-Report-No.2-of-the-year-2023---Performance-Audit-on-Housing-for-Urban-Poor-(Tamil)-065269051922cd6.52717346.pdf,,2026-07-22T13:09:11Z,
Tamil Nadu,"Report No.2 of the year 2023 - Performance Audit on Housing for Urban Poor, Government of Tamil Nadu",,Performance,Local Bodies,2020-21,https://cag.gov.in/en/audit-report/details/119486,/webroot/uploads/download_audit_report/2021/Government-of-Tamil-Nadu-Report-No.2-of-the-year-2023---Performance-Audit-on-Housing-for-Urban-Poor-(English)-065268212d8ea65.98788120.pdf,,2026-07-22T13:09:11Z,
Tamil Nadu,Report No 7 of 2022- Compliance Audit- Report of the Comptroller and Auditor General of India for the year ended 2021 (Tamil),,Compliance,General Sector Ministries and Constitutional Bodies,2020-21,https://cag.gov.in/en/audit-report/details/119188,/webroot/uploads/download_audit_report/2021/AR-GSSA-2020-21-Tamil-064dc99a0e6dc03.96614622.pdf,,2026-07-22T13:09:11Z,7/2022
Tamil Nadu,Report No.6 of 2022- Report of the Comptroller and Auditor General of India Performance Audit on implementation of Pradhan Mantri Awaas Yojana-Gramin (Tamil),,Performance,Social Welfare,2020-21,https://cag.gov.in/en/audit-report/details/118805,/webroot/uploads/download_audit_report/2021/Report-No-6-of-2022-PMAY-G-2020-21-Tamil-06448f9125e16c5.36816309.pdf,,2026-07-22T13:09:11Z,6/2022
Tamil Nadu,Report No.8 of 2022- Report of the Comptroller and Auditor General of India Compliance Audit (Revenue) for the year ended 31 March 2021 (Tamil),,Compliance,Taxes and Duties,2020-21,https://cag.gov.in/en/audit-report/details/118804,/webroot/uploads/download_audit_report/2021/Report-No-8-of-2022-Revenue-Report-2020-21-Tamil-06448f63b5a92f9.98505644.pdf,,2026-07-22T13:09:11Z,8/2022
Tamil Nadu,"Report No. 11 of 2022- Performance Audit on Construction and Maintenance of Roads by State Highways Dept, Government of Tamil Nadu",,Performance,,2020-21,https://cag.gov.in/en/audit-report/details/118800,/webroot/uploads/download_audit_report/2021/Highways_English-Report-064427efeddab21.39484746.pdf,,2026-07-22T13:09:11Z,11/2022
Tamil Nadu,Report No.8 of 2022- Report of the Comptroller and Auditor General of India Compliance Audit (Revenue) for the year ended 31 March 2021,,Compliance,Taxes and Duties,2020-21,https://cag.gov.in/en/audit-report/details/118799,/webroot/uploads/download_audit_report/2021/Report-No-8-of-2022-Revenue-Report-2020-21-English-064427ebc509ff9.87362512.pdf,,2026-07-22T13:09:15Z,8/2022
Tamil Nadu,"Report No. 12 of 2022- Performance Audit on Tamil Nadu Cements Corporation Limited 2021,Government of Tamil Nadu",,Performance,,2020-21,https://cag.gov.in/en/audit-report/details/118798,/webroot/uploads/download_audit_report/2021/TANCEM-MERGED-064427df294b896.65116142.pdf,,2026-07-22T13:09:15Z,12/2022
Tamil Nadu,"Report No. 9 of 2022- Compliance Audit  for the year ended March 2021, Government of Tamil Nadu",,Compliance,,2020-21,https://cag.gov.in/en/audit-report/details/118796,/webroot/uploads/download_audit_report/2021/English-Compliance-Audit-Report-No-9_Final_V.15-064427cd49c7f50.40120115.pdf,,2026-07-22T13:09:15Z,9/2022
Tamil Nadu,Report No. 3 of 2022: Performance Audit on Land Records Management in Tamil Nadu (Tamil),,Performance,Social Infrastructure,2020-21,https://cag.gov.in/en/audit-report/details/117922,/webroot/uploads/download_audit_report/2021/CAG's-Report--PA-on-Land-Records-Management-Tamil-063c51c0ae5fa26.60503348.pdf,,2026-07-22T13:09:21Z,3/2022
Tamil Nadu,"Report No. 3 of 2022 - Performance Audit on Land Records Management in Tamil Nadu, Government of Tamil Nadu.",,Performance,Social Infrastructure,2020-21,https://cag.gov.in/en/audit-report/details/117921,/webroot/uploads/download_audit_report/2021/CAG's-Report--PA-on-Land-Records-Management-063c51a696eecd1.76924482.pdf,,2026-07-22T13:09:21Z,3/2022
Tamil Nadu,Report No. 1 of 2022- State Finance Audit Report of the Comptroller and Auditor General of India,,Financial,Finance,2020-21,https://cag.gov.in/en/audit-report/details/117579,/webroot/uploads/download_audit_report/2021/State-Finances-English-Report_webhosting-0635289b1e818a4.30600857.pdf,,2026-07-22T13:09:21Z,1/2022
Tamil Nadu,Report No. 7 of 2022- Compliance Audit for the year ended March 2021,,Compliance,Agriculture and Rural Development,2020-21,https://cag.gov.in/en/audit-report/details/117577,/webroot/uploads/download_audit_report/2021/Compliance-Audit-(Expenditure)-English-Report_web-hosting-063528718e32177.36688292.pdf,,2026-07-22T13:09:21Z,7/2022
Tamil Nadu,"Report No.5 of 2021 - General Purpose Financial Report (PSUs), Government of Tamil Nadu",,Financial,Finance,2020-21,https://cag.gov.in/en/audit-report/details/116198,/webroot/uploads/download_audit_report/2021/PSU AR GPFR English 2020-0627a859a7f9018.24796051.pdf,,2026-07-22T13:09:30Z,5/2021
Tamil Nadu,Report No. 7 of 2021-Performance of Tamil Nadu Generation and Distribution Corporation Limited during pre and post Ujwal DISCOM Assurance Yojana,,,Power & Energy,2020-21,https://cag.gov.in/en/audit-report/details/116197,/webroot/uploads/download_audit_report/2021/PSU AR UDAY 2020 English-0627a84b76c1df0.06084143.pdf,,2026-07-22T13:09:30Z,7/2021
Tamil Nadu,Report No. 4 of 2021- State Finances  Government of Tamil Nadu,,Financial,Finance,2020-21,https://cag.gov.in/en/audit-report/details/115403,/webroot/uploads/download_audit_report/2021/SFAR - 2019-20-061dbff08d26f09.85133312.pdf,,2026-07-22T13:09:44Z,4/2021
Tamil Nadu,Government of Tamil Nadu Report No. 3 of the year 2021 - Compliance Audit Report of the Comptroller and Auditor General of India for the year ended March 2020,,Compliance,Agriculture and Rural Development,2019-20,https://cag.gov.in/en/audit-report/details/114346,/webroot/uploads/download_audit_report/2020/English version of Audit Report 2019-20 Compliance Audit - Tamil Nadu-0614035946a4512.47613892.pdf,,2026-07-22T13:10:13Z,
Tamil Nadu,Government of Tamil Nadu Report No. 2 of the year 2021 – Public Sector Undertakings Audit Report of the Comptroller and Auditor General of India for the year ended 31 March 2019,,Compliance,Power & Energy,2018-19,https://cag.gov.in/en/audit-report/details/113964,/webroot/uploads/download_audit_report/2019/Report-No2-2021-PSUTN-060d47ae0563717.75179999.pdf,,2026-07-22T13:10:17Z,
Tamil Nadu,"Government of Tamil Nadu Report No. 4 of 2022- IT Audit of STAR 2.0 Application in the Registration Department, Tamil Nadu",,,Finance,2019-20,https://cag.gov.in/en/audit-report/details/118801,/webroot/uploads/download_audit_report/2020/IT-AUDIT-OF-STAR-Report-No.4_English_V.15-064428123030c20.94458294.pdf,,2026-07-22T13:10:21Z,4/2022
Tamil Nadu,Report No. 2 of 2022- Compliance Audit (Revenue) for the year ended 31 March 2020,,Compliance,Taxes and Duties,2019-20,https://cag.gov.in/en/audit-report/details/117578,/webroot/uploads/download_audit_report/2020/Compliance-Audit-(Revenue)-English-Report_webhosting-0635288d7732559.35906678.pdf,,2026-07-22T13:10:30Z,2/2022
Tamil Nadu,"Report No. 5 of the Year 2022 - Performance Audit on Outcomes in Surface Irrigation in Tamil Nadu for the year ended March 2020, Government of Tamil Nadu",,Performance,Social Infrastructure,2019-20,https://cag.gov.in/en/audit-report/details/117576,"/webroot/uploads/download_audit_report/2020/Report-No.-5-of-the-year-2022-Performance-Audit-on-Outcomes-in-Surface-Irrigation-in-Tamil-Nadu-for-the-year-ended-March-2022,-Government-of-Tamil-Nadu-06378b8b28f50e3.68129531.pdf",,2026-07-22T13:10:30Z,
Tamil Nadu,Government of Tamil Nadu- Report No.8 of 2021 - Performance Audit on the Implementation of 74th Constitutional Amendement- Report for the year ended March 2020,,Performance,Local Bodies,2019-20,https://cag.gov.in/en/audit-report/details/115657,/webroot/uploads/download_audit_report/2020/Performance Audit Report 74th CAA 2019-20 - English-0623c5bd2db8d77.63120388.pdf,,2026-07-22T13:10:33Z,8/2021
Tamil Nadu,Government of Tamil Nadu- Report No.6 of 2021 - Compliance Audit Report for the year ended March 2020,,Compliance,,2019-20,https://cag.gov.in/en/audit-report/details/115656,/webroot/uploads/download_audit_report/2020/Compliance-Audit-Report-2019-20-English-0623c51bb3eeb55.00602218.pdf,,2026-07-22T13:10:33Z,6/2021
Tamil Nadu,Government of Tamil Nadu Report No. 1 of 2021- Revenue and Economic Sector Report of the Comptroller and Auditor General of India on General for the year ended 31 March 2019,,,,2018-19,https://cag.gov.in/en/audit-report/details/114335,/webroot/uploads/download_audit_report/2019/TN_Revenue_Economic_12021-0614026dc4201f8.71897133.pdf,,2026-07-22T13:11:18Z,1/2021
Tamil Nadu,Report No. 3 of 2020 State Finance Audit Report for the year ended March 2019,,Financial,Finance,2018-19,https://cag.gov.in/en/audit-report/details/113967,/webroot/uploads/download_audit_report/2019/SFAR_English_2018-19-060d5bc9189f663.13922197.pdf,,2026-07-22T13:11:18Z,3/2020
Tamil Nadu,Report No. 4 of 2020- General and Social Sector Government of Tamil Nadu for the year ended March 2019,,,Local Bodies,2018-19,https://cag.gov.in/en/audit-report/details/113963,/webroot/uploads/download_audit_report/2019/AR-GSSA-2018-19 English-FULL-060d9b8b037c776.24588949.pdf,,2026-07-22T13:11:18Z,4/2020
Tamil Nadu,"Report No.2 of 2019 - Revenue Sector, Government of Tamil Nadu",,Financial,Taxes and Duties,2018-19,https://cag.gov.in/en/audit-report/details/112857,/webroot/uploads/download_audit_report/2019/revenue_sector_english-05f7aed95c4b6b1.42706092.pdf,,2026-07-22T13:11:22Z,2/2019
Tamil Nadu,"Report No.1 of 2019 - State Finance, Government of Tamil Nadu",,Financial,Finance,2018-19,https://cag.gov.in/en/audit-report/details/52391,/webroot/uploads/download_audit_report/2019/Report_No_1_of_2019_State_Finance_Government_of_Tamil_Nadu.pdf,,2026-07-22T13:11:50Z,1/2019
Tamil Nadu,Report No 1 of 2020- General and Social Sector- Report of the Comptroller and Auditor General of India for the year ended 2018 (Tamil),,,General Sector Ministries and Constitutional Bodies,2017-18,https://cag.gov.in/en/audit-report/details/119189,/webroot/uploads/download_audit_report/2018/AR-GSSA-2017-18-Tamil-064dcaf5ae25ca0.98649527.pdf,,2026-07-22T13:11:57Z,1/2020
Tamil Nadu,Report No. 1 of 2020 - General and Social Sector Audit Report for the year ended 31 March 2018,,,Local Bodies,2017-18,https://cag.gov.in/en/audit-report/details/113965,/webroot/uploads/download_audit_report/2018/AR 2017-18 GSSA Full report-060d9b7516a4034.01322849.pdf,,2026-07-22T13:11:57Z,1/2020
Tamil Nadu,Public Sector Undertakings Audit Report for the year ended 31 March 2018,,Compliance,Power & Energy,2017-18,https://cag.gov.in/en/audit-report/details/113962,/webroot/uploads/download_audit_report/2018/Report-No2-2020-PSUTN-060d47a09401235.98691622.pdf,,2026-07-22T13:11:57Z,
Tamil Nadu,Economic Sector Audit Report for the year ended 31 March 2018,,,,2017-18,https://cag.gov.in/en/audit-report/details/113961,/webroot/uploads/download_audit_report/2018/Report-No3- 2019-ESTN-060d473de147342.19944503.pdf,,2026-07-22T13:11:57Z,
Tamil Nadu,Report No.2 of 2018 - Revenue Sector Government of Tamil Nadu,,Financial,Finance,2017-18,https://cag.gov.in/en/audit-report/details/45917,/webroot/uploads/download_audit_report/2018/Report_No_2_of_2018_-_Revenue_Sector_Government_of_Tamil_Nadu.pdf,,2026-07-22T13:12:32Z,2/2018
Tamil Nadu,Report No.5 of 2017 - Public Sector Undertakings Government of Tamil Nadu,,Compliance,General Sector Ministries and Constitutional Bodies,2016-17,https://cag.gov.in/en/audit-report/details/46107,/webroot/uploads/download_audit_report/2017/Report_No_5_of_2017_-_Public_Sector_Undertakings_Government_of_Tamil_Nadu.pdf,,2026-07-22T13:12:55Z,5/2017
Tamil Nadu,Report No.7 of 2017 - Economic Sector Government of Tamil Nadu,,,Finance,2016-17,https://cag.gov.in/en/audit-report/details/45909,/webroot/uploads/download_audit_report/2017/Report_No_7_of_2017_-_Economic_Sector_Government_of_Tamil_Nadu.pdf,,2026-07-22T13:12:55Z,7/2017
Tamil Nadu,Report No.6 of 2017 - State Finances Government of Tamil Nadu,,Financial,Finance,2016-17,https://cag.gov.in/en/audit-report/details/45751,/webroot/uploads/download_audit_report/2017/Report_No_6_of_2017_-_State_Finances_Government_of_Tamil_Nadu_5.pdf,,2026-07-22T13:12:55Z,6/2017
Tamil Nadu,Report No.8 of 2017 - General and Social Sector Government of Tamil Nadu,,,General Sector Ministries and Constitutional Bodies,2016-17,https://cag.gov.in/en/audit-report/details/45744,/webroot/uploads/download_audit_report/2017/Report_No_8_of_2017_-_General_and_Social_Sector_Government_of_Tamil_Nadu.pdf,,2026-07-22T13:12:55Z,8/2017
Tamil Nadu,Report No.4 of 2017 - Performance Audit of Flood Management and Response in Chennai and its Suburban Areas Government of Tamil Nadu,,Performance,General Sector Ministries and Constitutional Bodies,2016-17,https://cag.gov.in/en/audit-report/details/45722,/webroot/uploads/download_audit_report/2017/Report_No_4_of_2017_-_Performance_Audit_of_Flood_Management_and_Response_in_Chennai_and_its_Suburban_Area.pdf,,2026-07-22T13:12:55Z,4/2017
Tamil Nadu,"Report No.7 of 2016 - Public Sector Undertakings, Government of Tamil Nadu",,Compliance,General Sector Ministries and Constitutional Bodies,2016-17,https://cag.gov.in/en/audit-report/details/32441,"/webroot/uploads/download_audit_report/2017/Report_No.7_of_2016_-_Public_Sector_Undertakings,_Government_of_Tamil_Nadu.pdf",,2026-07-22T13:13:15Z,7/2016
Tamil Nadu,Report No.1 of 2017 - Economic Sector Government of Tamil Nadu,,,Finance,2016-17,https://cag.gov.in/en/audit-report/details/32400,/webroot/uploads/download_audit_report/2017/Report_No.1_of_2017_-_Economic_Sector_Government_of_Tamil_Nadu.pdf,,2026-07-22T13:13:15Z,1/2017
Tamil Nadu,"Report No.2 of 2017 - Revenue Sector, Government of Tamil Nadu",,Financial,Finance,2016-17,https://cag.gov.in/en/audit-report/details/32349,/webroot/uploads/download_audit_report/2017/Report_No.2_of_2017_-_Revenue_Sector_Government_of_Tamil_Nadu_0.pdf,,2026-07-22T13:13:15Z,2/2017
Tamil Nadu,"Report No.6 of 2016 - State Finances, Government of Tamil Nadu",,Financial,Finance,2016-17,https://cag.gov.in/en/audit-report/details/31878,"/webroot/uploads/download_audit_report/2017/Report_No.6_of_2016_-_State_Finances,_Government_of_Tamil_Nadu.pdf",,2026-07-22T13:13:15Z,6/2016
Tamil Nadu,"Report No.3 of 2017 - General and Social Sector, Government of Tamil Nadu",,,General Sector Ministries and Constitutional Bodies,2016-17,https://cag.gov.in/en/audit-report/details/31871,"/webroot/uploads/download_audit_report/2017/Report_No.3_of_2017_-_General_and_Social_Sector,_Government_of_Tamil_Nadu.pdf",,2026-07-22T13:13:19Z,3/2017
Tamil Nadu,Report 1 of 2016 - GSS Tamil Nadu,,,Social Welfare,2016-17,https://cag.gov.in/en/audit-report/details/26699,/webroot/uploads/download_audit_report/2017/Tamil_Nadu_Report_1_of_2016_GSS.pdf,,2026-07-22T13:13:48Z,
Tamil Nadu,Tamil Nadu Report No 3 of 2016 - Local Bodies,,,Local Bodies,2016-17,https://cag.gov.in/en/audit-report/details/26662,/webroot/uploads/download_audit_report/2017/Tamil_Nadu_Report_3_of_2016_Local_Bodies.pdf,,2026-07-22T13:13:52Z,3/2016
Tamil Nadu,Tamil Nadu Report No 2 of 2016 - Revenue Sector,,Financial,Taxes and Duties,2015-16,https://cag.gov.in/en/audit-report/details/26518,/webroot/uploads/download_audit_report/2016/Tamil_Nadu_Report_2_of_2016_Revenue_Sector.pdf,,2026-07-22T13:14:11Z,2/2016
Tamil Nadu,Tamil Nadu Report 5 of 2016 - Economic Sector,,,Taxes and Duties,2015-16,https://cag.gov.in/en/audit-report/details/26508,/webroot/uploads/download_audit_report/2016/Tamil_Nadu_Report_5_of_2016_Economic_Sector.pdf,,2026-07-22T13:14:11Z,
Tamil Nadu,Report 4 of 2016 - PSUs Tamil Nadu,,,Industry and Commerce,2015-16,https://cag.gov.in/en/audit-report/details/26498,/webroot/uploads/download_audit_report/2016/Tamil_Nadu_Report_4_of_2016_PSUs.pdf,,2026-07-22T13:14:11Z,
Tamil Nadu,Report No.5 of 2015 : Report of the Comptroller and Auditor General of India (Local Bodies) for the year ended 31 March 2014,,,Local Bodies,2013-14,https://cag.gov.in/en/audit-report/details/118860,/webroot/uploads/download_audit_report/2015/AR-LB-2013-14-064b12b6c6bf1e5.67102679.pdf,,2026-07-22T13:14:57Z,5/2015
Tamil Nadu,Report No. 3 of 2015:  Report of the Comptroller and Auditor General of India on  General and Social Sector for the year ended March 2014,,,Agriculture and Rural Development,2013-14,https://cag.gov.in/en/audit-report/details/118858,/webroot/uploads/download_audit_report/2015/AR-GSSA-2013-14-064b129bd628118.99922763.pdf,,2026-07-22T13:14:57Z,3/2015
Tamil Nadu,Tamil Nadu State Finances Report 2014-15,,Financial,Finance,2014-15,https://cag.gov.in/en/audit-report/details/26707,/webroot/uploads/download_audit_report/2017/Tamil_Nadu_State_Finances_Report_2014_15.pdf,,2026-07-22T13:15:01Z,
Tamil Nadu,Report of 2014 – Report on State Finances  Government of Tamilnadu,,Financial,,2013-14,https://cag.gov.in/en/audit-report/details/9416,/webroot/uploads/download_audit_report/2014/Tamil_Nadu_State_Finance_2014.pdf,,2026-07-22T13:15:55Z,
Tamil Nadu,Report No. 4 of 2014 – Audit Report (General and Social Sector) Government of Tamilnadu,,,,2013-14,https://cag.gov.in/en/audit-report/details/9375,/webroot/uploads/download_audit_report/2014/Tamil_Nadu_General_Social_4_2014.pdf,,2026-07-22T13:15:55Z,4/2014
Tamil Nadu,Report No. 3 of 2014 –  Performance and Compliance Audit on Economic Sector of Government of Tamilnadu,,Compliance,,2013-14,https://cag.gov.in/en/audit-report/details/9348,/webroot/uploads/download_audit_report/2014/Tamil_Nadu_Economic_Sector_3_2014.pdf,,2026-07-22T13:15:59Z,3/2014
Tamil Nadu,Report No. 1 of 2014 –  Performance Audit on Public Sector Undertakings of Government of Tamilnadu,,Performance,,2013-14,https://cag.gov.in/en/audit-report/details/9277,/webroot/uploads/download_audit_report/2014/Tamil_Nadu_Public_Sector_Undertakings_1_2014.pdf,,2026-07-22T13:15:59Z,1/2014
Tamil Nadu,Report No 4 of 2014- General and Social Sector- Report of the Comptroller and Auditor General of India for the year ended 2014 (Tamil),,,General Sector Ministries and Constitutional Bodies,2012-13,https://cag.gov.in/en/audit-report/details/119183,/webroot/uploads/download_audit_report/2013/AR-GSSA-2012-13-Tamil-064dc9592769684.86871531.pdf,,2026-07-22T13:21:22Z,4/2014
Tamil Nadu,Report No. 3 of 2013 - Audit Report (General and  Social Sector) Government of Tamilnadu,,,Social Welfare,2012-13,https://cag.gov.in/en/audit-report/details/9162,/webroot/uploads/download_audit_report/2013/Tamil_Nadu_General_Social_3_2013.pdf,,2026-07-22T13:30:52Z,3/2013
Tamil Nadu,Report No. 2 of 2013 - Performance Audit on Public Sector Undertakings of Government of Tamilnadu,,Performance,,2012-13,https://cag.gov.in/en/audit-report/details/9111,/webroot/uploads/download_audit_report/2013/Tamil_Nadu_Public_Sector_Undertakings_2_2013.pdf,,2026-07-22T13:30:52Z,2/2013
Tamil Nadu,Report No. 1 of 2013 - Performance and Compliance Audit on Revenue Sector of Government of Tamilnadu,,Financial,Taxes and Duties,2012-13,https://cag.gov.in/en/audit-report/details/8961,/webroot/uploads/download_audit_report/2013/Tamil_Nadu_Revenue_1_2013.pdf,,2026-07-22T13:30:52Z,1/2013
Tamil Nadu,Report of 2012 – Financial Audit on State Finance of Government of Tamilnadu,,Financial,,2011-12,https://cag.gov.in/en/audit-report/details/8891,/webroot/uploads/download_audit_report/2012/Tamil_Nadu_State_Finance_2012.pdf,,2026-07-22T13:41:55Z,
Tamil Nadu,Report of 2011 – Financial Audit on State Finance of Government of Tamilnadu,,Financial,,2010-11,https://cag.gov.in/en/audit-report/details/8840,/webroot/uploads/download_audit_report/2011/Tamil_Nadu_State_Finance_2011.pdf,,2026-07-22T13:42:28Z,
Tamil Nadu,Report No. 3 of 2011 - Financial Audit on Revenue Receipts of Government of Tamilnadu,,Financial,,2010-11,https://cag.gov.in/en/audit-report/details/8763,/webroot/uploads/download_audit_report/2011/Tamil_Nadu_Revenue_Receipt_2011.pdf,,2026-07-22T13:42:28Z,3/2011
Tamil Nadu,Report No. 4 of 2011 - Performance Audit on Commercial of Government of Tamilnadu,,Performance,,2010-11,https://cag.gov.in/en/audit-report/details/8737,/webroot/uploads/download_audit_report/2011/Tamil_Nadu_Commercial_2011.pdf,,2026-07-22T13:42:28Z,4/2011
Tamil Nadu,Report No. 2 of 2011 - Performance  Audit on Civil of Government of Tamilnadu,,Performance,,2010-11,https://cag.gov.in/en/audit-report/details/8695,/webroot/uploads/download_audit_report/2011/Tamil_Nadu_Civil_2011.pdf,,2026-07-22T13:42:32Z,2/2011
Tamil Nadu,Report of 2010 – Financial Audit on State Finance of Government of Tamilnadu,,Financial,Finance,2009-10,https://cag.gov.in/en/audit-report/details/8666,/webroot/uploads/download_audit_report/2010/Tamil_Nadu_State_Finance_2010.pdf,,2026-07-22T13:43:18Z,
Tamil Nadu,Report of 2010 - Financial Audit on Revenue Receipts of Government of Tamilnadu,,Financial,,2009-10,https://cag.gov.in/en/audit-report/details/8637,/webroot/uploads/download_audit_report/2010/Tamil_Nadu_Revenue_Receipts_2010.pdf,,2026-07-22T13:43:18Z,
Tamil Nadu,Report of 2010 - Financial Audit on Revenue of Government of Tamilnadu,,Financial,,2009-10,https://cag.gov.in/en/audit-report/details/8618,/webroot/uploads/download_audit_report/2010/Tamil_Nadu_Revenue_2010.pdf,,2026-07-22T13:43:18Z,
Tamil Nadu,Report of 2010 - Performance Audit on Commercial of Government of Tamilnadu,,Performance,,2009-10,https://cag.gov.in/en/audit-report/details/8526,/webroot/uploads/download_audit_report/2010/TN_coml2010.pdf,,2026-07-22T13:43:18Z,
Tamil Nadu,Report of 2010 - Performance  Audit on Civil of Government of Tamilnadu,,Performance,,2009-10,https://cag.gov.in/en/audit-report/details/8441,/webroot/uploads/download_audit_report/2010/Tamil_Nadu_Civil_2010.pdf,,2026-07-22T13:43:25Z,
Tamil Nadu,Report of 2009 - Report  on  State Finances  Government of Tamilnadu,,Financial,Finance,2008-09,https://cag.gov.in/en/audit-report/details/8412,/webroot/uploads/download_audit_report/2009/Tamil_Nadu_State_Finance_2009.pdf,,2026-07-22T13:44:10Z,
Tamil Nadu,Report of 2009 - Financial Audit on Revenue of Government of Tamilnadu,,Financial,,2008-09,https://cag.gov.in/en/audit-report/details/8362,/webroot/uploads/download_audit_report/2009/Tamil_Nadu_Revenue_2009.pdf,,2026-07-22T13:44:10Z,
Tamil Nadu,Report of 2009 - Performance Audit on Commercial of Government of Tamilnadu,,Performance,,2008-09,https://cag.gov.in/en/audit-report/details/8302,/webroot/uploads/download_audit_report/2009/Tamil_Nadu_Commercial_2009.pdf,,2026-07-22T13:44:10Z,
Tamil Nadu,Report of 2009 -  Audit Report (Civil) Government of Tamilnadu,,,Industry and Commerce,2008-09,https://cag.gov.in/en/audit-report/details/8240,/webroot/uploads/download_audit_report/2009/Tamil_Nadu_Civil_2009.pdf,,2026-07-22T13:44:10Z,
Telangana,Report No. 3 of 2025 - Report of the Comptroller and Auditor General of India for the period ended March 2022 (Compliance Audit - Civil and Commercial),,Compliance,Local Bodies,2021-22,https://cag.gov.in/en/audit-report/details/125033,/webroot/uploads/download_audit_report/2025/Report-of-the-Comptroller-and-Auditor-General-of-India-for-the-period-ended-March-2022_-Compliance-Audit---Civil-and-Commercial_English-069ca28e4637b80.93319493.pdf,,2026-07-22T13:04:48Z,3/2025
Telangana,Report No. 5 of 2024 - Report of the Comptroller and Auditor General of India on Welfare of Building and Other Construction Workers for the year ended March 2022,,,General Sector Ministries and Constitutional Bodies,2021-22,https://cag.gov.in/en/audit-report/details/125018,/webroot/uploads/download_audit_report/2024/Report-of-the-Comptroller-and-Auditor-General-of-India-on-Welfare-of-Building-and-Other-Construction-Workers-for-the-year-ended-March-2022_English-069ca258d72fd18.11391005.pdf,,2026-07-22T13:05:42Z,5/2024
Telangana,Report No.1 of 2024_Performance Audit on Kaleshwaram Project,,,,2023-24,https://cag.gov.in/en/audit-report/details/119638,/webroot/uploads/download_audit_report/2024/Report-No.1-of-2024_Performance-Audit_Kaleshwaram-Project_Telangana_English-065cda719dffcf2.39619948.pdf,,2026-07-22T13:07:07Z,
Telangana,Report No. 4 of 2025_Report of the Comptroller and Auditor General of India on State Public Sector Enterprises for the period ended March 2023 (Compliance Audit- Commercial),,Compliance,Finance,2022-23,https://cag.gov.in/en/audit-report/details/124978,/webroot/uploads/download_audit_report/2023/01.-Report-of-the-CAG-on-SPSEs-for-the-period-ended-March-2023-069ca0776bea8b5.94542484.pdf,,2026-07-22T13:07:07Z,
Telangana,"Report No. 3 of 2024_State Finances Audit Report_Government of Telangana for the year ended 31st March, 2023",,,Finance,2022-23,https://cag.gov.in/en/audit-report/details/120154,/webroot/uploads/download_audit_report/2023/SFAR-2022-23-066ac73cc2b3128.13299627.pdf,,2026-07-22T13:07:15Z,
Telangana,"Report No. 2 of 2023 _State Finance Audit Report, Government of Telangana",,Financial,Finance,2022-23,https://cag.gov.in/en/audit-report/details/119639,/webroot/uploads/download_audit_report/2023/SFAR-English_22-23-065cf061f9f8133.21709580.pdf,,2026-07-22T13:07:28Z,2/2023
Telangana,Report No. 1 of 2025_ Report of the Comptroller and Auditor General of India on Local Bodies for the period ended March 2022 (Local Government),,Compliance,Local Bodies,2021-22,https://cag.gov.in/en/audit-report/details/124977,/webroot/uploads/download_audit_report/2022/Report-of-CAG-of-India-on-Local-Bodies-for-the-period-ended-March-2022-English-version-069ca3f440fd237.20233929.pdf,,2026-07-22T13:07:53Z,
Telangana,"Report No. 2 of 2024_Audit Report on Revenue Sector for the year ended 31st March, 2022",,Financial,,2021-22,https://cag.gov.in/en/audit-report/details/120153,/webroot/uploads/download_audit_report/2022/Revenue-Sector-Report_-2021-22-066ac786652b7d2.58905957.pdf,,2026-07-22T13:08:15Z,
Telangana,"Report No 4 of 2024 - Performance Audit on Public Health Infrastructure and Management of Health Services in Telangana State for the year ended March, 2022",,Performance,"Education, Health & Family Welfare",2021-22,https://cag.gov.in/en/audit-report/details/120152,/webroot/uploads/download_audit_report/2022/PA-PHMIS-ENGLISH-066ac6a43bfb790.63812312.pdf,,2026-07-22T13:08:15Z,4/2024
Telangana,"Report No. 3 of 2023 - Public Sector Undertakings, Government of Telangana",,Compliance,Finance,2021-22,https://cag.gov.in/en/audit-report/details/119622,"/webroot/uploads/download_audit_report/2022/English-Report-No.-3-of-2023---Public-Sector-Undertakings,-Government-of-Telangana-065d2d9359bb102.90441275.pdf",,2026-07-22T13:08:15Z,3/2023
Telangana,"Report No. 1 of 2022 -State Finance Audit Report, Government of Telangana",,Financial,Finance,2021-22,https://cag.gov.in/en/audit-report/details/115551,/webroot/uploads/download_audit_report/2022/English_SFAR 2020-21 Telangana State-062306ff046b713.86889709.pdf,,2026-07-22T13:09:06Z,1/2022
Telangana,Report No. 2 of 2022 -  Performance Audit of Implementation of 74th Constitutional Amendment Act in Telangana State,,Performance,Local Bodies,2020-21,https://cag.gov.in/en/audit-report/details/119665,/webroot/uploads/download_audit_report/2021/English-Version-065cdb19b26c9b0.76662983.pdf,,2026-07-22T13:09:11Z,2/2022
Telangana,Report No. 1 of 2023 - Performance Audit of Direct Benefit Transfer Scheme Aasara Pensions in Telangana,,Performance,Local Bodies,2020-21,https://cag.gov.in/en/audit-report/details/119664,/webroot/uploads/download_audit_report/2021/DBT-Aasara-Report_English-065cdb0c5e2b6f6.54080329.pdf,,2026-07-22T13:09:11Z,1/2023
Telangana,"Report No. 3 of 2022 - Revenue Sector, Government of Telangana",,Financial,,2020-21,https://cag.gov.in/en/audit-report/details/119654,/webroot/uploads/download_audit_report/2021/AR-(RS)-2019-21-ENGLISH-065cdaf4412d702.84292571.pdf,,2026-07-22T13:09:11Z,3/2022
Telangana,"Report No. 4 of 2022 - General, Social & Economic Sectors, Government of Telangana",,,,2020-21,https://cag.gov.in/en/audit-report/details/119623,/webroot/uploads/download_audit_report/2021/00_AR_NO_4_of_2022_GS&ES_Telangana_(Full-Report)-065cdd22152c8b9.04865773.pdf,,2026-07-22T13:09:11Z,4/2022
Telangana,"Report No. 1 of 2021 -State Finance Audit Report, Government of Telangana",,Financial,Finance,2020-21,https://cag.gov.in/en/audit-report/details/114065,/webroot/uploads/download_audit_report/2021/English_SFAR 2019-20 Telangana State-0622eea435a8313.67214654.pdf,,2026-07-22T13:10:17Z,1/2021
Telangana,"Report No. 4 of 2020 -State Finance Audit Report, Government of Telangana",,Financial,Finance,2019-20,https://cag.gov.in/en/audit-report/details/113658,/webroot/uploads/download_audit_report/2020/English_SFR_2018-19-0605d5fe71adc16.10276044.pdf,,2026-07-22T13:10:37Z,4/2020
Telangana,"Report No. 5 of 2020 - Public Sector Undertakings, Government of Telangana",,Compliance,,2019-20,https://cag.gov.in/en/audit-report/details/113649,/webroot/uploads/download_audit_report/2020/PSUs Audit Report 2018-19_English-0605c7b47c152e8.59051641.pdf,,2026-07-22T13:10:41Z,5/2020
Telangana,"Report No. 1 of 2020 - Economic Sector and Public Sector Undertakings, Government of Telangana",,Compliance,,2019-20,https://cag.gov.in/en/audit-report/details/113634,/webroot/uploads/download_audit_report/2020/AR-ES&PSUs_2017-18_TS_ENGLISH-0605c7776750426.67356973.pdf,,2026-07-22T13:10:41Z,1/2020
Telangana,"Report No. 6 of 2020 - Revenue Sector, Government of Telangana",,Financial,,2019-20,https://cag.gov.in/en/audit-report/details/113602,/webroot/uploads/download_audit_report/2020/AR (RS) 2018-19 ENGLISH-0605b2ee924e189.72864101.pdf,,2026-07-22T13:10:41Z,6/2020
Telangana,"Report No. 2 of 2020 - Revenue Sector, Government of Telangana",,Financial,,2019-20,https://cag.gov.in/en/audit-report/details/113590,/webroot/uploads/download_audit_report/2020/AR_Revenue Sector_2017-18_TS_English-0605b2c87dc8640.05963372.pdf,,2026-07-22T13:10:41Z,2/2020
Telangana,"Report No.7 of 2020 - General, Social and Economic Sectors, Government of Telangana",,,,2019-20,https://cag.gov.in/en/audit-report/details/113555,/webroot/uploads/download_audit_report/2020/GSSA English 19-0605c3c822ad8d3.00058868.pdf,,2026-07-22T13:10:41Z,7/2020
Telangana,"Report No.3 of 2020 - General and Social Sector, Government of Telangana",,,,2019-20,https://cag.gov.in/en/audit-report/details/113523,/webroot/uploads/download_audit_report/2020/English Book Final-0605b1fe6829009.32123342.pdf,,2026-07-22T13:10:41Z,3/2020
Telangana,"Report No.1 of 2019 - State Finance, Government of Telangana",,Financial,Finance,2018-19,https://cag.gov.in/en/audit-report/details/54600,/webroot/uploads/download_audit_report/2019/Report_No_1_of_2019_State_Finance_Government_of_Telangana_0.pdf,,2026-07-22T13:11:45Z,1/2019
Telangana,Report No.2 of 2018 - State Finances Government of Telangana,,Financial,Taxes and Duties,2017-18,https://cag.gov.in/en/audit-report/details/44929,/webroot/uploads/download_audit_report/2018/Report_No_2_of_2018_-_State_Finances_Government_of_Telangana.pdf,,2026-07-22T13:12:36Z,2/2018
Telangana,Report No.4 of 2018 - General & Social Sector Government of Telangana,,,General Sector Ministries and Constitutional Bodies,2017-18,https://cag.gov.in/en/audit-report/details/44921,/webroot/uploads/download_audit_report/2018/Report_No_4_of_2018_-_General_&_Social_Sector_Government_of_Telangana.pdf,,2026-07-22T13:12:36Z,4/2018
Telangana,Report No.5 of 2018 - Revenue Sector Government of Telangana,,Financial,Taxes and Duties,2017-18,https://cag.gov.in/en/audit-report/details/44911,/webroot/uploads/download_audit_report/2018/Report_No_5_of_2018_-_Revenue_Sector_Government_of_Telangana.pdf,,2026-07-22T13:12:36Z,5/2018
Telangana,Report no 6 of 2018 Economic Sector Government of Telangana,,,,2017-18,https://cag.gov.in/en/audit-report/details/44634,/webroot/uploads/download_audit_report/2018/Telangana_Economic Sector_AR 2016-17_English_Full Report.pdf,,2026-07-22T13:12:40Z,6/2018
Telangana,Report No.3 of 2018 - Local Bodies Government of Telangana,,,Local Bodies,2017-18,https://cag.gov.in/en/audit-report/details/44426,/webroot/uploads/download_audit_report/2018/Local Bodies AR 2016-17 Full Report.pdf,,2026-07-22T13:12:40Z,3/2018
Telangana,Report No.1 of 2018 - Public sector undertakings Govt of Telangana,,Compliance,Power & Energy,2017-18,https://cag.gov.in/en/audit-report/details/44234,/webroot/uploads/download_audit_report/2018/AR PSUs TS 2016-17 single file.pdf,,2026-07-22T13:12:40Z,1/2018
Telangana,Report No 6 of 2016 - Revenue Sector Telangana,,Financial,Taxes and Duties,2016-17,https://cag.gov.in/en/audit-report/details/28695,/webroot/uploads/download_audit_report/2017/Telangana_Report_No_6_of_2016_on_Revenue_Sector.pdf,,2026-07-22T13:13:32Z,6/2016
Telangana,Report No 3 of 2017 - State Finances Telangana,,Financial,Finance,2016-17,https://cag.gov.in/en/audit-report/details/28117,/webroot/uploads/download_audit_report/2017/Report_No_3_of_2017_Telangana_State_Finances.pdf,,2026-07-22T13:13:44Z,3/2017
Telangana,Report No 2 of 2017 - Public Sector Undertakings Telangana,,Compliance,Power & Energy,2016-17,https://cag.gov.in/en/audit-report/details/28668,/webroot/uploads/download_audit_report/2017/Telangana_Report_No_2_of_2017_on_Public_Sector_Undertakings.pdf,,2026-07-22T13:13:32Z,2/2017
Telangana,Report No 8 of 2016 - Local Bodies Telangana,,,Local Bodies,2016-17,https://cag.gov.in/en/audit-report/details/28652,/webroot/uploads/download_audit_report/2017/Telangana_Report_No_8_of_2016_on_Local_Bodies.pdf,,2026-07-22T13:13:32Z,8/2016
Telangana,Report No 8 of 2016 - Local BodiesTelangana,,,Local Bodies,2016-17,https://cag.gov.in/en/audit-report/details/28124,/webroot/uploads/download_audit_report/2017/Report_No_8_of_2016_Telangana_LB.pdf,,2026-07-22T13:13:44Z,8/2016
Telangana,Report No 1 of 2017 - Telangana General and Social Sector,,,Social Welfare,2016-17,https://cag.gov.in/en/audit-report/details/28085,/webroot/uploads/download_audit_report/2017/Report_No_1_of_2017_Telangana_GSS.pdf,,2026-07-22T13:13:48Z,1/2017
Telangana,Report No 7 of 2016 - Economic Sector Telangana,,,Transport & Infrastructure,2015-16,https://cag.gov.in/en/audit-report/details/28798,/webroot/uploads/download_audit_report/2016/Telangana_Report_No_7_of_2016_on_Economic_Sector.pdf,,2026-07-22T13:14:04Z,7/2016
Telangana,Report No 1 of 2016 - Revenue Sector Government of Telangana,,Financial,Taxes and Duties,2015-16,https://cag.gov.in/en/audit-report/details/20581,/webroot/uploads/download_audit_report/2016/Telangana_Revenue_Sector_Report_1_2016.pdf,,2026-07-22T13:14:45Z,1/2016
Telangana,Report No 3 of 2016 - Economic Sector Government of Telangana,,,Agriculture and Rural Development,2015-16,https://cag.gov.in/en/audit-report/details/20376,/webroot/uploads/download_audit_report/2016/Telangana_Economic_Sector_Report_3_2016.pdf,,2026-07-22T13:14:45Z,3/2016
Telangana,Report No 5 of 2016 - Public Sector Undertakings Government of Telangana,,Compliance,Finance,2015-16,https://cag.gov.in/en/audit-report/details/20294,/webroot/uploads/download_audit_report/2016/Report_No_5_of_2016_Public_Sector_Undertakings_Government_of_Telangana.pdf,,2026-07-22T13:14:49Z,5/2016
Telangana,Report No 4 of 2016 - General  and Social Sector Government of Telangana,,,General Sector Ministries and Constitutional Bodies,2015-16,https://cag.gov.in/en/audit-report/details/20284,/webroot/uploads/download_audit_report/2016/Report_No_4_of_2016_General_and_Social_Sector_Government_of_Telangana.pdf,,2026-07-22T13:14:49Z,4/2016
Telangana,Report No 2 of 2016 - Local Bodies Government of Telangana,,,Local Bodies,2015-16,https://cag.gov.in/en/audit-report/details/20273,/webroot/uploads/download_audit_report/2016/Report No 2 of 2016 - Local Bodies Government of Telangana.pdf,,2026-07-22T13:14:49Z,2/2016
Tripura,"Report No. 2 of 2025- Report of the Comptroller and Auditor General of India on Social, Economic, Revenue and General Sectors for the year ended 31 March 2024, Government of Tripura",,,,2023-24,https://cag.gov.in/en/audit-report/details/125131,/webroot/uploads/download_audit_report/2025/Report-No.-2-of-2025-Tripura-(for-the-year-ended-31-March-2024)-069ccc4cc771209.86109853.pdf,,2026-07-22T13:04:45Z,2/2025
Tripura,Report of the Comptroller and Auditor General of India on State Finances for the year 2023-24,,Financial,,2023-24,https://cag.gov.in/en/audit-report/details/124621,/webroot/uploads/download_audit_report/2025/Report-No.-1-of-2025_SFAR-2023-24-Tripura-(06-06-2025)-069bbe8e1a087a9.43416176.pdf,,2026-07-22T13:04:52Z,
Tripura,"Report of the Comptroller and  Auditor General of India  on  Social, Economic and Revenue Sectors  for the year ended 31 March 2023",,,,2022-23,https://cag.gov.in/en/audit-report/details/123436,/webroot/uploads/download_audit_report/2024/Report-No.-2-of-2024_AR-2022-23-Tripura-(30-01-2025)-06901ad5ae076a5.43406963.pdf,,2026-07-22T13:06:12Z,
Tripura,"Report No. 1 of 2023 - State Finances Audit Report of The Comptroller And Auditor General of India for the year ended 31 March 2022, Government Of Tripura",,Financial,Finance,2021-22,https://cag.gov.in/en/audit-report/details/118774,/webroot/uploads/download_audit_report/2023/Full_SFAR-2021-22_Report-No.-1-of-2023_Tripura-0643f95a79e3699.87756962.pdf,,2026-07-22T13:07:46Z,1/2023
Tripura,"Report No. 2 of 2023- Report of the Comptroller and Auditor General of India on Social, Economic and Revenue Sectors for the year ended 31 March 2022, Government of Tripura",,,Science and Technology,2021-22,https://cag.gov.in/en/audit-report/details/119563,/webroot/uploads/download_audit_report/2022/Full-Report_AR-2021-22_Report-No.-2-of-2023-065c0944ac20b76.44720964.pdf,,2026-07-22T13:08:15Z,2/2023
Tripura,"Report No. 2 of 2022-Report of the Comptroller and Auditor General of India on Social, Economic and Revenue Sectors for the year ended 31 March 2020",,,,2019-20,https://cag.gov.in/en/audit-report/details/118783,/webroot/uploads/download_audit_report/2022/Full_Report-No.-2-of-2022_(AR-2019-20)-0643f987f5d8359.97234373.pdf,,2026-07-22T13:08:24Z,2/2022
Tripura,"Report No. 1 of 2022 - STATE FINANCES AUDIT REPORT OF THE COMPTROLLER AND AUDITOR GENERAL OF INDIA FOR THE YEAR ENDED 31 MARCH 2021, GOVERNMENT OF TRIPURA",,Financial,Finance,2020-21,https://cag.gov.in/en/audit-report/details/118764,/webroot/uploads/download_audit_report/2022/Full_SFAR-2020-21_Report-No.-1-of-2022_Tripura_(2-5-2022)-0643f92b469c062.11118262.pdf,,2026-07-22T13:08:24Z,1/2022
Tripura,"Report No.3 of 2021 - State Finances, Government of Tripura",,Financial,Finance,2020-21,https://cag.gov.in/en/audit-report/details/116162,/webroot/uploads/download_audit_report/2021/Report No. 3 of 2021 Govt. of Tripura_ SFAR-062679ace306633.96916756.pdf,,2026-07-22T13:09:35Z,3/2021
Tripura,"Report No.2 of 2021 - Performance Audit of Select District Hospitals in Tripura, Government of Tripura",,Performance,Social Welfare,2020-21,https://cag.gov.in/en/audit-report/details/116161,/webroot/uploads/download_audit_report/2021/Report No. 2 of 2021 Govt. of Tripura_PA-0626799b83ddeb2.18617941.pdf,,2026-07-22T13:09:35Z,2/2021
Tripura,"Report No.1 of 2021 - Government of Tripura on Social ,Economic, Revenue and General Sectors for the year ended March 2019",,,Social Welfare,2018-19,https://cag.gov.in/en/audit-report/details/116160,/webroot/uploads/download_audit_report/2021/Report No. 1 of 2021 Govt. of Tripura_SERSG-062679839b9ecc7.52394042.pdf,,2026-07-22T13:09:35Z,1/2021
Tripura,"Report No.1 of 2020 - State Finances, Government of Tripura",,Financial,Finance,2019-20,https://cag.gov.in/en/audit-report/details/113853,/webroot/uploads/download_audit_report/2020/Report_No_1_of_2020_State_Finances_Government_of_Tripura-0606c3f072dc398.83435020.pdf,,2026-07-22T13:10:37Z,1/2020
Tripura,"Report No.1 of 2019 - State Finances, Government of Tripura",,Financial,Finance,2018-19,https://cag.gov.in/en/audit-report/details/113298,/webroot/uploads/download_audit_report/2019/SFR_Report No. 1_(2017-18)_English-060487a2155a548.45257954.pdf,,2026-07-22T13:11:22Z,1/2019
Tripura,"Report No.2 of 2019 - Government of Tripura on Economic, Revenue and General Sectors for the year 2017-18",,,Finance,2017-18,https://cag.gov.in/en/audit-report/details/113240,/webroot/uploads/download_audit_report/2019/Tripura_AR 2017-18 (Report No. 2_ of 2019)_English-06035fc0a5f29e1.15432981.pdf,,2026-07-22T13:11:22Z,2/2019
Tripura,"Report No.1 of 2018 - Social, Economic and Revenue Sectors, Government of Tripura",,,Taxes and Duties,2017-18,https://cag.gov.in/en/audit-report/details/49338,/webroot/uploads/download_audit_report/2018/Report_No_1_of_2018_Social_Economic_and_Revenue_Sectors_Government_of_Tripura.pdf,,2026-07-22T13:12:10Z,1/2018
Tripura,"Report No.1 of 2017 - State Finances, Government of Tripura",,Financial,Finance,2016-17,https://cag.gov.in/en/audit-report/details/49409,/webroot/uploads/download_audit_report/2017/Report_No_1_of_2017_State_Finances_Government_of_Tripura.pdf,,2026-07-22T13:12:55Z,1/2017
Tripura,Report No 3 of 2016 - Social Economic Revenue Sectors Tripura,,,General Sector Ministries and Constitutional Bodies,2016-17,https://cag.gov.in/en/audit-report/details/28738,/webroot/uploads/download_audit_report/2017/Report_No_3_of_2016_Tripura_SERG_Sectors.pdf,,2026-07-22T13:13:32Z,3/2016
Tripura,Report No 2 of 2016 - Tripura State Finances,,Financial,Finance,2015-16,https://cag.gov.in/en/audit-report/details/28725,/webroot/uploads/download_audit_report/2016/Report_No_2_of_2016_Tripura_State_Finances.pdf,,2026-07-22T13:14:04Z,2/2016
Tripura,Report No 1 of 2016 - Social Economic and Revenue Sectors Government of Tripura,,,Finance,2015-16,https://cag.gov.in/en/audit-report/details/21190,/webroot/uploads/download_audit_report/2016/Tripura_ Social_Economic_and_Revenue_Sectors_Report_1_2016.pdf,,2026-07-22T13:14:41Z,1/2016
Tripura,Report of 2016 - State Finances Government of Tripura,,Financial,Finance,2015-16,https://cag.gov.in/en/audit-report/details/21175,/webroot/uploads/download_audit_report/2016/Tripura_State_Finances_Report_2016.pdf,,2026-07-22T13:14:41Z,
Tripura,"Report No. 1 of 2014 - Performance Audit on Social, Economic, Revenue sector of Government of Tripura",,Performance,Taxes and Duties,2013-14,https://cag.gov.in/en/audit-report/details/586,/webroot/uploads/download_audit_report/2014/Tripura_social_economic_revenue_sector_1_2014.pdf,,2026-07-22T13:21:18Z,1/2014
Tripura,Report of 2014 - Financial Audit on State Finance of Government of Tripura,,Financial,Finance,2013-14,https://cag.gov.in/en/audit-report/details/565,/webroot/uploads/download_audit_report/2014/Tripura_state_finance_report_2014.pdf,,2026-07-22T13:21:22Z,
Tripura,Report of 2013 - Financial Audit on State Finance of Government of Tripura,,Financial,Finance,2012-13,https://cag.gov.in/en/audit-report/details/8916,/webroot/uploads/download_audit_report/2013/Tripura_State_Finance_2011-12.pdf,,2026-07-22T13:30:52Z,
Tripura,"Report of 2013 - Performance Audit on Social, Economic, Revenue and General Sectors of Government of Tripura",,Performance,Taxes and Duties,2012-13,https://cag.gov.in/en/audit-report/details/8799,/webroot/uploads/download_audit_report/2013/Tripura_Social_General_1_2013.pdf,,2026-07-22T13:30:52Z,
Tripura,Report of 2011 - Financial Audit on State Finance of Government of Tripura,,Financial,Taxes and Duties,2010-11,https://cag.gov.in/en/audit-report/details/8504,/webroot/uploads/download_audit_report/2011/Tripura_State_Finance_2011.pdf,,2026-07-22T13:42:32Z,
Tripura,Report of 2011 - Performance Audit on Civil of Government of Tripura,,Performance,Taxes and Duties,2010-11,https://cag.gov.in/en/audit-report/details/8307,/webroot/uploads/download_audit_report/2011/Tripura_Civil_2011_0.pdf,,2026-07-22T13:42:32Z,
Tripura,Report of 2010 - Financial Audit on State Finance of Government of Tripura,,Financial,Finance,2009-10,https://cag.gov.in/en/audit-report/details/8220,/webroot/uploads/download_audit_report/2010/Tripura_State_Finance_2010.pdf,,2026-07-22T13:43:25Z,
Tripura,Report of 2010 - Performance Audit on West Tripura District of Government of Tripura,,Performance,,2009-10,https://cag.gov.in/en/audit-report/details/8192,/webroot/uploads/download_audit_report/2010/Tripura_Standalone_2009-10.pdf,,2026-07-22T13:43:25Z,
Tripura,Report of 2010 - Performance Audit on Civil of Government of Tripura,,Performance,Taxes and Duties,2009-10,https://cag.gov.in/en/audit-report/details/8083,/webroot/uploads/download_audit_report/2010/Tripura_Civil_2010.pdf,,2026-07-22T13:43:25Z,
Tripura,Report of 2009 - Financial Audit on State Finance of Government of Tripura,,Financial,Taxes and Duties,2008-09,https://cag.gov.in/en/audit-report/details/8006,/webroot/uploads/download_audit_report/2009/Tripura_State_Finance_2009.pdf,,2026-07-22T13:44:15Z,
Tripura,Report of 2009 - Performance Audit on West Tripura District of Government of Tripura,,Performance,Transport & Infrastructure,2008-09,https://cag.gov.in/en/audit-report/details/7893,/webroot/uploads/download_audit_report/2009/Tripura_West_District_2009.pdf,,2026-07-22T13:44:15Z,
Tripura,Report of 2009 - Performance Audit on Civil of Government of Tripura,,Performance,,2008-09,https://cag.gov.in/en/audit-report/details/7782,/webroot/uploads/download_audit_report/2009/Tripura_Civil_2009.pdf,,2026-07-22T13:44:15Z,
Uttar Pradesh,"Report of the Comptroller and Auditor General of India on State Public Sector Enterprises for the period ended March 2023, Government of Uttar Pradesh, Report No. 9 of 2025, (Performance &ampamp Compliance Audit - Commercial)",,Compliance,Social Infrastructure,2022-23,https://cag.gov.in/en/audit-report/details/124075,/webroot/uploads/download_audit_report/2025/Audit-Report-SPSEs-069984bca640be9.64423703.pdf,,2026-07-22T13:05:03Z,9/2025
Uttar Pradesh,"Report of the Comptroller and Auditor General of India on Working of Uttar Pradesh State Industrial Development Authority  (UPSIDA),  Government of Uttar Pradesh, Report No. 14 of 2025 (Performance Audit - Civil)",,Performance,Industry and Commerce,2024-25,https://cag.gov.in/en/audit-report/details/124053,/webroot/uploads/download_audit_report/2025/Performance-Audit-Report--UPSIDA-0699820ec843a03.09443929.pdf,,2026-07-22T13:05:03Z,14/2025
Uttar Pradesh,Performance Audit (Civil) Report No. 10 of 2025: AYUSH,,Performance,Social Welfare,2024-25,https://cag.gov.in/en/audit-report/details/123759,/webroot/uploads/download_audit_report/2025/Full_UP_Report-No-10-of-2025_AYUSH_English-06989a43841d128.46458616.pdf,,2026-07-22T13:05:09Z,10/2025
Uttar Pradesh,"Report of the Comptroller and Auditor General of India on Deendayal Upadhyaya Gram Jyoti Yojana (DDUGJY) and Pradhan Mantri Sahaj Bijli Har Ghar Yojana (SAUBHAGYA), Government of Uttar Pradesh, Report No. 7 of 2025 (Performance Audit-Commercial)",,Performance,Power & Energy,2024-25,https://cag.gov.in/en/audit-report/details/123721,/webroot/uploads/download_audit_report/2025/Performance-Audit-on--DDUGJY-and-SAUBHAGYA-(English)-0695278b83bc989.78923668.pdf,,2026-07-22T13:05:09Z,7/2025
Uttar Pradesh,Performance Audit Report No. 11 of 2025: Development and Allotment of Properties by Ghaziabad Development Authority,,Performance,Social Infrastructure,2024-25,https://cag.gov.in/en/audit-report/details/123698,/webroot/uploads/download_audit_report/2025/Full_UP_GDA-Audit-Report-No11-of-2025_English-06989a5ee4a1dc5.57040259.pdf,,2026-07-22T13:05:09Z,11/2025
Uttar Pradesh,Performance Audit Report No. 12 of 2025: Construction and Operation of Lucknow Metro Rail Project,,Performance,Transport & Infrastructure,2024-25,https://cag.gov.in/en/audit-report/details/123696,/webroot/uploads/download_audit_report/2025/Full_PA_Lucknow-Metro-Report-No.-12-of-2025_English_30-01-2026-signed-06989a873003e45.57165445.pdf,,2026-07-22T13:05:09Z,12/2025
Uttar Pradesh,Performance Audit Report No. 8 of 2025: lmplementation of  Pradhan Mantri Awaas Yoina - Gramin in Uttar Pradesh,,Performance,Social Welfare,2024-25,https://cag.gov.in/en/audit-report/details/123447,/webroot/uploads/download_audit_report/2025/Full_PA_PMAY-ReportNo-8_English_05-15-2025-signed-0694bb6ecc93c28.69875526.pdf,,2026-07-22T13:05:16Z,8/2025
Uttar Pradesh,Report of the Comptroller and Auditor General of India on State Finances for the year 2023-24 (Report No. 06 of the Year 2025),,Financial,Finance,2023-24,https://cag.gov.in/en/audit-report/details/122472,/webroot/uploads/download_audit_report/2025/Report-No.-06-SFAR-English-UP-(Complete)-0689c82d0bf66f8.13038925.pdf,,2026-07-22T13:05:30Z,
Uttar Pradesh,"Report of the Comptroller and Auditor General of India on Utilisation of Central Road Fund (CRF), Government of Uttar Pradesh, Report No. 2 of 2025 (Performance Audit-Civil)",,Performance,Transport & Infrastructure,2024-25,https://cag.gov.in/en/audit-report/details/122290,/webroot/uploads/download_audit_report/2025/English-Audit-Report-No.-2-of-2025-0689b26f5a54d15.01656215.pdf,,2026-07-22T13:05:30Z,2/2025
Uttar Pradesh,Audit Report No. 5 of 2025: Performance and Compliance Audit,,Compliance,General Sector Ministries and Constitutional Bodies,2024-25,https://cag.gov.in/en/audit-report/details/121893,/webroot/uploads/download_audit_report/2025/Report-No.-5-English-UP-CAR---05-06-2025-signed-0689b314c4bcb18.94099930.pdf,,2026-07-22T13:05:37Z,5/2025
Uttar Pradesh,Audit Report No. 4 of 2025: Welfare of Building and Other Construction Workers,,,Social Welfare,2024-25,https://cag.gov.in/en/audit-report/details/121891,/webroot/uploads/download_audit_report/2025/Final-rReport-No.04-WOBCW-English-UP---signed-07-05-2025-0689b2ec7244ad9.46184642.pdf,,2026-07-22T13:05:37Z,4/2025
Uttar Pradesh,Audit Report No. 3 of 2025: Performance Audit on Saryu Nahar Pariyojana,,Performance,Agriculture and Rural Development,2024-25,https://cag.gov.in/en/audit-report/details/121888,/webroot/uploads/download_audit_report/2025/Report-No.-03-UP-Saryu-Nahar-English---signed-07-05-2025-0689b2c4d5e0ae9.64004247.pdf,,2026-07-22T13:05:37Z,3/2025
Uttar Pradesh,Audit Report No.1 of 2025: Solid Waste Management in Urban Areas,,,Local Bodies,2024-25,https://cag.gov.in/en/audit-report/details/121642,/webroot/uploads/download_audit_report/2025/Report-No.-1-UP-Solid-Waste-Mgt_English-_signed_20-06-2025-0689b2a336d2085.44753065.pdf,,2026-07-22T13:05:37Z,1/2025
Uttar Pradesh,Performance Audit Report of the Comptroller and Auditor General of India on Mining in Uttar Pradesh and Socio-economic impact of illegal mining  (Report No. 09 of the Year 2024),,Performance,Taxes and Duties,2024-25,https://cag.gov.in/en/audit-report/details/122448,/webroot/uploads/download_audit_report/2025/PA-on-Mining-Report-No-09-English-(Complete)-0689c7e961b5888.79834319.pdf,,2026-07-22T13:06:12Z,
Uttar Pradesh,"Report of the Comptroller and Auditor General of India on Working of Yamuna Expressway Industrial Development Authority (YEIDA), Government of Uttar Pradesh, Report No. 7 of 2024 (Performance Audit-Civil)",,Performance,Industry and Commerce,2023-24,https://cag.gov.in/en/audit-report/details/121175,/webroot/uploads/download_audit_report/2024/English-Version-of-Report-No.7-of-2024-067640f89e7a1a9.84227865.pdf,,2026-07-22T13:06:23Z,7/2024
Uttar Pradesh,"Report of the Comptroller and Auditor General of India for the period ended March 2022, Government of Uttar Pradesh, Report No. 6 of 2024 (Compliance Audit-Civil & Commercial)",,Compliance,Environment and Sustainable Development,2021-22,https://cag.gov.in/en/audit-report/details/121137,/webroot/uploads/download_audit_report/2024/English-Version-of--Report-No-6-of-2024-067640a9e139006.40410679.pdf,,2026-07-22T13:06:23Z,6/2024
Uttar Pradesh,Report No. 8 of 2024: Public Health Infrastructure  and Management of Health Services  in Uttar Pradesh,,,Social Infrastructure,2023-24,https://cag.gov.in/en/audit-report/details/120811,/webroot/uploads/download_audit_report/2024/Report-No-08-of-2024-English-067640dd5e65066.24454837.pdf,,2026-07-22T13:06:33Z,8/2024
Uttar Pradesh,State Finances Audit Report of the Comptroller and Auditor General of  India for the  year ended 31 March 2023 (Report No. 04 of the Year 2024),,Financial,Finance,2022-23,https://cag.gov.in/en/audit-report/details/120216,/webroot/uploads/download_audit_report/2024/Report-No.4-English-SFAR-UP-signed-066ac8db13b9302.12108504.pdf,,2026-07-22T13:06:49Z,
Uttar Pradesh,Compliance Audit Report of the Comptroller and Auditor General of India on Revenue Sector for the Year ended 31 March 2022 (Report No. 03 of the Year 2024),,Financial,Transport & Infrastructure,2021-22,https://cag.gov.in/en/audit-report/details/120174,/webroot/uploads/download_audit_report/2024/Report-No.3-Revenue-English-Final-signed-066ac80f6216854.62518191.pdf,,2026-07-22T13:06:49Z,
Uttar Pradesh,CAG's Performance Audit Report No. 5 of 2024 on Implementation of 74th Constitutional Amendment Act,,Performance,Local Bodies,2023-24,https://cag.gov.in/en/audit-report/details/120104,/webroot/uploads/download_audit_report/2024/Combined-Engish-Report-for-Uploading-066ab8f79cad119.86983093.pdf,,2026-07-22T13:06:49Z,5/2024
Uttar Pradesh,Performance Audit Report of the Comptroller and Auditor General of India on Afforestation and Social Forestry Programme Government of Uttar Pradesh Report No. 2 of the year 2024,,Performance,Environment and Sustainable Development,2023-24,https://cag.gov.in/en/audit-report/details/120086,/webroot/uploads/download_audit_report/2024/PA-Forest-English-066ab86be7f1110.49934394.pdf,,2026-07-22T13:06:53Z,
Uttar Pradesh,Performance Audit Report of the Comptroller and Auditor General of India on Performance of DISCOMs pre and post  Ujwal DISCOM Assurance Yojna (UDAY) Government of Uttar Pradesh Report No. 1 of the year 2024,,Performance,Power & Energy,2023-24,https://cag.gov.in/en/audit-report/details/120068,/webroot/uploads/download_audit_report/2024/PA--UDAY-English-066ab83cd3d2b43.88068360.pdf,,2026-07-22T13:06:53Z,
Uttar Pradesh,"Report of the Comptroller and Auditor General of India on  Land Acquisition and Allotment of Properties in Greater Noida Industrial Development Authority (GNIDA), Government of Uttar Pradesh, Report No. 4 of the year 2023 (Performance Audit)",,Performance,Industry and Commerce,2022-23,https://cag.gov.in/en/audit-report/details/122410,/webroot/uploads/download_audit_report/2023/GNIDA---Audit-English-068b028ebde3b37.91217965.pdf,,2026-07-22T13:07:11Z,
Uttar Pradesh,Performance Audit Report No. 2 of the year 2023: Outcomes in Surface Irrigation of Bansagar Canal Project and Modernisation of Chaudhary Charan Singh Lahchura Dam Project,,Performance,Agriculture and Rural Development,2022-23,https://cag.gov.in/en/audit-report/details/119103,/webroot/uploads/download_audit_report/2023/Perfomance-Audit-Report-No.-2-of-2023-064d3858694ead2.85662180.pdf,,2026-07-22T13:07:41Z,
Uttar Pradesh,State Finances Audit Report of the Comptroller and Auditor General of  India for the year ended 31 March 2022 (Report No. 03 of the Year 2023),,Financial,Finance,2021-22,https://cag.gov.in/en/audit-report/details/119079,/webroot/uploads/download_audit_report/2023/Audit-SFAR-English-064d37d3c1365f3.05625606.pdf,,2026-07-22T13:07:41Z,
Uttar Pradesh,Report No. 1 of 2023 of the Comptroller and Auditor General of India on Compliance Audit-I,,Compliance,General Sector Ministries and Constitutional Bodies,2022-23,https://cag.gov.in/en/audit-report/details/118160,/webroot/uploads/download_audit_report/2023/Compliance-Audit---I-(English)-Full-064181532208b06.64874834.pdf,,2026-07-22T13:07:50Z,1/2023
Uttar Pradesh,Compliance Audit Report of the Comptroller and Auditor General of India on Revenue Sector for the Year ended 31 March 2021 (Report No. 4 of the Year 2022),,Financial,Transport & Infrastructure,2020-21,https://cag.gov.in/en/audit-report/details/119150,/webroot/uploads/download_audit_report/2022/Revenue-Report-2020-21-English-UP-064d4a4cf3d2da1.50571401.pdf,,2026-07-22T13:08:24Z,
Uttar Pradesh,"Report No. 6 of the year 2022, Performance Audit of  Outcomes in Higher Education- Government of Uttar Pradesh",,Performance,"Education, Health & Family Welfare",2021-22,https://cag.gov.in/en/audit-report/details/118033,/webroot/uploads/download_audit_report/2022/Audit-Report-on-Outcomes-in-Higher-Education_2022_English-063f8a7996311b0.46292333.pdf,,2026-07-22T13:08:43Z,
Uttar Pradesh,Report No. 3 for the year 2022 – Performance Audit Report of the Comptroller and Auditor General of India on Information Technology System in Transport Department – Government of Uttar Pradesh,,Performance,Transport & Infrastructure,2020-21,https://cag.gov.in/en/audit-report/details/117992,/webroot/uploads/download_audit_report/2021/Performance-English-Audit-Report-2022-063f751806398a9.09916672.pdf,,2026-07-22T13:08:43Z,
Uttar Pradesh,"Report No. 1 of the year 2022 - Compliance Audit Report for the year ended 31 March 2020, Government of Uttar Pradesh.",,Compliance,Environment and Sustainable Development,2019-20,https://cag.gov.in/en/audit-report/details/117328,/webroot/uploads/download_audit_report/2022/Compliance-Audit-Report-0632b03041ca258.28671282.pdf,,2026-07-22T13:08:50Z,
Uttar Pradesh,Report No. 5 of  2022 - Compliance Audit Report II of the Comptroller and Auditor General of India for the year ended 31 March 2021 - Government of Uttar Pradesh,,Compliance,Industry and Commerce,2020-21,https://cag.gov.in/en/audit-report/details/117943,/webroot/uploads/download_audit_report/2021/Compliance-Audit-Report-II-063f6f42ae8c569.27330901.pdf,,2026-07-22T13:09:15Z,5/2022
Uttar Pradesh,Report No. 2 of 2022 - State Finances Audit Report for the year ended March 2021 - Government of Uttar Pradesh,,Financial,Finance,2020-21,https://cag.gov.in/en/audit-report/details/116200,/webroot/uploads/download_audit_report/2022/English State Finances Audit Report 2020-21 GoUP-06295d85a3da6a0.07295905.pdf,,2026-07-22T13:09:30Z,2/2022
Uttar Pradesh,Performance Audit Report on “Land Acquisition and Allotment of Properties in NOIDA” in Uttar Pradesh (Report No. 6 of 2021),,Performance,Industry and Commerce,2020-21,https://cag.gov.in/en/audit-report/details/114909,/webroot/uploads/download_audit_report/2021/PA NOIDA Audit  Report (English)_compressed-061bc8f8c1b4ef6.82406029.pdf,,2026-07-22T13:09:48Z,6/2021
Uttar Pradesh,Report No. 4 of 2021 - State Finances Audit Report for the year ended 31 March 2020 - Government of Uttar Pradesh,,Financial,Finance,2019-20,https://cag.gov.in/en/audit-report/details/114889,/webroot/uploads/download_audit_report/2021/4 of 2021-UP_SFAR-0624eb70db72591.59383055.pdf,,2026-07-22T13:09:48Z,4/2021
Uttar Pradesh,Audit Report No. 5 of 2021 of the Comptroller & Auditor General of India on Revenue Sector of Uttar Pradesh for the year ended 31 March 2020,,Financial,Transport & Infrastructure,2019-20,https://cag.gov.in/en/audit-report/details/114869,/webroot/uploads/download_audit_report/2021/Revenue-English--Audit-061bc8627c72b31.57662458.pdf,,2026-07-22T13:09:48Z,5/2021
Uttar Pradesh,Performance Audit Report No. 3 of 2021 on “Centralised Information Technology Billing System Being Operated by State Power Utilities”  in Uttar Pradesh,,Performance,Power & Energy,2020-21,https://cag.gov.in/en/audit-report/details/114845,/webroot/uploads/download_audit_report/2021/PA-on-IT-in-English-061bc7f003d97c3.90689783.pdf,,2026-07-22T13:09:52Z,3/2021
Uttar Pradesh,"Report No. 2 of the year 2021 - General and Social Sector, Government of Uttar Pradesh",,,General Sector Ministries and Constitutional Bodies,2020-21,https://cag.gov.in/en/audit-report/details/114237,/webroot/uploads/download_audit_report/2021/G&SSA English Word to pdf-0611e49a056d8b7.04357161.pdf,,2026-07-22T13:10:13Z,
Uttar Pradesh,"Report No 1 of 2021- Economic Sector & Public Sector Undertakings, Government of Uttar Pradesh",,Compliance,Environment and Sustainable Development,2020-21,https://cag.gov.in/en/audit-report/details/114225,/webroot/uploads/download_audit_report/2021/Audit-Report-Economic-&-PSU-2018-19-English_compressed-0611e449ddf3b40.72355817.pdf,,2026-07-22T13:10:13Z,1/2021
Uttar Pradesh,"Report No.3 of 2020 - Revenue Sector, Government of Uttar Pradesh",,Financial,Taxes and Duties,2019-20,https://cag.gov.in/en/audit-report/details/114191,"/webroot/uploads/download_audit_report/2020/Report No. 3 of 2020, Uttar Pradesh-0611df723716c52.18877946.pdf",,2026-07-22T13:10:37Z,3/2020
Uttar Pradesh,"Report No.2 of 2020 - State Finances, Government of Uttar Pradesh",,Financial,Finance,2019-20,https://cag.gov.in/en/audit-report/details/109119,/webroot/uploads/download_audit_report/2020/Report_No_2_of_2020_State_Finances_Government_of_Uttar_Pradesh.pdf,,2026-07-22T13:11:03Z,2/2020
Uttar Pradesh,Report no. 1 of 2020 - Economic Sector and PSUs Government of Uttar Pradesh,,,Transport & Infrastructure,2019-20,https://cag.gov.in/en/audit-report/details/107745,/webroot/uploads/download_audit_report/2020/Report_no_1_of_2020_Economic_Sector_and_PSUs_Government_of_Uttar_Pradesh_0.pdf,,2026-07-22T13:11:06Z,1/2020
Uttar Pradesh,"Report No. 4 of 2019 - Revenue Sector, Government of Uttar Pradesh",,Financial,Taxes and Duties,2018-19,https://cag.gov.in/en/audit-report/details/57842,/webroot/uploads/download_audit_report/2019/Report_No_4_of_2019_Revenue_Sector_Government_of_Uttar_Pradesh.pdf,,2026-07-22T13:11:30Z,4/2019
Uttar Pradesh,"Report No. 3 of 2019 - State Finances, Government of Uttar Pradesh",,Financial,Finance,2018-19,https://cag.gov.in/en/audit-report/details/56303,/webroot/uploads/download_audit_report/2019/Report_No_3_of_2019_State_Finances_Government_of_Uttar_Pradesh.pdf,,2026-07-22T13:11:38Z,3/2019
Uttar Pradesh,"Report No. 2 of 2019 - Hospital Management in Uttar Pradesh, Government of Uttar Pradesh",,,"Education, Health & Family Welfare",2018-19,https://cag.gov.in/en/audit-report/details/56161,/webroot/uploads/download_audit_report/2019/Report_No_2_of_2019_Hospital_Management_in_Uttar_Pradesh_Government_of_Uttar_Pradesh.pdf,,2026-07-22T13:11:38Z,2/2019
Uttar Pradesh,"Report No.1 of 2019 - Pricing of Production and Sale of Liquor (State Excise Department), Government of Uttar Pradesh",,,Taxes and Duties,2018-19,https://cag.gov.in/en/audit-report/details/52228,/webroot/uploads/download_audit_report/2019/Report_No_1_of_2019_Pricing_of_Production_and_Sale_of_Liquor_State_Excise_Department_Gover.pdf,,2026-07-22T13:11:50Z,1/2019
Uttar Pradesh,"Report No.4 of 2018 - Economic and Revenue Sectors, Government of Uttar Pradesh",,,Taxes and Duties,2017-18,https://cag.gov.in/en/audit-report/details/52215,/webroot/uploads/download_audit_report/2018/Report_No_4_of_2018_Economic_and_Revenue_Sectors_Government_of_Uttar_Pradesh.pdf,,2026-07-22T13:12:03Z,4/2018
Uttar Pradesh,Report No. 3 of 2018 - General and Social Sector Government of Uttar Pradesh,,,General Sector Ministries and Constitutional Bodies,2017-18,https://cag.gov.in/en/audit-report/details/49975,/webroot/uploads/download_audit_report/2018/Report_No_3_of_2018_General_and_Social_Sector_Government_of_Uttar_Pradesh.pdf,,2026-07-22T13:12:10Z,3/2018
Uttar Pradesh,Report No.2 of 2018 - Public Sector Undertakings Government of Uttar Pradesh,,Compliance,Finance,2017-18,https://cag.gov.in/en/audit-report/details/49760,/webroot/uploads/download_audit_report/2018/Report_No_2_of_2018_Public_Sector_Undertakings_Government_of_Uttar_Pradesh.pdf,,2026-07-22T13:12:10Z,2/2018
Uttar Pradesh,Report No.1 of 2018 - State Finances Government of Uttar Pradesh,,Financial,Finance,2017-18,https://cag.gov.in/en/audit-report/details/46630,/webroot/uploads/download_audit_report/2018/Report_No_1_of_2018_-_State_Finances_Government_of_Uttar_Pradesh.pdf,,2026-07-22T13:12:23Z,1/2018
Uttar Pradesh,"Report No.4 of 2017 - Contract Management in Road Works,Government of Uttar Pradesh",,,,2016-17,https://cag.gov.in/en/audit-report/details/31995,"/webroot/uploads/download_audit_report/2017/Report_No.4_of_2017_-_Contract_Management_in_Road_Works,_Government_of_Uttar_Pradesh.pdf",,2026-07-22T13:13:15Z,4/2017
Uttar Pradesh,"Report No.3 of 2017 - Performance Audit of Modernisation and Strengthening of Police Forces, Government of Uttar Pradesh",,Performance,General Sector Ministries and Constitutional Bodies,2016-17,https://cag.gov.in/en/audit-report/details/31773,/webroot/uploads/download_audit_report/2017/Report_No.3_of_2017_Performance_Audit_of_Modernisation_of_Police_Forces_Government_of_Uttar_Pradesh.pdf,,2026-07-22T13:13:19Z,3/2017
Uttar Pradesh,Report No.1 of 2017 - Economic Sector Government of Uttar Pradesh,,,Finance,2016-17,https://cag.gov.in/en/audit-report/details/29652,/webroot/uploads/download_audit_report/2017/Report_No.1_of_2017_–_Economic_Sector_Government_of_Uttar_Pradesh.pdf,,2026-07-22T13:13:23Z,1/2017
Uttar Pradesh,Report No.2 of 2017 - General and Social Sector Government of Uttar Pradesh,,,General Sector Ministries and Constitutional Bodies,2016-17,https://cag.gov.in/en/audit-report/details/29608,/webroot/uploads/download_audit_report/2017/Report_No_2_of_2017_General_and_Social_Sector_Government_of_Uttar_Pradesh_0.pdf,,2026-07-22T13:13:23Z,2/2017
Uttar Pradesh,Report No.4 of 2016 - State Finances Government of Uttar Pradesh,,Financial,Finance,2015-16,https://cag.gov.in/en/audit-report/details/29633,/webroot/uploads/download_audit_report/2016/Report _No.4 _of _2016 _- _State _Finances _Government _of _Uttar _Pradesh_0.pdf,,2026-07-22T13:14:00Z,4/2016
Uttar Pradesh,Report No.5 of 2016 - Revenue Sector Government of Uttar Pradesh,,Financial,Taxes and Duties,2015-16,https://cag.gov.in/en/audit-report/details/29530,/webroot/uploads/download_audit_report/2016/Report_No_5_of_2016_Revenue_Sector_Government_of_Uttar_Pradesh.pdf,,2026-07-22T13:14:00Z,5/2016
Uttar Pradesh,Report No.6 of 2016 - Public Sector Undertakings Government of Uttar Pradesh,,Compliance,General Sector Ministries and Constitutional Bodies,2015-16,https://cag.gov.in/en/audit-report/details/29476,/webroot/uploads/download_audit_report/2016/Report_No_6_of_2017_Public_sector_undertakings_Government_of_Uttar_Pradesh.pdf,,2026-07-22T13:14:00Z,6/2016
Uttar Pradesh,Report No 3 of 2016 - Performance Audit on Empowerment of Women Government of Uttar Pradesh,,Performance,Social Welfare,2015-16,https://cag.gov.in/en/audit-report/details/24182,/webroot/uploads/download_audit_report/2016/Uttar_Pradesh_Performance_Audit_on_Empowerment_of_Women__Report_3_2016.pdf.pdf,,2026-07-22T13:14:20Z,3/2016
Uttar Pradesh,Report No 1 of 2016 - General and Social Sector Government of Uttar Pradesh,,,Social Welfare,2015-16,https://cag.gov.in/en/audit-report/details/21323,/webroot/uploads/download_audit_report/2016/Uttar_Pradesh_General_and_Social_Sector_Report_1_2016.pdf,,2026-07-22T13:14:37Z,1/2016
Uttar Pradesh,Report No. 7 of 2015 - Revenue Sector Government of Uttar Pradesh,,Financial,Taxes and Duties,2015-16,https://cag.gov.in/en/audit-report/details/19709,/webroot/uploads/download_audit_report/2016/Report No. 7 of 2015 Revenue Sector Government of Uttar Pradesh.pdf,,2026-07-22T13:14:53Z,7/2015
Uttar Pradesh,Report No.2 of 2015 - Panchayati Raj Institutions and Urban Local Bodies Government of Uttar Pradesh,,Compliance,,2014-15,https://cag.gov.in/en/audit-report/details/44692,/webroot/uploads/download_audit_report/2015/Report_No2_of_2015_-_Panchayati_Raj_Institutions_and_Urban_Local_Bodies_Government_of_Uttar_Pradesh.pdf,,2026-07-22T13:15:01Z,2/2015
Uttar Pradesh,Report of 2015 - State Finances Government of Uttar Pradesh,,Financial,Finance,2014-15,https://cag.gov.in/en/audit-report/details/20868,/webroot/uploads/download_audit_report/2015/Uttar_Pradesh_State_Finances_Report_ 2015.pdf,,2026-07-22T13:15:10Z,
Uttar Pradesh,Report No 6 of 2015 - Economic Sector Non PSUs Government of Uttar Pradesh,,Compliance,Transport & Infrastructure,2014-15,https://cag.gov.in/en/audit-report/details/19777,/webroot/uploads/download_audit_report/2015/Uttar_Pradesh_Performance_Economic_Sector_Report_6_2015.pdf,,2026-07-22T13:15:14Z,6/2015
Uttar Pradesh,Report No. 5 of 2015 - Public Sector Undertakings Government of Uttar Pradesh,,Compliance,Industry and Commerce,2014-15,https://cag.gov.in/en/audit-report/details/19757,/webroot/uploads/download_audit_report/2015/Uttar_Pradesh_Compliance_Public_Sector_Report_5_2015.pdf,,2026-07-22T13:15:18Z,5/2015
Uttar Pradesh,Report No. 4 of 2015 - Performance Audit on PSUs of Government of Uttar Pradesh,,Performance,,2014-15,https://cag.gov.in/en/audit-report/details/12601,/webroot/uploads/download_audit_report/2015/Uttar_Pradesh_Report_4_2015.pdf,,2026-07-22T13:15:18Z,4/2015
Uttar Pradesh,Report No. 2 of 2015 - Performance and Compliance Audit on Economic Sector Non-PSU of Government of Uttar Pradesh,,Compliance,,2014-15,https://cag.gov.in/en/audit-report/details/12593,/webroot/uploads/download_audit_report/2015/Uttar_Pradesh_Report_2_2015.pdf,,2026-07-22T13:15:18Z,2/2015
Uttar Pradesh,Report of 2015 - Report of the Comptroller and Auditor General of India on State Finances for the year ended 31 March 2014 Government of Uttar Pradesh,,Financial,Finance,2013-14,https://cag.gov.in/en/audit-report/details/9430,/webroot/uploads/download_audit_report/2015/Uttar_Pradesh_State_Finance_2013-14.pdf,,2026-07-22T13:15:22Z,
Uttar Pradesh,Report No. 3 of 2015 - Report of the C&AG of India on General and Social Sector for the year ended 31 March 2014 Government of Uttar Pradesh,,,Finance,2013-14,https://cag.gov.in/en/audit-report/details/9393,/webroot/uploads/download_audit_report/2015/Uttar_Pradesh_General_Social_3_2015.pdf,,2026-07-22T13:15:28Z,3/2015
Uttar Pradesh,Report of 2014 – Report of the Comptroller and Auditor General of India  on State Finances for the year ended 31 March 2013 Government of Uttar Pradesh,,Financial,Taxes and Duties,2012-13,https://cag.gov.in/en/audit-report/details/9406,/webroot/uploads/download_audit_report/2014/Uttar_Pradesh_State_Finance_2012_13.pdf,,2026-07-22T13:15:55Z,
Uttar Pradesh,Report No. 5 of 2014 - Report of the Comptroller and Auditor General of India on General and Social Sector for the year ended 31 March 2013  Government of Uttar Pradesh,,,Finance,2012-13,https://cag.gov.in/en/audit-report/details/9358,/webroot/uploads/download_audit_report/2014/Uttar_Pradesh_5_2014.pdf,,2026-07-22T13:15:59Z,5/2014
Uttar Pradesh,Report No. 4 of 2014 - Report of the Comptroller and Auditor General of India (Economic Sector-Non Public Sector Undertakings) for the year ended 31 March 2013 Government of Uttar Pradesh,,Compliance,Environment and Sustainable Development,2012-13,https://cag.gov.in/en/audit-report/details/9324,/webroot/uploads/download_audit_report/2014/Uttar_Pradesh_4_2014.pdf,,2026-07-22T13:15:59Z,4/2014
Uttar Pradesh,"Report No. 3 of 2014 – Report of the Comptroller and Auditor General of India on Performance Audit on Maha Kumbh Mela-2013, Allahabad for the year ended 31 March 2013 Government of Uttar Pradesh",,Performance,Finance,2012-13,https://cag.gov.in/en/audit-report/details/9271,/webroot/uploads/download_audit_report/2014/Uttar_Pradesh_3_2014.pdf,,2026-07-22T13:15:59Z,3/2014
Uttar Pradesh,"Report of the Comptroller and Auditor General of India (Public Sector Undertakings) for the year ended 31 March 2013, Government of Uttar Pradesh, Report No. 2 of 2014",,Compliance,Transport & Infrastructure,2012-13,https://cag.gov.in/en/audit-report/details/9216,/webroot/uploads/download_audit_report/2014/Uttar_Pradesh_2_2014.pdf,,2026-07-22T13:15:59Z,2/2014
Uttar Pradesh,Report No. 1 of 2014 – Financial Audit on Revenue Sector of Government of Uttar Pradesh,,Financial,Taxes and Duties,2013-14,https://cag.gov.in/en/audit-report/details/9123,/webroot/uploads/download_audit_report/2014/Uttar_Pradesh_1_ 2014.pdf,,2026-07-22T13:15:59Z,1/2014
Uttar Pradesh,Report of 2011 - Performance Audit on Sale of Sugar Mills of Uttar Pradesh State Corporation Ltd of Government of Uttar Pradesh,,Performance,Taxes and Duties,2010-11,https://cag.gov.in/en/audit-report/details/9440,/webroot/uploads/download_audit_report/2011/Uttar_Pradesh_Sugar_2011.pdf,,2026-07-22T13:42:24Z,
Uttar Pradesh,Report of the Comptroller and Auditor General of India on State Finances for the year ended 31 March 2010 Government of Uttar Pradesh,,Financial,Finance,2009-10,https://cag.gov.in/en/audit-report/details/9418,/webroot/uploads/download_audit_report/2011/Uttar_Pradesh_State_Finance_2011.pdf,,2026-07-22T13:42:24Z,
Uttar Pradesh,Report of 2011 - Financial Audit on Revenue of Government of Uttar Pradesh,,Financial,Taxes and Duties,2010-11,https://cag.gov.in/en/audit-report/details/9383,/webroot/uploads/download_audit_report/2011/Uttar_Pradesh_Revenue_2011.pdf,,2026-07-22T13:42:24Z,
Uttar Pradesh,Report of 2011 - Performance Audit on National Rural Health Mission of Government of Uttar Pradesh,,Performance,Environment and Sustainable Development,2010-11,https://cag.gov.in/en/audit-report/details/9303,/webroot/uploads/download_audit_report/2011/UP_NRHM_Rep_5_2011.pdf,,2026-07-22T13:42:24Z,
Uttar Pradesh,"Report of the Comptroller and Auditor General of India No. 4 Commercial for the year ended 31 March 2011,  Government of Uttar  Pradesh",,,Finance,2010-11,https://cag.gov.in/en/audit-report/details/9265,/webroot/uploads/download_audit_report/2011/Uttar_Pradesh_Commercial_2011.pdf,,2026-07-22T13:42:28Z,
Uttar Pradesh,Report No. 2 of 2011 - Performance Audit on Civil of Government of Uttar Pradesh,,Performance,Environment and Sustainable Development,2010-11,https://cag.gov.in/en/audit-report/details/9233,/webroot/uploads/download_audit_report/2011/Uttar_Pradesh_Civil_2_2011.pdf,,2026-07-22T13:42:28Z,2/2011
Uttar Pradesh,"Report No. 6 of 2011 - Performance Audit on Compliance with Environmental Laws in Lucknow, Government of Uttar Pradesh",,Performance,Environment and Sustainable Development,2010-11,https://cag.gov.in/en/audit-report/details/9182,/webroot/uploads/download_audit_report/2011/Uttar_Pradesh_City_6_2011.pdf,,2026-07-22T13:42:28Z,6/2011
Uttar Pradesh,Report of 2010 - Financial Audit on State Finance of Government of Uttar Pradesh,,Financial,Finance,2009-10,https://cag.gov.in/en/audit-report/details/9134,/webroot/uploads/download_audit_report/2010/Uttar_Pradesh_State_Finance_2010.pdf,,2026-07-22T13:43:14Z,
Uttar Pradesh,Report of 2010 - Financial Audit on Revenue of Government of Uttar Pradesh,,Financial,Taxes and Duties,2009-10,https://cag.gov.in/en/audit-report/details/9082,/webroot/uploads/download_audit_report/2010/Uttar_Pradesh_Revenue_2010.pdf,,2026-07-22T13:43:14Z,
Uttar Pradesh,"Report of the Comptroller and Auditor General of India No. 4 Commercial for the year ended 31 March 2010,  Government of Uttar  Pradesh",,,Power & Energy,2009-10,https://cag.gov.in/en/audit-report/details/9033,/webroot/uploads/download_audit_report/2010/Uttar_Pradesh_Commercial_2010.pdf,,2026-07-22T13:43:14Z,
Uttar Pradesh,Report of 2010 - Performance Audit on Civil of Government of Uttar Pradesh,,Performance,Information and Communication,2009-10,https://cag.gov.in/en/audit-report/details/8979,/webroot/uploads/download_audit_report/2010/Uttar_Pradesh_civil_2010.pdf,,2026-07-22T13:43:18Z,
Uttar Pradesh,Report of 2009 - Financial Audit on State Finance of Government of Uttar Pradesh,,Financial,Finance,2008-09,https://cag.gov.in/en/audit-report/details/8955,/webroot/uploads/download_audit_report/2009/Uttar_Pradesh_State_Finance_2009.pdf,,2026-07-22T13:44:06Z,
Uttar Pradesh,Report of 2009 - Financial Audit on Revenue of Government of Uttar Pradesh,,Financial,Taxes and Duties,2008-09,https://cag.gov.in/en/audit-report/details/8935,/webroot/uploads/download_audit_report/2009/Uttar_Pradesh_Revenue_2009.pdf,,2026-07-22T13:44:06Z,
Uttar Pradesh,Report of 2009 - Performance  Audit on State Excise Department of Government of Uttar Pradesh,,Performance,Taxes and Duties,2008-09,https://cag.gov.in/en/audit-report/details/8900,/webroot/uploads/download_audit_report/2009/Uttar_Pradesh_Performance_Revenue_2009.pdf,,2026-07-22T13:44:06Z,
Uttar Pradesh,Report of the Comptroller and Auditor General of India for the year ended 31 March 2009 (Commercial) Government of Uttar Pradesh,,,Taxes and Duties,2008-09,https://cag.gov.in/en/audit-report/details/8839,/webroot/uploads/download_audit_report/2009/Uttar_Pradesh_Commercial_2009.pdf,,2026-07-22T13:44:10Z,
Uttar Pradesh,Report of 2009 - Performance and Compliance Audit on Civil of Government of Uttar Pradesh,,Compliance,"Art, Culture and Sports",2008-09,https://cag.gov.in/en/audit-report/details/8805,/webroot/uploads/download_audit_report/2009/Uttar_Pradesh_Civil_2009.pdf,,2026-07-22T13:44:10Z,
Uttarakhand,Report of the Comptroller and Auditor General of India on Functioning of Regional Transport Offices (Report No. 8 of 2025),,,Transport & Infrastructure,2024-25,https://cag.gov.in/en/audit-report/details/124469,/webroot/uploads/download_audit_report/2025/Report-No.-8-of-2025_PA-on-RTO_UK_English_23-12-2025-signed-069b034a052dc00.75012488.pdf,,2026-07-22T13:04:52Z,8/2025
Uttarakhand,Report of the Comptroller and Auditor General of India on Mahatma Gandhi National Rural Employment Guarantee Scheme  (Report No. 6 of 2025),,,Social Welfare,2024-25,https://cag.gov.in/en/audit-report/details/124454,/webroot/uploads/download_audit_report/2025/Report-No.-6-of-2025_PA-on-MGNAREGS_UK_English_signed-21-11-2025-069b03389eefe86.70319852.pdf,,2026-07-22T13:04:52Z,6/2025
Uttarakhand,Report of the Comptroller and Auditor General of India on Implementation of Smart Cities Mission in Dehradun (Report No. 5 of 2025),,,Social Infrastructure,2024-25,https://cag.gov.in/en/audit-report/details/124430,/webroot/uploads/download_audit_report/2025/Report-No.-05-Smart-Cities-UK---19-11-2025-signed-069b02aa24e1a16.54541284.pdf,,2026-07-22T13:04:52Z,5/2025
Uttarakhand,Report of the Comptroller and Auditor General of India on State Public Sector Enterprises for the period ended March 2023 (Report No. 4 of 2025),,Compliance,Power & Energy,2022-23,https://cag.gov.in/en/audit-report/details/124410,/webroot/uploads/download_audit_report/2025/Uttrakhand-SPSEs_Report-No-4_English-19-11-25-signed-069b027136324e4.40790578.pdf,,2026-07-22T13:04:56Z,4/2025
Uttarakhand,Report of the Comptroller and Auditor General of India for the period ended March 2022 (Report No. 3 of 2025),,,,2021-22,https://cag.gov.in/en/audit-report/details/124390,/webroot/uploads/download_audit_report/2025/Report-No.-3-of-2025_CA-Civil_UK_English-(09-09-2025)-069b0249d4babf5.17738626.pdf,,2026-07-22T13:04:56Z,3/2025
Uttarakhand,Report of the Comptroller and Auditor General of India on Implementation of the Namami Gange  Programme by Uttarakhand (Report No. 2 of 2025),,,Social Welfare,2024-25,https://cag.gov.in/en/audit-report/details/124366,/webroot/uploads/download_audit_report/2025/Report-No.-2-of-2025_Namami-Gange_UK_English-(04-07-2025)-069b020170bd314.74984302.pdf,,2026-07-22T13:04:56Z,2/2025
Uttarakhand,Report of the Comptroller and Auditor General of India on State Finances for the year 2023-24 (Report No. 1 of 2025),,Financial,Finance,2023-24,https://cag.gov.in/en/audit-report/details/124346,/webroot/uploads/download_audit_report/2025/Report-No.-1-of-2025_SFAR-2023-24_UK_English-(14-05-2025)-069b0140e54abb8.31950355.pdf,,2026-07-22T13:04:56Z,1/2025
Uttarakhand,Report of the  Comptroller and Auditor General of India  on Welfare of Building and  Other Construction Workers  for the year ended 31 March 2022,,,Social Welfare,2021-22,https://cag.gov.in/en/audit-report/details/121479,/webroot/uploads/download_audit_report/2024/Report-No.-6-of-2024_WBOCW_UK_English-067b72307ba4d00.36216205.pdf,,2026-07-22T13:06:19Z,
Uttarakhand,Report of the Comptroller and Auditor General of India on Functioning of Compensatory Afforestation Fund Management and Planning Authority for the year ended 31 March 2022,,,Environment and Sustainable Development,2021-22,https://cag.gov.in/en/audit-report/details/121451,/webroot/uploads/download_audit_report/2024/Report-No.-5-of-2024_PA-on-CAMPA_UK_English-067b7207df21da8.12397130.pdf,,2026-07-22T13:06:23Z,
Uttarakhand,Report of the  Comptroller and Auditor General of India on  Solid Waste Management in Urban Local Bodies for the year ended 31 March 2022,,,Local Bodies,2021-22,https://cag.gov.in/en/audit-report/details/121429,/webroot/uploads/download_audit_report/2024/Report-No.-4-of-2024_PA-on-SWM-GoUK_English-067b719e9423de6.20500998.pdf,,2026-07-22T13:06:23Z,
Uttarakhand,Performance Audit Report of the  Comptroller and Auditor General of India on Public Health Infrastructure & Management of Health Services  for the year ended 31 March 2022,,Performance,"Education, Health & Family Welfare",2021-22,https://cag.gov.in/en/audit-report/details/121414,/webroot/uploads/download_audit_report/2024/Report-No.-3-of-2024_PA-on-PHIMHS-GoUK_English-067b7164ba564a0.20810756.pdf,,2026-07-22T13:06:23Z,
Uttarakhand,STATE FINANCE AUDIT REPORT OF COMPTROLLER AND AUDITOR GENERAL OF INDIA FOR THE YEAR ENDED 31 MARCH 2023,,Financial,Finance,2022-23,https://cag.gov.in/en/audit-report/details/120471,/webroot/uploads/download_audit_report/2023/Report-No.-2-of-2024_SFAR-2022-23_GoUK__English-066cdb27c9c5d22.24224478.pdf,,2026-07-22T13:07:15Z,
Uttarakhand,STATE FINANCES AUDIT REPORT OF UTTARAKHAND FOR THE YEAR ENDED 31 MARCH 2022,,Financial,Finance,2021-22,https://cag.gov.in/en/audit-report/details/119387,/webroot/uploads/download_audit_report/2021/SFAR-2021-22_UK_Report-No.-1-of-2023_English-06512b50b7d6b07.11932736.pdf,,2026-07-22T13:07:35Z,
Uttarakhand,PERFORMANCE  AUDIT REPORT OF COMPTROLLER AND AUDITOR GENERAL OF INDIA ON INTERGRATED FINANCIAL MANAGEMENT SYSTEM FOR THE YEAR ENDED 31 MARCH 2022,,Performance,Finance,2021-22,https://cag.gov.in/en/audit-report/details/120435,/webroot/uploads/download_audit_report/2022/Report-No.-1-of-2024_PA-on-IFMS-GoUK_English-066cdaba92bce60.44266467.pdf,,2026-07-22T13:08:15Z,
Uttarakhand,State Finance Audit Report of Govt of Uttarakhand ended 31 March 2021,,Financial,Finance,2020-21,https://cag.gov.in/en/audit-report/details/116255,/webroot/uploads/download_audit_report/2021/SFAR-2020-21-Report-No-1-of-2022-English-GoUK-062b43ea935c712-56190395-062b98f69623ce1.30978724.pdf,,2026-07-22T13:09:30Z,
Uttarakhand,Performance Audit Report on  District Hospital Outcomes (Government of Uttarakhand) for the year 2014- 2019,,Performance,"Education, Health & Family Welfare",2020-21,https://cag.gov.in/en/audit-report/details/113396,/webroot/uploads/download_audit_report/2021/Report_No_1_of_2021_Performance_Audit_Report_on_District_Hospital_Outcomes_Government_of_Uttarakhand-06052e6dcd19cf0.04031894.pdf,,2026-07-22T13:10:21Z,
Uttarakhand,State Finance Audit Report for the year ended 31 March 2020,,Financial,,2019-20,https://cag.gov.in/en/audit-report/details/114287,/webroot/uploads/download_audit_report/2020/SAFR 2019-20_Report No. 2 of 2021_English-061399f3a489001.34288658.pdf,,2026-07-22T13:10:37Z,
Uttarakhand,Compliance Audit Report on Government of Uttarakhand for the year ended 31 March 2019,,Compliance,Environment and Sustainable Development,2018-19,https://cag.gov.in/en/audit-report/details/113317,/webroot/uploads/download_audit_report/2020/Report No. 2 of 2020_English_(10-2-2021)-0604c94d75e9fb3.84449564.pdf,,2026-07-22T13:10:46Z,
Uttarakhand,"Report No.1 of 2020 - State Finances, Government of Uttarakhand",,Financial,Finance,2019-20,https://cag.gov.in/en/audit-report/details/112108,/webroot/uploads/download_audit_report/2020/1_of_2020_Uttarakhand-05f8084d3049ab1.15840458.pdf,,2026-07-22T13:10:53Z,1/2020
Uttarakhand,Report No. 2 of 2019 - Government of Uttarakhand,,,Taxes and Duties,2018-19,https://cag.gov.in/en/audit-report/details/56291,/webroot/uploads/download_audit_report/2019/Report_No_2_of_2019_Government_of_Uttarakhand.pdf,,2026-07-22T13:11:38Z,2/2019
Uttarakhand,"Report No. 1 of 2019 - State Finances, Government of Uttarakhand",,Financial,Finance,2018-19,https://cag.gov.in/en/audit-report/details/56272,/webroot/uploads/download_audit_report/2019/Report_No_1_of_2019_State_Finances_Government_of_Uttarakhand.pdf,,2026-07-22T13:11:38Z,1/2019
Uttarakhand,"Report No.2 of 2018 - Performance audit on Reconstruction of Infrastructure Post 2013 Disaster in Uttarakhand, Government of Uttarakhand",,Performance,Social Infrastructure,2017-18,https://cag.gov.in/en/audit-report/details/50258,/webroot/uploads/download_audit_report/2018/Report_No_2_of_2018_Performance_audit_on_Reconstruction_of_Infrastructure_Post_2013_Disaster_in_Uttarakhand_Government_of_Uttarakhand.pdf,,2026-07-22T13:12:10Z,2/2018
Uttarakhand,Report No.2 of 2017 - State Finances Government of Uttarakhand,,Financial,Finance,2017-18,https://cag.gov.in/en/audit-report/details/47292,/webroot/uploads/download_audit_report/2018/Report_No_2_of_2017_-_State_Finances_Government_of_Uttarakhand.pdf,,2026-07-22T13:12:19Z,2/2017
Uttarakhand,Report No.1 of 2018 - Government of Uttarakhand,,,General Sector Ministries and Constitutional Bodies,2017-18,https://cag.gov.in/en/audit-report/details/47283,/webroot/uploads/download_audit_report/2018/Report_No_1_of_2018_-_Government_of_Uttarakhand.pdf,,2026-07-22T13:12:23Z,1/2018
Uttarakhand,"ATIR on Panchayat Raj Institutions & Urban Local Bodies for the year ended 31 March 2017, Government of Uttarakhand.",,Compliance,Local Bodies,2016-17,https://cag.gov.in/en/audit-report/details/116490,/webroot/uploads/download_audit_report/2017/ATIR 2016-17_English-062c68df1a6a024.93837862.pdf,,2026-07-22T13:12:49Z,
Uttarakhand,Report 2 of 2016 - State Finances Uttarakhand,,Financial,Finance,2016-17,https://cag.gov.in/en/audit-report/details/29225,/webroot/uploads/download_audit_report/2017/SFR_Report No. 2_English_2015-16.pdf,,2026-07-22T13:13:28Z,
Uttarakhand,Report No 1 of 2017 - Social General Economic Sectors Uttarakhand,,,Social Infrastructure,2016-17,https://cag.gov.in/en/audit-report/details/29102,/webroot/uploads/download_audit_report/2017/Uttarakhand_Report_No_1_of_2017.pdf,,2026-07-22T13:13:28Z,1/2017
Uttarakhand,"ATIR on Panchayat Raj Institutions & Urban Local Bodies for the year ended 31 March 2016, Government of Uttarakhand.",,Compliance,Local Bodies,2015-16,https://cag.gov.in/en/audit-report/details/116489,/webroot/uploads/download_audit_report/2016/annual technical inspection report on panchayati raj institution and urbanlocal bodies for the year ending 31 march 2016-062c68d1087bb17.26551529.pdf,,2026-07-22T13:13:55Z,
Uttarakhand,Report of 2016 - Uttarakhand State Finances Year 2014-15,,Financial,Finance,2014-15,https://cag.gov.in/en/audit-report/details/28711,/webroot/uploads/download_audit_report/2016/Uttarakhand_State_Finances_Year_Ended_31_03_2015.pdf,,2026-07-22T13:14:04Z,
Uttarakhand,Report 1 of 2016 - Performance Audit Uttarakhand,,Performance,Taxes and Duties,2015-16,https://cag.gov.in/en/audit-report/details/28685,/webroot/uploads/download_audit_report/2016/Report_No_1_of_2016_Uttarakhand.pdf,,2026-07-22T13:14:04Z,
Uttarakhand,"Report No.1 of 2015- Audit of Social, General and Economic Sectors (Non-PSUs); Revenue Sector; and Social & Economic Sector (PSUs), Government of Uttarakhand",,Financial,Finance,2014-15,https://cag.gov.in/en/audit-report/details/118332,/webroot/uploads/download_audit_report/2015/1-064144401dbc256.09190078.pdf,,2026-07-22T13:14:57Z,1/2015
Uttarakhand,Report of C&AG of India ending 31 March 2014 on Govt of Uttarakhand Report No 1 of 2015,,,Finance,2014-15,https://cag.gov.in/en/audit-report/details/118331,/webroot/uploads/download_audit_report/2015/1-064144314a50549.66365061.pdf,,2026-07-22T13:14:57Z,1/2015
Uttarakhand,Report of C&AG of India ending 31 March 2014 on Government of Uttarakhand Report No. 1 of 2015,,,Finance,2014-15,https://cag.gov.in/en/audit-report/details/118320,/webroot/uploads/download_audit_report/2015/1-064144a991ffda5.97386259.pdf,,2026-07-22T13:14:57Z,1/2015
Uttarakhand,"Report No. 1 of 2014 - Performance Audit on Social, Economic, Revenue sector of Government of Uttarakhand",,Performance,Taxes and Duties,2013-14,https://cag.gov.in/en/audit-report/details/540,/webroot/uploads/download_audit_report/2014/Uttarakhand_social_economic_revenue_sector_1_2014.pdf,,2026-07-22T13:21:22Z,1/2014
Uttarakhand,Report of 2014 - Financial Audit on State Finance of Government of Uttarakhand,,Financial,Finance,2013-14,https://cag.gov.in/en/audit-report/details/527,/webroot/uploads/download_audit_report/2014/Uttarakhand_State_Finance_2014.pdf,,2026-07-22T13:21:22Z,
Uttarakhand,Report of 2013 – Financial Audit on State Finance of Government of Uttarakhand,,Financial,,2012-13,https://cag.gov.in/en/audit-report/details/6813,/webroot/uploads/download_audit_report/2013/Uttarakhand_State_Finance_2013.pdf,,2026-07-22T13:31:14Z,
Uttarakhand,Report No. 2 of 2013 – Performance Audit on District Nainital of Government of Uttarakhand,,Performance,,2012-13,https://cag.gov.in/en/audit-report/details/6739,/webroot/uploads/download_audit_report/2013/Uttarakhand_District_Nainital_2_2013.pdf,,2026-07-22T13:31:14Z,2/2013
Uttarakhand,Report No.1 of 2013 -Performance Audit on Social and Public Sectors of Government of Uttarakhand,,Performance,,2012-13,https://cag.gov.in/en/audit-report/details/6639,/webroot/uploads/download_audit_report/2013/Uttarakhand_Social_and_Public_Sector_1_2013.pdf,,2026-07-22T13:31:18Z,1/2013
Uttarakhand,Report of 2011 – Financial Audit on State Finance of Government of Uttarakhand,,Financial,,2010-11,https://cag.gov.in/en/audit-report/details/6576,/webroot/uploads/download_audit_report/2011/Uttarakhand_State_Finance_2011.pdf,,2026-07-22T13:42:47Z,
Uttarakhand,Report No. 2 of 2011 - Performance Audit on Civil of Government of Uttarakhand,,Performance,,2010-11,https://cag.gov.in/en/audit-report/details/6468,/webroot/uploads/download_audit_report/2011/Uttarakhand_Civil_2_2011.pdf,,2026-07-22T13:42:51Z,2/2011
Uttarakhand,Report of 2010 - Financial Audit on State Finance of Government of Uttarakhand,,Financial,,2009-10,https://cag.gov.in/en/audit-report/details/6399,/webroot/uploads/download_audit_report/2010/Uttarakhand_State_Finances_2010.pdf,,2026-07-22T13:43:41Z,
Uttarakhand,Report of 2010 - Performance Audit on Civil of Government of Uttarakhand,,Performance,,2009-10,https://cag.gov.in/en/audit-report/details/6329,/webroot/uploads/download_audit_report/2010/Uttarakhand_Civil_2010.pdf,,2026-07-22T13:43:45Z,
Uttarakhand,Report of 2009 - Financial Audit on State Finance of Government of Uttarakhand,,Financial,,2008-09,https://cag.gov.in/en/audit-report/details/6233,/webroot/uploads/download_audit_report/2009/Uttarakhand_State_Finance_2009.pdf,,2026-07-22T13:44:25Z,
Uttarakhand,Report of 2009 - Performance Audit on Hydropower Development through Private Sector of Government of Uttarakhand,,Performance,,2008-09,https://cag.gov.in/en/audit-report/details/6001,/webroot/uploads/download_audit_report/2009/Uttarakhand_Performance_Audit_2009.pdf,,2026-07-22T13:44:28Z,
Uttarakhand,Report of 2009 - Performance Audit on Civil of Government of Uttarakhand,,Performance,,2008-09,https://cag.gov.in/en/audit-report/details/5854,/webroot/uploads/download_audit_report/2009/Uttarakhand_civil_2009.pdf,,2026-07-22T13:44:28Z,
West Bengal,"Report No. 1 of 2022-State Finances Audit Report, Government of West Bengal of 2020-21",,Financial,Finance,2020-21,https://cag.gov.in/en/audit-report/details/115760,"/webroot/uploads/download_audit_report/2022/Report No. 1 of 2022-State Finances Audit Report, Government of West Bengal of 2020-21-06242e89c2ea151.73306534.pdf",,2026-07-22T13:09:06Z,1/2022
West Bengal,"Report No. 4 of 2021- Performance & Compliance Audit Report, Government of West Bengal of 2019-20",,Compliance,Environment and Sustainable Development,2019-20,https://cag.gov.in/en/audit-report/details/115863,/webroot/uploads/download_audit_report/2021/Report No.4 of 2021_English-06243f94b533ee4.15568552.pdf,,2026-07-22T13:09:39Z,4/2021
West Bengal,"Report No. 2 of 2021-Economic Sector, Revenue Sector and Public Sector Undertakings, Government of West Bengal of 2018-19",,Financial,Environment and Sustainable Development,2018-19,https://cag.gov.in/en/audit-report/details/115844,/webroot/uploads/download_audit_report/2021/Report No. 2 of 2021_English-06243f585016105.52615551.pdf,,2026-07-22T13:09:39Z,2/2021
West Bengal,"Report No. 3 of 2021-State Finances Audit Report, Government of West Bengal of 2019-20",,Financial,Finance,2019-20,https://cag.gov.in/en/audit-report/details/115749,"/webroot/uploads/download_audit_report/2021/Report No. 3 of 2021-State Finances Audit Report, Government of West Bengal of 2019-20-06242e285083613.66201644.pdf",,2026-07-22T13:09:39Z,3/2021
West Bengal,"Report No. 5 of 2021-Compliance Audit Report, Government of West Bengal of 2019-20",,Compliance,General Sector Ministries and Constitutional Bodies,2019-20,https://cag.gov.in/en/audit-report/details/115740,"/webroot/uploads/download_audit_report/2021/Report No. 5 of 2021-Compliance Audit Report, Government of West Bengal of 2019-20-06242de014feb61.38882307.pdf",,2026-07-22T13:09:39Z,5/2021
West Bengal,"Report No. 1 of 2021-General & Social Sector, Government of West Bengal of 2018-19",,,General Sector Ministries and Constitutional Bodies,2018-19,https://cag.gov.in/en/audit-report/details/115722,"/webroot/uploads/download_audit_report/2021/Report No. 1 of 2021-General & Social Sector, Government of West Bengal of 2018-19-06242c6d67bb352.47648409.pdf",,2026-07-22T13:09:39Z,1/2021
West Bengal,"Report No. 3 of 2020-Public Sector Undertakings, Government of West Bengal of 2017-18",,Compliance,Power & Energy,2017-18,https://cag.gov.in/en/audit-report/details/115832,/webroot/uploads/download_audit_report/2020/Report no. 3 of 2020_English-06243f10d6e4b51.68807517.pdf,,2026-07-22T13:10:33Z,3/2020
West Bengal,"Report No. 2 of 2020-Revenue Sector, Government of West Bengal of 2017-18",,Financial,Finance,2017-18,https://cag.gov.in/en/audit-report/details/115806,/webroot/uploads/download_audit_report/2020/Report no. 2 of 2020_English-06243fcb0abe292.60518778.pdf,,2026-07-22T13:10:33Z,2/2020
West Bengal,"Report No. 4 of 2020-State Finances Audit Report, Government of West Bengal of 2018-19",,Financial,Finance,2018-19,https://cag.gov.in/en/audit-report/details/115730,"/webroot/uploads/download_audit_report/2020/Report No. 4 of 2020-State Finances Audit Report, Government of West Bengal of 2018-19-06242cf77b6d6f6.39763840.pdf",,2026-07-22T13:10:33Z,4/2020
West Bengal,"Report No. 1 of 2020-General & Social Sector, Government of West Bengal for 2017-18",,,General Sector Ministries and Constitutional Bodies,2017-18,https://cag.gov.in/en/audit-report/details/115704,"/webroot/uploads/download_audit_report/2020/Report No. 1 of 2020-General & Social Sector, Government of West Bengal for 2017-18-06242b8659849f2.22396198.pdf",,2026-07-22T13:10:33Z,1/2020
West Bengal,"Report No. 2 of 2019-Economic Sector, Government of West Bengal of 2017-18",,,,2017-18,https://cag.gov.in/en/audit-report/details/115796,/webroot/uploads/download_audit_report/2019/Report no. 2 of 2019_English-06243e57d486916.79999086.pdf,,2026-07-22T13:11:14Z,2/2019
West Bengal,"Report No. 1 of 2019-Economic Sector, Government of West Bengal of 2017-18",,,Environment and Sustainable Development,2017-18,https://cag.gov.in/en/audit-report/details/115789,/webroot/uploads/download_audit_report/2019/Report No. 1 of the year 2019-062430652f18d86.91277727.pdf,,2026-07-22T13:11:14Z,1/2019
West Bengal,"Report No. 2 of 2019-Eonomic Sector, Government of West Bengal of 2017-18",,,,2017-18,https://cag.gov.in/en/audit-report/details/115779,/webroot/uploads/download_audit_report/2019/Report no. 2 of 2019_English-062430234282fa5.89126571.pdf,,2026-07-22T13:11:14Z,2/2019
West Bengal,"Report no. 1 of 2019-Economic Sector, Government of West Bengal of 2017-18",,,Environment and Sustainable Development,2017-18,https://cag.gov.in/en/audit-report/details/115772,/webroot/uploads/download_audit_report/2019/Report No. 1 of the year 2019-06242fd437ca8c4.89675244.pdf,,2026-07-22T13:11:14Z,1/2019
West Bengal,"Report No. 3 of 2019-State Finances Audit Report, Government of West Bengal for 2017-18",,Financial,Finance,2017-18,https://cag.gov.in/en/audit-report/details/115712,"/webroot/uploads/download_audit_report/2019/Report No. 3 of 2019_State Finances Audit Report, Government of West Bengal for 2017-18-06242c03fb7f300.21826726.pdf",,2026-07-22T13:11:14Z,3/2019
West Bengal,"Report No.5 of 2018 - Performance Audit of Pollution by Industries in West Bengal, Government of West Bengal",,Performance,Environment and Sustainable Development,2017-18,https://cag.gov.in/en/audit-report/details/52073,/webroot/uploads/download_audit_report/2018/Report_No_5_of_2018_Performance_Audit_of_Pollution_by_Industries_in_West_Bengal_Government_of_West_Bengal.pdf,,2026-07-22T13:12:03Z,5/2018
West Bengal,"Report No.4 of 2018 - Economic Sector, Government of West Bengal",,,Finance,2017-18,https://cag.gov.in/en/audit-report/details/52063,/webroot/uploads/download_audit_report/2018/Report_No_4_of_2018_Economic_Sector_Government_of_West_Bengal.pdf,,2026-07-22T13:12:03Z,4/2018
West Bengal,"Report No.3 of 2018 - Revenue Sector, Government of West Bengal",,Financial,Taxes and Duties,2017-18,https://cag.gov.in/en/audit-report/details/52050,/webroot/uploads/download_audit_report/2018/Report_No_3_of_2018_Revenue_Sector_Government_of_West_Bengal_0.pdf,,2026-07-22T13:12:03Z,3/2018
West Bengal,"Report No.2 of 2018 - Public Sector Undertakings, Government of West Bengal",,Compliance,General Sector Ministries and Constitutional Bodies,2017-18,https://cag.gov.in/en/audit-report/details/52041,/webroot/uploads/download_audit_report/2018/Report_No_2_of_2018_Public_Sector_Undertakings_Government_of_West_Bengal.pdf,,2026-07-22T13:12:10Z,2/2018
West Bengal,"Report No.6 of 2018 - General and Social Sector, Government of West Bengal",,,General Sector Ministries and Constitutional Bodies,2017-18,https://cag.gov.in/en/audit-report/details/51979,/webroot/uploads/download_audit_report/2018/Report_No_6_of_2018_General_and_Social_Sector_Government_of_West_Bengal.pdf,,2026-07-22T13:12:10Z,6/2018
West Bengal,"Report No.1 of 2018 - State Finances, Government of West Bengal",,Financial,Finance,2017-18,https://cag.gov.in/en/audit-report/details/51970,/webroot/uploads/download_audit_report/2018/Report_No_1_of_2018_State_Finances_Government_of_West_Bengal.pdf,,2026-07-22T13:12:10Z,1/2018
West Bengal,Report No. 2 of 2017 - Public Sector Undertakings for the year ended 31 March 2016-Government of West Bengal,,Compliance,Power & Energy,2015-16,https://cag.gov.in/en/audit-report/details/43644,/webroot/uploads/download_audit_report/2017/Report_No.2_of_2017_–_Public_Sector_Undertakings_Government_of_West_Bengal.pdf,,2026-07-22T13:13:07Z,2/2017
West Bengal,Report No. 1 of 2017 on Economic Sector for the year ended 31 March 2016-Government of West Bengal,,,Environment and Sustainable Development,2015-16,https://cag.gov.in/en/audit-report/details/43588,/webroot/uploads/download_audit_report/2017/Report_No.1_of_2017_–_Economic_Sector_Government_of_West_Bengal.pdf,,2026-07-22T13:13:07Z,1/2017
West Bengal,Report No.3 of 2017 - General and Social Sector Government of West Bengal,,,General Sector Ministries and Constitutional Bodies,2016-17,https://cag.gov.in/en/audit-report/details/43283,/webroot/uploads/download_audit_report/2017/Report_No.3_of_2017_–_General_and_Social_Sector_Government_of_West_Bengal.pdf,,2026-07-22T13:13:07Z,3/2017
West Bengal,Report No.5 of 2016 - Revenue Sector Government of West Bengal,,Financial,Taxes and Duties,2015-16,https://cag.gov.in/en/audit-report/details/43573,/webroot/uploads/download_audit_report/2016/Report_No.5_of_2016_–_Revenue_Sector_Government_of_West_Bengal.pdf,,2026-07-22T13:14:00Z,5/2016
West Bengal,Report No.4 of 2016 - State Finances Government of West Bengal,,Financial,Finance,2015-16,https://cag.gov.in/en/audit-report/details/43273,/webroot/uploads/download_audit_report/2016/Report_No.4_of_2016_-_State_Finances_Government_of_West_Bengal.pdf,,2026-07-22T13:14:00Z,4/2016
West Bengal,Report No 1 of 2016 West Bengal Economic Sector,,,Finance,2015-16,https://cag.gov.in/en/audit-report/details/25140,/webroot/uploads/download_audit_report/2016/West_Bengal_Economic_Sector_Report_1_of_2016.pdf,,2026-07-22T13:14:16Z,1/2016
West Bengal,Report No 2 of 2016 West Bengal PSUs,,,Finance,2015-16,https://cag.gov.in/en/audit-report/details/25131,/webroot/uploads/download_audit_report/2016/West_Bengal_PSUs_Report_2_of_2016.pdf,,2026-07-22T13:14:16Z,2/2016
West Bengal,Report No 3 of 2016 - General and Social Sector Government of West Bengal,,,General Sector Ministries and Constitutional Bodies,2015-16,https://cag.gov.in/en/audit-report/details/22881,/webroot/uploads/download_audit_report/2016/West_Bengal_General_and_Social_Sector_Report_3_2016.pdf,,2026-07-22T13:14:32Z,3/2016
West Bengal,Report of 2016 - State Finances Government of West Bengal,,Financial,Finance,2015-16,https://cag.gov.in/en/audit-report/details/22870,/webroot/uploads/download_audit_report/2016/West_Bengal_State_Finances_Report_2015.pdf,,2026-07-22T13:14:32Z,
West Bengal,Report No 1 of 2015 West Bengal Revenue Sector,,Financial,Taxes and Duties,2015-16,https://cag.gov.in/en/audit-report/details/25148,/webroot/uploads/download_audit_report/2016/West_Bengal_Revenue_Sector_Report_1_of_2015.pdf,,2026-07-22T13:15:01Z,1/2015
West Bengal,Report No 3 of 2015 West Bengal PSUs,,,Finance,2015-16,https://cag.gov.in/en/audit-report/details/25121,/webroot/uploads/download_audit_report/2016/West_Bengal_PSUs_Report_3_of_2015.pdf,,2026-07-22T13:15:01Z,3/2015
West Bengal,Report No 4 of 2015 West Bengal Economic Sector,,,Taxes and Duties,2015-16,https://cag.gov.in/en/audit-report/details/25113,/webroot/uploads/download_audit_report/2016/West_Bengal_Economic_Sector_Report_4_of_2015.pdf,,2026-07-22T13:15:01Z,4/2015
West Bengal,Report No 5 of 2015 Revenue Sector West Bengal,,Financial,Taxes and Duties,2015-16,https://cag.gov.in/en/audit-report/details/25099,/webroot/uploads/download_audit_report/2016/West_Bengal_Revenue_Sector_Report_5_of_the_year_2015.pdf,,2026-07-22T13:15:01Z,5/2015
West Bengal,Report No 2 of 2015 - General and Social Sector Government of West Bengal,,,General Sector Ministries and Constitutional Bodies,2015-16,https://cag.gov.in/en/audit-report/details/22889,/webroot/uploads/download_audit_report/2016/West_Bengal_General_and_Social_Sector_Report_2_2014.pdf,,2026-07-22T13:15:01Z,2/2015
West Bengal,Report of 2015 - State Finances Government of West Bengal,,Financial,Finance,2014-15,https://cag.gov.in/en/audit-report/details/22856,/webroot/uploads/download_audit_report/2015/West_Bengal_State_Finances_Report_2014.pdf,,2026-07-22T13:15:10Z,
West Bengal,Report of 2014 – Financial Audit on State Finances of Government of West Bengal,,Financial,,2013-14,https://cag.gov.in/en/audit-report/details/9432,/webroot/uploads/download_audit_report/2014/West_Bengal_State_Finances_2013.pdf,,2026-07-22T13:15:55Z,
West Bengal,Report No. 4 of 2014 – Compliance and Performance Audit on Economic Sector of Government of West Bengal,,Performance,,2013-14,https://cag.gov.in/en/audit-report/details/9368,/webroot/uploads/download_audit_report/2014/West_Bengal_Economic_Sector_4_2014.pdf,,2026-07-22T13:15:55Z,4/2014
West Bengal,Report No. 3 of 2014 – Performance Audit on Public Sector Undertakings of Government of West Bengal,,Performance,,2013-14,https://cag.gov.in/en/audit-report/details/9290,/webroot/uploads/download_audit_report/2014/West_Bengal_Public_Sector_Undertakings_3_2014.pdf,,2026-07-22T13:15:59Z,3/2014
West Bengal,Report No. 2 of 2014 – Compliance and Performance Audit on General and Social Sector of Government of West Bengal,,Performance,Environment and Sustainable Development,2013-14,https://cag.gov.in/en/audit-report/details/9184,/webroot/uploads/download_audit_report/2014/West_Bengal_General_and_Social_Sector_2_2014.pdf,,2026-07-22T13:15:59Z,2/2014
West Bengal,Report No. 1 of 2014 – Compliance and Performance Audit on Revenue Sector of Government of West Bengal,,Performance,Information and Communication,2013-14,https://cag.gov.in/en/audit-report/details/9070,/webroot/uploads/download_audit_report/2014/West_Bengal_Revenue_Sector_1_2014.pdf,,2026-07-22T13:16:02Z,1/2014
West Bengal,Report No. 5 of 2013 - Performance and Compliance Audit on Economic Sector of Government of West Bengal,,Compliance,,2012-13,https://cag.gov.in/en/audit-report/details/9178,/webroot/uploads/download_audit_report/2013/West_Bengal_Economic_Sector_5_2013.pdf,,2026-07-22T13:30:52Z,5/2013
West Bengal,Report No. 4 of 2013 - Performance and Compliance Audit on General and Social Sectors of Government of West Bengal,,Compliance,General Sector Ministries and Constitutional Bodies,2012-13,https://cag.gov.in/en/audit-report/details/9166,/webroot/uploads/download_audit_report/2013/West_Bengal_General_and_Social_Sector_4_2013.pdf,,2026-07-22T13:30:52Z,4/2013
West Bengal,Report No. 3 of 2013 - Performance and Compliance Audit on Public Sector Undertakings of Government of West Bengal,,Compliance,,2012-13,https://cag.gov.in/en/audit-report/details/9138,/webroot/uploads/download_audit_report/2013/West_Bengal_Public_Sector_3_2013.pdf,,2026-07-22T13:30:52Z,3/2013
West Bengal,Report No. 2 of 2013 - Financial Audit on Revenue Sector of Government of West Bengal,,Financial,,2012-13,https://cag.gov.in/en/audit-report/details/9108,/webroot/uploads/download_audit_report/2013/West_Bengal_Revenue_2_2013.pdf,,2026-07-22T13:30:52Z,2/2013
West Bengal,Report No. 1 of 2013 - Financial Audit on State Finance of Government of West Bengal,,Financial,Finance,2012-13,https://cag.gov.in/en/audit-report/details/9091,/webroot/uploads/download_audit_report/2013/West_Bengal_State_Finance_1_2013.pdf,,2026-07-22T13:30:52Z,1/2013
West Bengal,Report of 2011 - Financial Audit on State Finance of Government of West Bengal,,Financial,Finance,2010-11,https://cag.gov.in/en/audit-report/details/9057,/webroot/uploads/download_audit_report/2011/West_Bengal_State_Finances_2011.pdf,,2026-07-22T13:42:28Z,
West Bengal,Report of 2011 - Financial Audit on Revenue of Government of West Bengal,,Financial,,2010-11,https://cag.gov.in/en/audit-report/details/9040,/webroot/uploads/download_audit_report/2011/West_Bengal_Revenue_2011.pdf,,2026-07-22T13:42:28Z,
West Bengal,Report of 2011 - Performance Audit on Commercial of Government of West Bengal,,Performance,,2010-11,https://cag.gov.in/en/audit-report/details/9024,/webroot/uploads/download_audit_report/2011/West_Bengal_Commercial_2011.pdf,,2026-07-22T13:42:28Z,
West Bengal,Report of 2011 - Compliance and Performance Audit on Civil of Government of West Bengal,,Performance,,2010-11,https://cag.gov.in/en/audit-report/details/9015,/webroot/uploads/download_audit_report/2011/West_Bengal_Civil_2011.pdf,,2026-07-22T13:42:28Z,
West Bengal,Report of 2010 - Report on State Finances of Government of West Bengal,,Financial,Finance,2009-10,https://cag.gov.in/en/audit-report/details/9004,/webroot/uploads/download_audit_report/2010/West_Bengal_State_Finances_2010.pdf,,2026-07-22T13:43:18Z,
West Bengal,"Report of 2010 - Performance Audit on Collection of Motor Vehicle Taxes, Fees and Fines of Government of West Bengal",,Performance,,2009-10,https://cag.gov.in/en/audit-report/details/8997,/webroot/uploads/download_audit_report/2010/West_Bengal_Stand_Alone_2010.pdf,,2026-07-22T13:43:18Z,
West Bengal,Report of 2010 - Financial Audit on Revenue of Government of West Bengal,,Financial,,2009-10,https://cag.gov.in/en/audit-report/details/8910,/webroot/uploads/download_audit_report/2010/West_Bengal_Revenue_2010.pdf,,2026-07-22T13:43:18Z,
West Bengal,Report of 2010 - Performance Audit on Commercial of Government of West Bengal,,Performance,,2009-10,https://cag.gov.in/en/audit-report/details/8896,/webroot/uploads/download_audit_report/2010/West_Bengal_Commercial_2010.pdf,,2026-07-22T13:43:18Z,
West Bengal,Report of 2010 - Compliance and Performance Audit on Civil of Government of West Bengal,,Performance,General Sector Ministries and Constitutional Bodies,2009-10,https://cag.gov.in/en/audit-report/details/8884,/webroot/uploads/download_audit_report/2010/West_Bengal_Civil_2010.pdf,,2026-07-22T13:43:18Z,
West Bengal,Report of 2009 - Financial Audit on State Finance of Government of West Bengal,,Financial,Finance,2008-09,https://cag.gov.in/en/audit-report/details/8870,/webroot/uploads/download_audit_report/2009/West_Bengal_State_Finance_2009.pdf,,2026-07-22T13:44:06Z,
West Bengal,Report of 2009 - Financial Audit on Revenue of Government of West Bengal,,Financial,Taxes and Duties,2008-09,https://cag.gov.in/en/audit-report/details/8851,/webroot/uploads/download_audit_report/2009/West_Bengal_Revenue_2009.pdf,,2026-07-22T13:44:06Z,
West Bengal,Report of 2009 - Performance Audit on Commercial of Government of West Bengal,,Performance,,2008-09,https://cag.gov.in/en/audit-report/details/8827,/webroot/uploads/download_audit_report/2009/West_Bengal_commercial_2009.pdf,,2026-07-22T13:44:10Z,
West Bengal,Glossary of Report of 2009 - Compliance and Performance Audit on Civil of Government of West Bengal,,Performance,,2008-09,https://cag.gov.in/en/audit-report/details/8813,/webroot/uploads/download_audit_report/2009/West_Bengal_civil_2009.pdf,,2026-07-22T13:44:10Z,
